【問１】あなたのお住まいの地域を教えてください。,【問２】北陸新幹線 福井・敦賀開業で、お住まいの市町へ良い影響があると思いますか？,上記回答の理由をお答えください（任意）,【問３】北陸新幹線 福井・敦賀開業で、自身の生活へ良い影響があると思いますか？,上記回答の理由をお答えください（任意）,【問４】観光が福井県に与える影響は、「良い影響」の方が「悪い影響」より大きい。,上記回答の理由をお答えください（任意）,【問５】一人の県民として、福井県を訪れる観光客を歓迎したい。,上記回答の理由をお答えください（任意）,【問６】福井県はこれからも観光客の目的地・旅先であり続けるべきだ。,上記回答の理由をお答えください（任意）,【問７】福井県やお住まいの市町、および関連団体による観光振興の取り組みを住民として評価している。,上記回答の理由をお答えください（任意）,【問８】観光客が増加することについてどのように思いますか？,上記回答の理由をお答えください（任意）,【問９】観光客が増加することで期待される効果について、当てはまると思う選択肢をすべてお答えください,上記でその他を回答した方はその理由をお答えください（任意）,【問１０】観光客が増加することで心配される影響について、当てはまると思う選択肢をすべてお答えください,上記でその他を回答した方はその理由をお答えください（任意）,【問１１】観光地として整備する必要があると思われるものについて、当てはまると思う選択肢をすべてお答えください,【問１２】観光客がお住まいの地域に来ることで、自分が住んでいる地域に愛着や誇りを感じる機会がありますか？,【問１３】自分が住んでいる地域を、福井県外の人に自信を持ってお勧めできると感じますか？,上記回答の理由をお答えください（任意）,"【問１４】現在、あなたは福井県での暮らしにどの程度幸せを感じていますか？
「とても不幸」を0点、「とても幸せ」を 10 点とすると、何点になると思いますか。いずれかの数字を1つだけお答えください。",上記回答の理由をお答えください（任意）,"【問１５】今から5年後、あなたは福井県での暮らしにどの程度幸せを感じていると思いますか？
「とても不幸」を0点、「とても幸せ」を 10 点とすると、何点になると思いますか。いずれかの数字を1つだけお答えください。",上記回答の理由をお答えください（任意）,あなたのご年齢を教えてください。,あなたの性別をおしえてください。
永平寺町,とてもそう思う,,とてもそう思う,,とてもそう思う,,とてもそう思う,,とてもそう思う,,とても評価している,,とても好ましい,,"観光客の消費によって飲食業や宿泊業が潤う, 波及効果により他の地場産業が活気づく, 観光客との交流が生まれる",,"騒音やごみの増加, 歴史文化資源の破壊",,"観光スポットを結ぶ交通機関, 観光スポットの案内板や標識（多言語表示）, 障害者や高齢者への配慮（バリアフリー）",5,5,,10,,10,,30～39歳,男性
あわら市,とてもそう思う,,とてもそう思う,,とてもそう思う,,とてもそう思う,,とてもそう思う,,とても評価している,,とても好ましい,,観光客の消費によって飲食業や宿泊業が潤う,,騒音やごみの増加,,観光スポットを結ぶ交通機関,5,5,,10,,10,,70歳以上,男性
鯖江市,あまりそうは思わない,,あまりそうは思わない,,そう思う,,そう思う,,そう思う,,どちらともいえない,,好ましい,,"観光客の消費によって飲食業や宿泊業が潤う, 地域の知名度が上がる, 観光客との交流が生まれる, 歴史文化資源の保存活用につながる, 移住・定住のきっかけとなる",,日常生活に影響が出るほどの不安,,"観光スポットを結ぶ交通機関, トイレ・休憩所等の整備及びユニバーサル化, 観光イベント, 飲食施設",3,2,,6,,4,,30～39歳,女性
福井市,そう思う,,そう思う,,とてもそう思う,,そう思う,,そう思う,,評価している,,とても好ましい,,"観光客の消費によって飲食業や宿泊業が潤う, まちに賑わいが生まれる, 移住・定住のきっかけとなる",,"騒音やごみの増加, 交通渋滞や路上駐車などの交通環境の悪化, 治安の悪化",,"観光スポットを結ぶ交通機関, 飲食施設, 宿泊施設、土産物屋, 駐車場",3,3,,8,,8,,50～59歳,男性
坂井市,あまりそうは思わない,新幹線駅が無いから,ややそう思う,公共交通機関の利便性が上がると思うから,とてもそう思う,,そう思う,,そう思う,,どちらかといえば評価している,,好ましい,,"観光客の消費によって飲食業や宿泊業が潤う, 波及効果により他の地場産業が活気づく, 歴史文化資源の保存活用につながる",,"騒音やごみの増加, 治安の悪化",,"観光スポットを結ぶ交通機関, トイレ・休憩所等の整備及びユニバーサル化, 観光イベント, 障害者や高齢者への配慮（バリアフリー）, 宿泊施設、土産物屋",3,4,,7,,7,,30～39歳,男性
敦賀市,ややそう思う,,あまりそうは思わない,,ややそう思う,道の混雑,ややそう思う,,あまりそうは思わない,,評価していない,,どちらかと言えば好ましくない,,"観光客の消費によって飲食業や宿泊業が潤う, 歴史文化資源の保存活用につながる",,"騒音やごみの増加, 交通渋滞や路上駐車などの交通環境の悪化, 歴史文化資源の破壊, 自然破壊, 治安の悪化",,"観光スポットを結ぶ交通機関, トイレ・休憩所等の整備及びユニバーサル化, 飲食施設, 宿泊施設、土産物屋, 駐車場, 体験施設",4,3,,6,,6,,40～49歳,女性
若狭町,とてもそう思う,,そう思う,,とてもそう思う,,とてもそう思う,,とてもそう思う,,とても評価している,,好ましい,,"観光客の消費によって飲食業や宿泊業が潤う, まちに賑わいが生まれる, 波及効果により他の地場産業が活気づく, 地域の知名度が上がる",,特に心配はない,,"観光スポットを結ぶ交通機関, 観光イベント, 飲食施設, 駐車場",5,5,,10,自然豊かですみやすく、関西圏へのアクセスも悪くないため。,10,,30～39歳,男性
敦賀市,そう思う,観光客が増えていると感じる,そう思う,観光客が増えていると感じる,とてもそう思う,観光も貴重な産業のひとつだと思う,そう思う,福井県にいい印象を持ってもらいたい,ややそう思う,観光資源がある限りはそう思う,どちらかといえば評価している,,好ましい,観光も貴重な産業のひとつだと思う,"観光客の消費によって飲食業や宿泊業が潤う, まちに賑わいが生まれる, 波及効果により他の地場産業が活気づく, 地域の知名度が上がる",,"騒音やごみの増加, 治安の悪化",,"観光スポットを結ぶ交通機関, 飲食施設, 宿泊施設、土産物屋, 観光案内所、観光ガイド, 駐車場",4,3,,8,住みやすいと思う,8,,40～49歳,男性
あわら市,そう思う,,ややそう思う,,あまりそうは思わない,,そう思う,,そう思う,,評価している,,どちらかと言えば好ましい,,"観光客の消費によって飲食業や宿泊業が潤う, まちに賑わいが生まれる, 波及効果により他の地場産業が活気づく, 地域の知名度が上がる, ガイドなど市民参加の場が広がる",,"騒音やごみの増加, 交通渋滞や路上駐車などの交通環境の悪化, 歴史文化資源の破壊, 自然破壊, 治安の悪化",,"観光スポットを結ぶ交通機関, トイレ・休憩所等の整備及びユニバーサル化, 障害者や高齢者への配慮（バリアフリー）, 観光案内所、観光ガイド",4,4,,8,公共交通機関の維持・拡充の取り組みの評価,8,,50～59歳,男性
坂井市,そう思う,観光客が増えたから,ややそう思う,通勤しやすくなったから,あまりそうは思わない,敦賀以西のアクセスが不便になったから,ややそう思う,いろんな人に福井の良さを知ってもらいたいから,ややそう思う,福井のいろんな名所を知ってほしいから,どちらかといえば評価している,,どちらかと言えば好ましい,,"観光客の消費によって飲食業や宿泊業が潤う, まちに賑わいが生まれる",,"騒音やごみの増加, 歴史文化資源の破壊, 自然破壊, 治安の悪化",,観光スポットを結ぶ交通機関,3,4,,7,,7,,30～39歳,女性
越前市,あまりそうは思わない,,そうは思わない,,あまりそうは思わない,,ややそう思う,,ややそう思う,,どちらともいえない,,どちらかと言えば好ましい,,"観光客の消費によって飲食業や宿泊業が潤う, まちに賑わいが生まれる, 波及効果により他の地場産業が活気づく, 地域の知名度が上がる, 観光客との交流が生まれる, 歴史文化資源の保存活用につながる, 移住・定住のきっかけとなる, ガイドなど市民参加の場が広がる",,"騒音やごみの増加, 交通渋滞や路上駐車などの交通環境の悪化, 自然破壊, 治安の悪化",,"観光スポットを結ぶ交通機関, 観光イベント, 飲食施設",3,3,,5,,5,,40～49歳,男性
福井市,とてもそう思う,観光客増加,そう思う,観光客増加による増収,とてもそう思う,各企業の増収,とてもそう思う,福井が賑わう、認知されるのは良いこと,とてもそう思う,福井県は良いところ,評価している,定期的にイベントや対策を実施している,とても好ましい,上述の理由,"観光客の消費によって飲食業や宿泊業が潤う, まちに賑わいが生まれる, 波及効果により他の地場産業が活気づく, 地域の知名度が上がる",,特に心配はない,,"観光スポットを結ぶ交通機関, 観光スポットの案内板や標識（多言語表示）, 飲食施設, 宿泊施設、土産物屋",5,5,多くの観光地がある。海山自然も,10,,10,,40～49歳,男性
越前市,あまりそうは思わない,,ややそう思う,,とてもそう思う,,ややそう思う,,ややそう思う,,とても評価している,,好ましくない,,移住・定住のきっかけとなる,,日常生活に影響が出るほどの不安,,飲食施設,4,4,,2,,5,,30～39歳,男性
福井市,そう思う,東京からの観光客等が増加した。,ややそう思う,,そう思う,,そう思う,,ややそう思う,,どちらかといえば評価している,,どちらかと言えば好ましい,,"観光客の消費によって飲食業や宿泊業が潤う, まちに賑わいが生まれる, 移住・定住のきっかけとなる",,"騒音やごみの増加, 交通渋滞や路上駐車などの交通環境の悪化",,"観光スポットを結ぶ交通機関, 飲食施設",4,4,,8,,6,,50～59歳,男性
越前市,ややそう思う,"越前たけふ駅　駐車場満杯ですね
観光客なのか待ち合わせなのか　カバン持って歩いてる方もいますが車のわりには中はスカスカなんですよね",あまりそうは思わない,新幹線のる用事もなく　車でおでかけしてしまいますし,そう思う,外人さん見る機会がふえ異文化交流ですね,とてもそう思う,マナーのいい人たちがくるのはいいんですけどね,とてもそう思う,恐竜おしもいいですが他の観光地も魅力的なんでうまくつたえてください,評価している,マニアな観光地もうまくいくといいんですが,とても好ましい,経済まわるのはいいことです,まちに賑わいが生まれる,,交通渋滞や路上駐車などの交通環境の悪化,,観光スポットを結ぶ交通機関,3,3,,9,,8,"バスが廃線になってますし
銀行も統合されて近くになくなりましたし
ATMだけでもちかくにあると便利なんですが",50～59歳,男性
越前市,とてもそう思う,,そうは思わない,自身が生活する分には乗り換えが増え不便になった,そう思う,お金を落としてもらう機会が増える,そう思う,,とてもそう思う,,とても評価している,,とても好ましい,,"観光客の消費によって飲食業や宿泊業が潤う, まちに賑わいが生まれる, 波及効果により他の地場産業が活気づく, 地域の知名度が上がる, 観光客との交流が生まれる, 歴史文化資源の保存活用につながる, 移住・定住のきっかけとなる",,"騒音やごみの増加, 交通渋滞や路上駐車などの交通環境の悪化, 治安の悪化",,観光スポットを結ぶ交通機関,3,3,,8,,7,,30～39歳,女性
勝山市,あまりそうは思わない,,あまりそうは思わない,,あまりそうは思わない,,ややそう思う,,ややそう思う,,どちらともいえない,,どちらかと言えば好ましい,,観光客の消費によって飲食業や宿泊業が潤う,,交通渋滞や路上駐車などの交通環境の悪化,,観光スポットを結ぶ交通機関,3,3,,5,,5,,50～59歳,女性
越前市,あまりそうは思わない,駅に人がいない,あまりそうは思わない,,そうは思わない,,とてもそう思う,人が来ることで新しいお店ができるとうれしいから,とてもそう思う,,評価している,,とても好ましい,,"まちに賑わいが生まれる, 波及効果により他の地場産業が活気づく",,交通渋滞や路上駐車などの交通環境の悪化,,"観光スポットを結ぶ交通機関, 観光イベント, 宿泊施設、土産物屋, 体験施設",2,2,,8,,8,,30～39歳,女性
越前市,とてもそう思う,駅周辺開発に期待,あまりそうは思わない,乗らない,全くそうは思わない,,ややそう思う,,とてもそう思う,,どちらかといえば評価している,,どちらかと言えば好ましい,,観光客の消費によって飲食業や宿泊業が潤う,,"騒音やごみの増加, 交通渋滞や路上駐車などの交通環境の悪化",,"観光スポットを結ぶ交通機関, 観光スポットの案内板や標識（多言語表示）, トイレ・休憩所等の整備及びユニバーサル化",3,3,,10,,10,,70歳以上,男性
福井市,そう思う,,そう思う,勤務先への移動に便利,とてもそう思う,,とてもそう思う,,とてもそう思う,,とても評価している,,とても好ましい,,"観光客の消費によって飲食業や宿泊業が潤う, まちに賑わいが生まれる, 歴史文化資源の保存活用につながる, 移住・定住のきっかけとなる",,"騒音やごみの増加, 自然破壊, 治安の悪化",,"トイレ・休憩所等の整備及びユニバーサル化, 観光イベント, 宿泊施設、土産物屋",5,5,,9,,9,,40～49歳,男性
鯖江市,とてもそう思う,,そう思う,,そう思う,,そう思う,,そう思う,,どちらかといえば評価している,,どちらかと言えば好ましい,,"観光客の消費によって飲食業や宿泊業が潤う, まちに賑わいが生まれる, 波及効果により他の地場産業が活気づく",,"騒音やごみの増加, 交通渋滞や路上駐車などの交通環境の悪化, 治安の悪化",,観光スポットを結ぶ交通機関,2,2,,8,,9,,40～49歳,男性
鯖江市,そうは思わない,とても不便になり、人も減った,そうは思わない,,ややそう思う,良い影響は場所による,ややそう思う,ちゃんとした観光客であれば,ややそう思う,バランスが大切,どちらかといえば評価している,,どちらかと言えば好ましい,,観光客の消費によって飲食業や宿泊業が潤う,,"騒音やごみの増加, 交通渋滞や路上駐車などの交通環境の悪化, 歴史文化資源の破壊, 自然破壊, 治安の悪化",,観光スポットを結ぶ交通機関,1,4,,8,,8,,50～59歳,男性
越前市,あまりそうは思わない,サンダーバードが敦賀発着になり、乗り換えが不便になった,あまりそうは思わない,生活は全く変わらないから,ややそう思う,関東からの観光客が増えた,ややそう思う,福井にに良い印象を持ってほしい,そう思う,観光が経済に与える影響は大きいから,どちらかといえば評価している,観光協会が頑張っているように思うから,どちらかと言えば好ましい,オーバーツーリズムにならない程度に,"観光客の消費によって飲食業や宿泊業が潤う, まちに賑わいが生まれる, 観光客との交流が生まれる",,"騒音やごみの増加, 交通渋滞や路上駐車などの交通環境の悪化, 治安の悪化",,"観光スポットを結ぶ交通機関, 観光スポットの案内板や標識（多言語表示）, 宿泊施設、土産物屋, 観光案内所、観光ガイド, 駐車場",4,3,どうも地味に感じてしまう,6,経済的に苦しいから,6,経済的に良くなる未来が見えない,60～69歳,男性
坂井市,とてもそう思う,外国人も増えてとても良い。,とてもそう思う,東京出張へ行きやすくなった,とてもそう思う,テレビ放送で特番が増えたら、知名度が上がっている。,とてもそう思う,まだまだ知られていない観光名所がたくさんあるから,とてもそう思う,何度でもきて欲しいから,評価している,Instagramでよく情報を流している,とても好ましい,活気があって良い,"まちに賑わいが生まれる, 地域の知名度が上がる, 観光客との交流が生まれる",,"騒音やごみの増加, 交通渋滞や路上駐車などの交通環境の悪化",,観光スポットを結ぶ交通機関,5,5,,10,,10,,30～39歳,女性
越前市,とてもそう思う,,そう思う,,とてもそう思う,,とてもそう思う,,とてもそう思う,,評価している,,とても好ましい,,"観光客の消費によって飲食業や宿泊業が潤う, まちに賑わいが生まれる, 波及効果により他の地場産業が活気づく, 地域の知名度が上がる, 歴史文化資源の保存活用につながる",,"騒音やごみの増加, 交通渋滞や路上駐車などの交通環境の悪化, 治安の悪化",特に中国人は心配です,"観光スポットを結ぶ交通機関, 観光マップやパンフレット",3,4,,8,,8,,60～69歳,男性
福井市,とてもそう思う,旅行者の増加,あまりそうは思わない,"良い影響を実感していないから
",とてもそう思う,旅行者の増加,とてもそう思う,リピート客を狙って,とてもそう思う,北陸新幹線の終着駅だから,まったく評価していない,福井県の認知度が低い,とても好ましい,宿泊地や飲食店が活気付くから,"観光客の消費によって飲食業や宿泊業が潤う, まちに賑わいが生まれる, 波及効果により他の地場産業が活気づく, 地域の知名度が上がる, 移住・定住のきっかけとなる, ガイドなど市民参加の場が広がる",,"騒音やごみの増加, 交通渋滞や路上駐車などの交通環境の悪化, 治安の悪化",,"観光スポットを結ぶ交通機関, 観光スポットの案内板や標識（多言語表示）, 観光イベント, 飲食施設, 宿泊施設、土産物屋, 観光案内所、観光ガイド, 駐車場",4,3,新しい魅力的な観光施設や商用施設がないから,8,今のところ暮らしやすい。,4,公共交通機関が不自由にだから,50～59歳,男性
小浜市,とてもそう思う,サバうちゅ効果もあり新幹線効果も期待してます！,あまりそうは思わない,生きているかわかりません(笑),ややそう思う,マナー良い人ばっかりだったらいいですけど時々マナー悪い人もみかけるので。,ややそう思う,歓迎はしても自分には何もできないです。,そう思う,SNSで魅力を伝えて貰えると賑わうと思います。,どちらかといえば評価している,取り組みをあまり知らないので。,好ましい,増加するのは良い事ですね！,"観光客の消費によって飲食業や宿泊業が潤う, まちに賑わいが生まれる, 波及効果により他の地場産業が活気づく, 地域の知名度が上がる, 観光客との交流が生まれる, 歴史文化資源の保存活用につながる, 移住・定住のきっかけとなる, ガイドなど市民参加の場が広がる",過疎化しないように賑わって欲しいです！,"騒音やごみの増加, 交通渋滞や路上駐車などの交通環境の悪化, 歴史文化資源の破壊, 自然破壊, 治安の悪化, 日常生活に影響が出るほどの不安",マナーを守って欲しいですね,"観光スポットを結ぶ交通機関, 観光スポットの案内板や標識（多言語表示）, トイレ・休憩所等の整備及びユニバーサル化, 観光イベント, 障害者や高齢者への配慮（バリアフリー）, 観光マップやパンフレット, 飲食施設, 宿泊施設、土産物屋, 観光案内所、観光ガイド, 駐車場, 体験施設",4,3,道路が悪いのと子供たちでも楽しめる施設とかが少ないです。,5,商店街とかもシャッターが閉まってる所が多いし楽しめる施設が少なくて休みでも行ける所がないのであまり幸せとは思えないです。,5,５年後も変わらないと思います。,40～49歳,男性
福井市,あまりそうは思わない,県民が窮屈な思いや、混雑に巻き込まれて、快適さが減る。,そうは思わない,学生の県外流出が促進され、高齢化社会が進む。,全くそうは思わない,,ややそう思う,,そうは思わない,投資に見合う、効果は見込めない。,どちらかと言えば評価していない,資金の無駄,どちらともいえない,,観光客の消費によって飲食業や宿泊業が潤う,,"騒音やごみの増加, 交通渋滞や路上駐車などの交通環境の悪化, 治安の悪化",,"観光スポットを結ぶ交通機関, 駐車場",3,4,おすすめできるが、来てほしくはない。,7,コンパクトシティとしては、たいていのものが、移動圏内にある。,3,高齢化社会が進むから,50～59歳,男性
大野市,とてもそう思う,県外や海外の客が増えた,とてもそう思う,便がなくなった,そう思う,交通の便がよくなっている,とてもそう思う,福井の良さを知って欲しい,とてもそう思う,いいところだから,とても評価している,宣伝活動,好ましい,賑やかになる,"まちに賑わいが生まれる, 移住・定住のきっかけとなる",,"交通渋滞や路上駐車などの交通環境の悪化, 治安の悪化",,観光スポットを結ぶ交通機関,5,5,自然が魅力,10,,10,災害が少ない,60～69歳,女性
あわら市,あまりそうは思わない,降りるメリット（お店や観光施設、場所）がないから,あまりそうは思わない,乗る場所が離れてるから結局車を使わないといけないから,ややそう思う,変な観光客もいるから（夜中に騒ぐ人とか）,ややそう思う,ちゃんとしてる人には楽しんでもらいたいから,全くそうは思わない,地元のインフラ（街頭が少ない、施設が少ない、交通機関が充実してない）も充実してないのに外にばかり目を向けるのは意味がわからない,どちらかと言えば評価していない,旅行客のリピーターがなさそう,どちらともいえない,盛り上がるのは一部でその他は関係ないから,特に効果は期待できない,単に通過点にしかならなさそうだから。お金を落としていってくれるお店や施設がないもの,"騒音やごみの増加, 歴史文化資源の破壊, 自然破壊, 治安の悪化",現に現在観光地と呼ばれるところに住んでるが観光客には夜中でも騒ぐ人が多くて実害があるから,"観光スポットを結ぶ交通機関, 飲食施設, 駐車場, その他",1,2,お勧めできる場所がほとんどないから,2,県外に旅行に行くと思うがまず公共交通機関がなさすぎる。電車やバスの揺れもひどい。値段も高い。街灯が少ないから夜は真っ暗で、遊びに行く施設や食べるところも少ない。全国的にあるチェーンも福井にないことが多い。,2,あまり変わらないと思うから,30～39歳,女性
鯖江市,ややそう思う,県外の観光客がふえる,ややそう思う,東京にいく手段が増えた,ややそう思う,特急をなくしたから,そう思う,潤う,ややそう思う,,どちらともいえない,あまり改善しない,どちらかと言えば好ましい,,"観光客の消費によって飲食業や宿泊業が潤う, まちに賑わいが生まれる",,交通渋滞や路上駐車などの交通環境の悪化,,"飲食施設, 体験施設",3,1,地元の人でも行きたいところがない,2,雪が降ると不便。一年にかけて降水率が多い,3,,40～49歳,女性
坂井市,そう思う,三国花火が盛り上がるから,ややそう思う,東京に行きやすくなった,そう思う,人が来てくれたら経済が回るから,とてもそう思う,ホスピタリティがない人が多いから,ややそう思う,新しいものは少ないから,どちらかと言えば評価していない,観光地の草など生えっぱなしだったりするから,どちらかと言えば好ましい,マナーの良し悪し,"観光客の消費によって飲食業や宿泊業が潤う, まちに賑わいが生まれる, 移住・定住のきっかけとなる",,"騒音やごみの増加, 歴史文化資源の破壊, 治安の悪化",実際有名温泉などでは事件を聞くから,"観光スポットを結ぶ交通機関, トイレ・休憩所等の整備及びユニバーサル化, 障害者や高齢者への配慮（バリアフリー）, 飲食施設, 宿泊施設、土産物屋, 体験施設",1,3,ホスピタリティのなさ,2,人間の悪さ,3,希望がない,30～39歳,女性
敦賀市,そうは思わない,,全くそうは思わない,,あまりそうは思わない,,そう思う,,あまりそうは思わない,,まったく評価していない,,どちらかと言えば好ましい,,"観光客の消費によって飲食業や宿泊業が潤う, まちに賑わいが生まれる, 波及効果により他の地場産業が活気づく, 地域の知名度が上がる, 観光客との交流が生まれる, 歴史文化資源の保存活用につながる, 移住・定住のきっかけとなる, ガイドなど市民参加の場が広がる",,"騒音やごみの増加, 交通渋滞や路上駐車などの交通環境の悪化, 歴史文化資源の破壊, 自然破壊, 治安の悪化",,"観光イベント, 体験施設",2,4,,4,,3,,40～49歳,無回答
池田町,ややそう思う,,あまりそうは思わない,,とてもそう思う,,とてもそう思う,,とてもそう思う,,とても評価している,,好ましい,,"観光客の消費によって飲食業や宿泊業が潤う, まちに賑わいが生まれる, 波及効果により他の地場産業が活気づく, 地域の知名度が上がる, 観光客との交流が生まれる",,"騒音やごみの増加, 交通渋滞や路上駐車などの交通環境の悪化",,"観光スポットを結ぶ交通機関, 観光スポットの案内板や標識（多言語表示）",5,5,,8,,9,,50～59歳,男性
敦賀市,ややそう思う,大阪にはアクセス抜群だが、大阪から福井県移住には結びついていない気がします,そう思う,北陸新幹線開通により全国的にアクセスしやすくなったから,とてもそう思う,"福井県の知名度が上がる
地域活性化に繋がる",とてもそう思う,人が観光に来ることにより地域が潤うから,とてもそう思う,観光客を呼び寄せない地域は途端に廃れてしまうから,とても評価している,私自身、ふーぽのイベントを見て参加し大変お世話になっているから,とても好ましい,福井県への移住者が増えると思うから,"観光客の消費によって飲食業や宿泊業が潤う, まちに賑わいが生まれる, 波及効果により他の地場産業が活気づく, 地域の知名度が上がる, 移住・定住のきっかけとなる, ガイドなど市民参加の場が広がる",,"交通渋滞や路上駐車などの交通環境の悪化, 治安の悪化",,"観光スポットを結ぶ交通機関, トイレ・休憩所等の整備及びユニバーサル化, 観光イベント, 宿泊施設、土産物屋, 観光案内所、観光ガイド",5,5,,7,,10,,50～59歳,女性
福井市,あまりそうは思わない,関西、東海地域に行くのが面倒になった,あまりそうは思わない,関西、東海地域に行きにくい,ややそう思う,,とてもそう思う,,そう思う,,どちらかといえば評価している,,どちらかと言えば好ましい,,"観光客の消費によって飲食業や宿泊業が潤う, まちに賑わいが生まれる",,"騒音やごみの増加, 交通渋滞や路上駐車などの交通環境の悪化, 歴史文化資源の破壊, 治安の悪化",,"観光スポットを結ぶ交通機関, トイレ・休憩所等の整備及びユニバーサル化, 宿泊施設、土産物屋",3,4,,8,,7,,50～59歳,男性
鯖江市,あまりそうは思わない,鯖江市は特急列車が停車せず、新幹線の駅もないため。,あまりそうは思わない,上記同様。遠方への移動は不便になった。,ややそう思う,首都圏からのアクセスは良くなったと思うが、大阪方面は利便性が下がった。芦原温泉は行きやすくなったと感じる人が多いと思うが、大規模な観光地がバラバラに位置しているため、周遊性があるかは、観光客にとってどう思われるのかは気になります。,とてもそう思う,知名度もまだまだ低く、人口減少も続いている中で、オーバーツーリズムになっている様子もないため、来福して下さる観光客は大事にすべきだと思うから。,とてもそう思う,観光は産業として重要だと考えるため。経済効果的に。,どちらかといえば評価している,頑張っているけど明確な成果が出ているか分からないため。,好ましい,問6同様,"観光客の消費によって飲食業や宿泊業が潤う, まちに賑わいが生まれる, 波及効果により他の地場産業が活気づく, 地域の知名度が上がる, 移住・定住のきっかけとなる",,"騒音やごみの増加, 交通渋滞や路上駐車などの交通環境の悪化, 治安の悪化",,"観光スポットを結ぶ交通機関, 観光スポットの案内板や標識（多言語表示）, トイレ・休憩所等の整備及びユニバーサル化, 観光イベント, 体験施設",1,2,交通網が少なくお勧めしづらい。車がある人にはまだ勧めやすいかなと思う。,6,不便だが、都会のようにうるさくなく、のんびり過ごすことができるため。,6,市民生活は5年では特に変わらないと思うから。,20～29歳,女性
鯖江市,あまりそうは思わない,駅も何も無いから,あまりそうは思わない,遠くから見てるだけ,そう思う,東京から近くなったから,そう思う,地方の良さを知ってほしい,そう思う,,どちらかといえば評価している,,好ましい,,"観光客の消費によって飲食業や宿泊業が潤う, まちに賑わいが生まれる, 地域の知名度が上がる",,"騒音やごみの増加, 交通渋滞や路上駐車などの交通環境の悪化, 治安の悪化",,"観光スポットを結ぶ交通機関, トイレ・休憩所等の整備及びユニバーサル化, 飲食施設, 宿泊施設、土産物屋",3,3,,5,,5,,60～69歳,男性
越前市,あまりそうは思わない,最初は良いが、複数回来たくなるような街ではないので廃れそう,全くそうは思わない,逆に交通が不便になった,ややそう思う,,とてもそう思う,ぜひ魅力を知って欲しい,とてもそう思う,,まったく評価していない,効果が見えないから,とても好ましい,,特に効果は期待できない,,"騒音やごみの増加, 自然破壊, 治安の悪化",,"観光スポットを結ぶ交通機関, トイレ・休憩所等の整備及びユニバーサル化, 観光マップやパンフレット, 飲食施設, 宿泊施設、土産物屋, 駐車場, 体験施設",5,3,,5,,9,,30～39歳,男性
越前市,そう思う,新幹線駅周りの発展,あまりそうは思わない,大阪へは乗り換えが必要になった,そう思う,経済がうるおうから,とてもそう思う,福井の素晴らしさを感じてほしい,とてもそう思う,県民も経済がうるおう,評価している,映画、アニメ、ドラマなどの聖地になるように働きかけると良い,好ましい,経済がうるおう,"観光客の消費によって飲食業や宿泊業が潤う, まちに賑わいが生まれる, 波及効果により他の地場産業が活気づく, 地域の知名度が上がる, 歴史文化資源の保存活用につながる, ガイドなど市民参加の場が広がる",,交通渋滞や路上駐車などの交通環境の悪化,,"観光スポットを結ぶ交通機関, 観光スポットの案内板や標識（多言語表示）, トイレ・休憩所等の整備及びユニバーサル化, 駐車場, 体験施設",5,5,どこもゆっくり見て回れる,10,買い物、イベントなどが混まずに楽しめる,10,楽しく働いていると思うから,50～59歳,女性
大野市,あまりそうは思わない,,あまりそうは思わない,,ややそう思う,,あまりそうは思わない,,ややそう思う,,どちらともいえない,,どちらともいえない,,地域の知名度が上がる,,"騒音やごみの増加, 交通渋滞や路上駐車などの交通環境の悪化",,"観光スポットを結ぶ交通機関, 観光イベント, 宿泊施設、土産物屋",2,2,,4,,3,,30～39歳,女性
越前市,あまりそうは思わない,,そうは思わない,関西方面への移動の手間が増えた,そう思う,,そう思う,,そう思う,,どちらともいえない,,好ましい,,"観光客の消費によって飲食業や宿泊業が潤う, まちに賑わいが生まれる, 波及効果により他の地場産業が活気づく",,特に心配はない,,"体験施設, その他",2,3,,7,,7,,30～39歳,男性
越前市,ややそう思う,観光客を見かけるが車が増えたと思う,ややそう思う,関東へは行きやすくなってディズニーへ行く回数が増えたが関西へは出づらい。,そう思う,福井県の知名度が上がったのでは？,ややそう思う,良さを教えたい,ややそう思う,リピーターの必要性を感じる,どちらかといえば評価している,動きが遅く感じる,どちらかと言えば好ましい,経済効果期待,"観光客の消費によって飲食業や宿泊業が潤う, まちに賑わいが生まれる, 波及効果により他の地場産業が活気づく, 地域の知名度が上がる, 観光客との交流が生まれる, 歴史文化資源の保存活用につながる, 移住・定住のきっかけとなる",,"騒音やごみの増加, 交通渋滞や路上駐車などの交通環境の悪化",実際、交通量が増えている,"観光スポットを結ぶ交通機関, 観光スポットの案内板や標識（多言語表示）, トイレ・休憩所等の整備及びユニバーサル化, 観光イベント, 障害者や高齢者への配慮（バリアフリー）, 観光マップやパンフレット, 飲食施設, 宿泊施設、土産物屋, 観光案内所、観光ガイド, 駐車場, 体験施設",5,3,,8,交通手段が限られる,6,住みやすやさはある,60～69歳,女性
南越前町,全くそうは思わない,人の動きが変わってない気がするから,全くそうは思わない,使用していないので,そう思う,人の往来が増える期待があるから,そう思う,福井の良さを知って貰いたいから,ややそう思う,観光の目的地である必要は無いと思うから,どちらかといえば評価している,色々な所で発信しているから,どちらかと言えば好ましい,賑やかになるから,まちに賑わいが生まれる,,特に心配はない,特思いつかないから,飲食施設,3,4,自然が豊かだから,8,自然が豊かだから,8,自然が豊かだから,60～69歳,男性
福井市,とてもそう思う,結構Xなどでも評判がいい他県から,そうは思わない,,とてもそう思う,SNSで宣伝効果あるため,とてもそう思う,住みやすいため,とてもそう思う,,とても評価している,知事も頑張っているし好感持てる,好ましい,経済も回るし旅館も繁盛するので,観光客の消費によって飲食業や宿泊業が潤う,,"歴史文化資源の破壊, 治安の悪化",,駐車場,5,5,,10,,10,,30～39歳,女性
坂井市,とてもそう思う,,とてもそう思う,,とてもそう思う,,とてもそう思う,,とてもそう思う,,とても評価している,,とても好ましい,,"観光客の消費によって飲食業や宿泊業が潤う, まちに賑わいが生まれる, 波及効果により他の地場産業が活気づく, 地域の知名度が上がる, 観光客との交流が生まれる, 歴史文化資源の保存活用につながる, 移住・定住のきっかけとなる",,"騒音やごみの増加, 交通渋滞や路上駐車などの交通環境の悪化",,"トイレ・休憩所等の整備及びユニバーサル化, 観光イベント",5,1,,3,,3,,50～59歳,男性
福井市,そう思う,大阪への便利が良くなるから,そう思う,,ややそう思う,,そう思う,,そう思う,,どちらかといえば評価している,,どちらかと言えば好ましい,,"観光客の消費によって飲食業や宿泊業が潤う, まちに賑わいが生まれる, 波及効果により他の地場産業が活気づく, 地域の知名度が上がる",,"騒音やごみの増加, 交通渋滞や路上駐車などの交通環境の悪化",,"観光スポットを結ぶ交通機関, 観光スポットの案内板や標識（多言語表示）, トイレ・休憩所等の整備及びユニバーサル化, 観光イベント, 障害者や高齢者への配慮（バリアフリー）, 観光マップやパンフレット, 飲食施設, 宿泊施設、土産物屋, 観光案内所、観光ガイド, 駐車場, 体験施設",3,3,,6,,5,,50～59歳,女性
永平寺町,ややそう思う,人が増えた,そうは思わない,新幹線を使用しない,ややそう思う,,そう思う,,そう思う,,どちらともいえない,,どちらかと言えば好ましい,,"観光客の消費によって飲食業や宿泊業が潤う, まちに賑わいが生まれる",,交通渋滞や路上駐車などの交通環境の悪化,,"トイレ・休憩所等の整備及びユニバーサル化, 観光イベント",3,3,,7,,5,,50～59歳,男性
あわら市,そう思う,,あまりそうは思わない,,そうは思わない,,とてもそう思う,,とてもそう思う,,評価している,,好ましい,,"観光客の消費によって飲食業や宿泊業が潤う, まちに賑わいが生まれる, 波及効果により他の地場産業が活気づく, 地域の知名度が上がる, 観光客との交流が生まれる, 歴史文化資源の保存活用につながる, 移住・定住のきっかけとなる, ガイドなど市民参加の場が広がる",,"騒音やごみの増加, 交通渋滞や路上駐車などの交通環境の悪化",,"観光スポットを結ぶ交通機関, 観光スポットの案内板や標識（多言語表示）, 障害者や高齢者への配慮（バリアフリー）",4,4,,8,,7,,60～69歳,女性
越前町,全くそうは思わない,開業しても観光客が増えたとは思えない,全くそうは思わない,関西に行きにくくなった　不便,そう思う,おとずてくれることはいいこと　だが金沢止まり,そう思う,福井県のイメージアップができれば,全くそうは思わない,観光地がないのにダメ　東尋坊はイメージ悪い　,どちらかといえば評価している,力入れていると思う,好ましい,賑やかで観光客商売の人はいいのでは,"観光客の消費によって飲食業や宿泊業が潤う, まちに賑わいが生まれる, 地域の知名度が上がる",,騒音やごみの増加,,観光スポットを結ぶ交通機関,1,2,,3,交通が不便,2,交通と人口,60～69歳,男性
あわら市,そう思う,駅前で観光客を見かけるのが増えた,そう思う,,とてもそう思う,人が増えて賑わえば、いろんな店などが増えてもっと活性化されると思う,とてもそう思う,"恐竜博物館など世界に誇れるところがある。
人ごみも都会に比べると少なくて、ストレスなく過ごせる",とてもそう思う,活気づかないと衰退してしまう,どちらともいえない,芦原温泉駅前など店などが、少ないため、一回来た人は閑散としていて拍子抜けしリピートは少ないのではと、感じる。,好ましい,ある程度は賑やかになったほうが経済がうまれるのではないか。集まったお金の使い道にもよると思いますが。,"観光客の消費によって飲食業や宿泊業が潤う, まちに賑わいが生まれる, 波及効果により他の地場産業が活気づく, 地域の知名度が上がる, 観光客との交流が生まれる",,"騒音やごみの増加, 交通渋滞や路上駐車などの交通環境の悪化",,"観光スポットを結ぶ交通機関, 観光イベント, 飲食施設",4,3,,7,,5,あまり観光客も増えず、変わらないのではないかと思う,30～39歳,男性
坂井市,とてもそう思う,観光地に賑わいがある,そう思う,軽井沢や東京が近くなった,そう思う,福井の情報が 全国区で 放送されている,とてもそう思う,食が美味しいし、恐竜、カニ 歴史 東尋坊、三方五湖 紹介できる場所が多い,とてもそう思う,そばも美味しいし、温泉地も点在しているし、来て欲しい,評価している,パンフレットが増えて 県民も嬉しい,とても好ましい,福井が潤うから,"観光客の消費によって飲食業や宿泊業が潤う, まちに賑わいが生まれる, 地域の知名度が上がる, 歴史文化資源の保存活用につながる, 移住・定住のきっかけとなる",,治安の悪化,,"観光スポットを結ぶ交通機関, 観光スポットの案内板や標識（多言語表示）, 飲食施設, 宿泊施設、土産物屋",5,5,海も山もあり 見所が多いから,9,生活しやすい,8,交通機関の充実を望みます,50～59歳,女性
福井市,そう思う,観光が増加する。,そう思う,都会へのアクセスが良くなる。,とてもそう思う,デメリットを感じない。,そう思う,経済効果がある。,ややそう思う,どちらかといえばそう。,どちらかといえば評価している,,どちらかと言えば好ましい,メリットの方が上回る。,"観光客の消費によって飲食業や宿泊業が潤う, 地域の知名度が上がる",,"騒音やごみの増加, 交通渋滞や路上駐車などの交通環境の悪化",,"観光スポットを結ぶ交通機関, 体験施設",3,4,食と自然。,2,職が限られる。,2,人口が減り、高齢化が進む。,50～59歳,男性
南越前町,ややそう思う,,ややそう思う,駅が近く　駐車場もあるから,そう思う,,ややそう思う,,ややそう思う,,どちらかといえば評価している,,どちらかと言えば好ましい,,観光客の消費によって飲食業や宿泊業が潤う,,"騒音やごみの増加, 交通渋滞や路上駐車などの交通環境の悪化",,"観光スポットを結ぶ交通機関, 観光スポットの案内板や標識（多言語表示）, トイレ・休憩所等の整備及びユニバーサル化, 観光マップやパンフレット, 宿泊施設、土産物屋, 駐車場",3,4,,7,,5,,60～69歳,女性
越前市,ややそう思う,観光客の増加が期待されるため,ややそう思う,東京方面に直通で行けるようになったため,そう思う,飲食、土産物などで消費してくれる,そう思う,観光客の増加を一時的に終わらせないため,あまりそうは思わない,観光に関する投資が少なすぎる,どちらともいえない,観光のハード面の投資が少ない,好ましい,地域の経済が活性化する,"観光客の消費によって飲食業や宿泊業が潤う, まちに賑わいが生まれる, 波及効果により他の地場産業が活気づく, 地域の知名度が上がる, 観光客との交流が生まれる, 歴史文化資源の保存活用につながる, 移住・定住のきっかけとなる, ガイドなど市民参加の場が広がる",,特に心配はない,,"観光スポットを結ぶ交通機関, 観光スポットの案内板や標識（多言語表示）, トイレ・休憩所等の整備及びユニバーサル化, 飲食施設, 宿泊施設、土産物屋, 体験施設",5,3,全国的な観光資源が少ないから,5,閉鎖的なところが住みにくい,3,期待を持たせる政策が見えてこない,60～69歳,男性
越前市,ややそう思う,越前たけふで降りる人は少なそう,あまりそうは思わない,,ややそう思う,関東からは来やすくなった,とてもそう思う,いいところがいっぱいあるから,とてもそう思う,親が飲食店を経営しているから,どちらかといえば評価している,なんかやっている感はあるが、PRが下手かな,好ましい,中国人は不要,"観光客の消費によって飲食業や宿泊業が潤う, 観光客との交流が生まれる",,自然破壊,,"観光スポットを結ぶ交通機関, 体験施設",5,5,,8,,8,,50～59歳,男性
福井市,あまりそうは思わない,,そうは思わない,,そうは思わない,,ややそう思う,,ややそう思う,,評価していない,,どちらともいえない,,特に効果は期待できない,,治安の悪化,,観光スポットを結ぶ交通機関,2,2,,4,,3,,50～59歳,男性
福井市,そう思う,県外からの観光客で街が賑わっている,そう思う,仕事が増える,そう思う,経済効果が大きいから,とてもそう思う,福井県はおもてなしの県だから,とてもそう思う,福井県は観光も食もいいところが沢山あるから,評価している,県外の方にもっとPRしてほしい,好ましい,経済効果が高まり財源に繋がるから,"観光客の消費によって飲食業や宿泊業が潤う, まちに賑わいが生まれる, 地域の知名度が上がる, 観光客との交流が生まれる, 移住・定住のきっかけとなる",,"騒音やごみの増加, 自然破壊, 治安の悪化",,"観光スポットを結ぶ交通機関, 観光イベント, 飲食施設, 宿泊施設、土産物屋, 体験施設",4,3,環境や設備、インフラなどまだまだ伸びしろがあると思うから,7,自然が豊かだから,8,自分のしたい事が福井県にはあるから,50～59歳,男性
福井市,とてもそう思う,観光客が来やすくなり、福井で買い物したり名所に寄ったり、全国の人に福井を知ってもらえるから。,とてもそう思う,東京へ転勤してしまった彼に新幹線で会いに行きやすいから。,とてもそう思う,福井県の人が、自分の住む県に対して自信がもてるから。,とてもそう思う,小さな親切が、波及して後により多くの観光客を呼べるかもしれないから。,とてもそう思う,まずはより多くの人に福井県を知ってもらわないことには、何も始まらないから。,どちらかといえば評価している,発信力にまだまだ伸び代があると思います。,とても好ましい,地域の小売が潤うから,"観光客の消費によって飲食業や宿泊業が潤う, まちに賑わいが生まれる, 波及効果により他の地場産業が活気づく, 地域の知名度が上がる, 移住・定住のきっかけとなる",,特に心配はない,,"観光スポットを結ぶ交通機関, 観光スポットの案内板や標識（多言語表示）, トイレ・休憩所等の整備及びユニバーサル化, 障害者や高齢者への配慮（バリアフリー）, 飲食施設, 宿泊施設、土産物屋, 駐車場, 体験施設",5,5,とにかく治安が良い！市内にすんでますが、10分ほど車を走らせると山も海もあり自然が豊だから。,9,あと1点足りないのは、公共交通機関の利便性が今ひとつだから。車社会なので仕方ないですが。,10,子供たちも結婚し、孫に囲まれてると思うから,50～59歳,女性
大野市,あまりそうは思わない,,ややそう思う,,ややそう思う,,そう思う,,ややそう思う,,どちらともいえない,,どちらかと言えば好ましい,,"波及効果により他の地場産業が活気づく, 歴史文化資源の保存活用につながる",,"交通渋滞や路上駐車などの交通環境の悪化, 治安の悪化",,"観光スポットを結ぶ交通機関, 観光スポットの案内板や標識（多言語表示）",3,3,,8,,8,,60～69歳,男性
大野市,ややそう思う,県外ナンバーの車をよく見かけるから,あまりそうは思わない,名古屋行くのが大変になったから,そう思う,お金使ってくれるから,そう思う,お金使ってくれるから,そう思う,お金使ってくれるから,評価している,勝山市とか頑張ってるから,好ましい,お金使ってくれるから,"観光客の消費によって飲食業や宿泊業が潤う, まちに賑わいが生まれる, 地域の知名度が上がる, 移住・定住のきっかけとなる",,治安の悪化,詐欺が増えてそう,"トイレ・休憩所等の整備及びユニバーサル化, 観光イベント, 駐車場, 体験施設",1,2,大野市は観光地無さそうで案内出来ないから,2,大野市雪多いから,1,大野市雪多いし、車無いと生活できないから,40～49歳,女性
福井市,そう思う,観光客が増えた、,あまりそうは思わない,大阪方面への移動に乗り換えが必要になって不便。,そう思う,"悪い影響があると感じない。
",とてもそう思う,当然の事では？,そう思う,福井市内に魅力的な場所が無いのが残念ですが,どちらともいえない,取り組みに対して余り知らないから,好ましい,経済効果,"観光客の消費によって飲食業や宿泊業が潤う, まちに賑わいが生まれる, 地域の知名度が上がる, 観光客との交流が生まれる",,特に心配はない,,"トイレ・休憩所等の整備及びユニバーサル化, 観光イベント, 障害者や高齢者への配慮（バリアフリー）",4,4,特になし,10,満足,10,特に無し,70歳以上,男性
福井市,ややそう思う,駅前に人が増えた,ややそう思う,東京へは行きやすくなった,ややそう思う,入り込みは増えたから,あまりそうは思わない,サービスが値上がりする,あまりそうは思わない,観光客がきても自分には恩恵がない,どちらともいえない,,どちらともいえない,,まちに賑わいが生まれる,,"騒音やごみの増加, 交通渋滞や路上駐車などの交通環境の悪化",,"観光イベント, 駐車場",3,3,,6,飯はうまい,6,,60～69歳,男性
あわら市,そう思う,,そう思う,,全くそうは思わない,,とてもそう思う,,とてもそう思う,,どちらかといえば評価している,,好ましい,,"観光客の消費によって飲食業や宿泊業が潤う, 地域の知名度が上がる, 歴史文化資源の保存活用につながる",,"騒音やごみの増加, 交通渋滞や路上駐車などの交通環境の悪化, 治安の悪化",,"観光スポットを結ぶ交通機関, 観光イベント, 体験施設",2,3,,7,,7,,30～39歳,男性
敦賀市,そう思う,東京のお友達などを誘いやすくなったし、相手もきやすいといってるから。,ややそう思う,お店などが増えて嬉しい,そうは思わない,混雑するところが増えたから,とてもそう思う,観光客が増えることは、経済効果があるから,とてもそう思う,とてもいいところなのにアピールができていなかったと感じる,評価している,米澤市長になって、街もきれいになり、観光アピールも少し増えていると感じる,とても好ましい,街が賑わう,"観光客の消費によって飲食業や宿泊業が潤う, まちに賑わいが生まれる, 波及効果により他の地場産業が活気づく, 地域の知名度が上がる, 移住・定住のきっかけとなる, ガイドなど市民参加の場が広がる",来訪者でにぎわわないと、街は活気がでない。,"騒音やごみの増加, 交通渋滞や路上駐車などの交通環境の悪化, 治安の悪化, 日常生活に影響が出るほどの不安",普通の暮らしは続けたい。オーバーツーリズムはこまる。,"観光スポットを結ぶ交通機関, トイレ・休憩所等の整備及びユニバーサル化, 観光イベント, 観光マップやパンフレット, 飲食施設, 宿泊施設、土産物屋, 観光案内所、観光ガイド, 駐車場, 体験施設",5,5,夏は海、冬はカニ。　軽井沢などリゾートでできることをよりコンパクトに、お安く体験できる街だとおもうから。,9,最高。ちょっと都会から遠い,9,ご飯も美味しい、おだやか、都会から少し遠い。歳をとってこそここにいたい。,30～39歳,女性
鯖江市,あまりそうは思わない,新幹線により県外からのお客様が増えたかどうかは車社会やでわからない,ややそう思う,やはり福井を知ってもらう機会にはなったから,あまりそうは思わない,せっかく来てくれてるから,そう思う,そんな魅力もないのに来てくれるから,そう思う,だいぶ変わったけどまだまだ努力して誘致するべき,どちらともいえない,電車の乗り継ぎなどなにも良くなっていないから,好ましい,福井県なんて人口が少ないのだから観光客がきてくれたってなんの問題もない,"観光客の消費によって飲食業や宿泊業が潤う, まちに賑わいが生まれる",,特に心配はない,,"観光スポットを結ぶ交通機関, 観光スポットの案内板や標識（多言語表示）, 観光イベント, 観光マップやパンフレット, 飲食施設, 体験施設",1,3,メガネしかないけど、そのメガネが浸透しているから,2,歳とったら雪かきや交通などの足がない,1,車が運転できなければどこにもいけなくなるから買い物すら危うい,40～49歳,女性
鯖江市,あまりそうは思わない,鯖江なので,そう思う,新幹線の駐車場を利用できるから,そう思う,新幹線の影響,そう思う,一度来ていただき、将来の永住には繋がると良いと思います,そう思う,宿泊をしてお金を使ってもらう,どちらかといえば評価している,まだまだ弱い,好ましい,福井県をもっと全国に広げていきたい,"観光客の消費によって飲食業や宿泊業が潤う, まちに賑わいが生まれる, 波及効果により他の地場産業が活気づく, 地域の知名度が上がる, 観光客との交流が生まれる, 歴史文化資源の保存活用につながる, 移住・定住のきっかけとなる",,"騒音やごみの増加, 交通渋滞や路上駐車などの交通環境の悪化, 治安の悪化",,"観光スポットを結ぶ交通機関, 観光スポットの案内板や標識（多言語表示）, トイレ・休憩所等の整備及びユニバーサル化, 障害者や高齢者への配慮（バリアフリー）, 宿泊施設、土産物屋, 駐車場, 体験施設",2,3,,8,,7,,60～69歳,男性
鯖江市,そう思う,,ややそう思う,越前たけふ駅が、駐車場無料は有難い。でも名古屋や大阪には行きづらくなった。,全くそうは思わない,観光客で潤ってほしい,とてもそう思う,福井県に来てくれるなんて　ありがとう♪,とてもそう思う,過疎にならないように,どちらかといえば評価している,ふくアプリなど仕組みが、ちょっとややこしい,とても好ましい,活気が出る　,"観光客の消費によって飲食業や宿泊業が潤う, まちに賑わいが生まれる, 地域の知名度が上がる, 観光客との交流が生まれる, ガイドなど市民参加の場が広がる",,"騒音やごみの増加, 交通渋滞や路上駐車などの交通環境の悪化, 自然破壊",イベントの時の駐車場をもっと頑張って　　,"トイレ・休憩所等の整備及びユニバーサル化, 観光イベント, 飲食施設, 駐車場, 体験施設",5,4,サンドーム　自然　,8,まあまあ　いい感じ,8,それほど変わりなさそう,50～59歳,女性
福井市,そうは思わない,沿線から離れている為,とてもそう思う,関西や中国地域の家族が頻繁に帰省する,そう思う,飲食店などブラッシュアップさる,そう思う,自分が他の地域で歓迎されたら嬉しいから,そう思う,,どちらともいえない,恐竜作成費用、やホテル建設に大きな補助をしていると思う。防災を優先など、他の大事な部分に予算が回っていると思えない,どちらかと言えば好ましい,,"観光客の消費によって飲食業や宿泊業が潤う, 波及効果により他の地場産業が活気づく, 歴史文化資源の保存活用につながる",,"騒音やごみの増加, 交通渋滞や路上駐車などの交通環境の悪化",,"観光スポットの案内板や標識（多言語表示）, 駐車場",3,3,,8,,8,,50～59歳,女性
福井市,そう思う,,ややそう思う,,とてもそう思う,,とてもそう思う,,とてもそう思う,,評価している,,好ましい,,"観光客の消費によって飲食業や宿泊業が潤う, 波及効果により他の地場産業が活気づく, 地域の知名度が上がる, 観光客との交流が生まれる",,"交通渋滞や路上駐車などの交通環境の悪化, 治安の悪化",,"観光スポットを結ぶ交通機関, 観光スポットの案内板や標識（多言語表示）, トイレ・休憩所等の整備及びユニバーサル化, 障害者や高齢者への配慮（バリアフリー）, 飲食施設, 観光案内所、観光ガイド, 駐車場",4,4,,10,,10,,50～59歳,男性
勝山市,そう思う,,あまりそうは思わない,,そう思う,,ややそう思う,,そう思う,,どちらかといえば評価している,,どちらかと言えば好ましい,,"観光客の消費によって飲食業や宿泊業が潤う, まちに賑わいが生まれる, 地域の知名度が上がる",,"騒音やごみの増加, 交通渋滞や路上駐車などの交通環境の悪化, 自然破壊, 治安の悪化",,"観光スポットの案内板や標識（多言語表示）, トイレ・休憩所等の整備及びユニバーサル化, 障害者や高齢者への配慮（バリアフリー）, 飲食施設, 宿泊施設、土産物屋",1,3,,8,,8,,40～49歳,女性
坂井市,あまりそうは思わない,"名古屋、大阪などの電車の乗り継ぎ悪化
以西からの仕事での来訪者からもこの問題をよく言われる",ややそう思う,東京へのアクセスが良くなった,そうは思わない,"観光に来てもらえる方が増えることは福井県民にとってありがたいと思うが、観光の場所が全て離れており、車なしの行動は難しい
移動時間が半分以上を占める",とてもそう思う,活性化される,とてもそう思う,"北陸新幹線に乗って思うが、大半の乗降者は金沢、福井ではほんの一部の方のみ
もっと福井をアピールできる美味しいのものを食べることができる施設や観光名所が必要
なぜ金沢にはあんなに人が行くのか何が違うのか、、、をもっと考えなければならない",評価している,福井に来てもらうことができるよう一生懸命考えていただいている,とても好ましい,活性化される,"まちに賑わいが生まれる, 波及効果により他の地場産業が活気づく","福井駅に降りると、とても閑散としている
いつも賑わいのある駅になって欲しい",特に心配はない,"観光客が増えれば、環境は変わるのは当然
それを受け入れる県民の心持ちは重要

インフラの整備は必須","観光スポットを結ぶ交通機関, 飲食施設, 宿泊施設、土産物屋",3,3,どこも閑散としている,7,生活面では不自由なく過ごせる,7,大きく変わっていないと思う,40～49歳,男性
敦賀市,そう思う,観光客の増加,あまりそうは思わない,観光客との関わりがない。,ややそう思う,混雑の慢性化,ややそう思う,観光業との関わりがない。,そう思う,重要な産業となっている。,どちらともいえない,観光客の増加が頭打ち。,どちらかと言えば好ましい,地域が活性化する。,"観光客の消費によって飲食業や宿泊業が潤う, 波及効果により他の地場産業が活気づく, 地域の知名度が上がる",,"騒音やごみの増加, 交通渋滞や路上駐車などの交通環境の悪化, 歴史文化資源の破壊, 自然破壊, 治安の悪化",,"観光スポットを結ぶ交通機関, トイレ・休憩所等の整備及びユニバーサル化, 障害者や高齢者への配慮（バリアフリー）, 宿泊施設、土産物屋, 駐車場",3,2,自然や歴史以外の売りに乏しい。,4,医療格差、道路環境が良くない。車を持たないと大変不便である。,4,5年で環境が改善されるとは思えない。,60～69歳,男性
越前市,ややそう思う,,とてもそう思う,,あまりそうは思わない,,とてもそう思う,,そう思う,,どちらかといえば評価している,,とても好ましい,,"観光客の消費によって飲食業や宿泊業が潤う, まちに賑わいが生まれる, 地域の知名度が上がる",,"交通渋滞や路上駐車などの交通環境の悪化, 治安の悪化",,"観光スポットの案内板や標識（多言語表示）, トイレ・休憩所等の整備及びユニバーサル化, 障害者や高齢者への配慮（バリアフリー）, 飲食施設, 駐車場",2,4,,6,,8,,70歳以上,男性
福井市,ややそう思う,駅や、駅前の区画が急速に他都市のレベルまで発展したように思います。県外の友達にも好評です。,そう思う,東京に行きやすくなったと思う。これまで東京は遠い存在に感じていたけれども、関西圏と同じくらいの感じがする。,とてもそう思う,外国人の方が増えた。しかも、他県観光地ほどまだメジャーでない分、荒らされていない感じがする。,とてもそう思う,福井を選んでくれたことそのものが嬉しい。,ややそう思う,途中の休憩所でもいい気がしています。最終目標になるより、移住してほしい。,どちらかといえば評価している,知名度は上がったように思います。昔は県名を出せば東北や九州と思う人もいて肩身が狭かったですが、北陸新幹線のおかげで「東京から乗り継ぎなしで行ける」とメジャーになった気がする。,どちらかと言えば好ましい,急激に増えすぎると対策が大変だと思う。観光地が点在しているので、レンタカー利用が増えて公共交通機関が発展しない。,"観光客の消費によって飲食業や宿泊業が潤う, まちに賑わいが生まれる, 地域の知名度が上がる, 移住・定住のきっかけとなる",,"騒音やごみの増加, 交通渋滞や路上駐車などの交通環境の悪化",ゴミ箱などの設置が少ないように感じます。,"観光スポットを結ぶ交通機関, 飲食施設, 宿泊施設、土産物屋, 観光案内所、観光ガイド, 駐車場",5,5,,5,治安がよさそうに見えますが実はあまりよくない。プランターを買い花を植えれば翌日大体盗まれる。郊外だがときどき人が暴れる。,5,年を取っていくにつれ、車がないと生きられない社会は厳しい。ついでに仕事もあまりない。高卒では転職もままならない。,50～59歳,女性
福井市,そう思う,駅付近、観光地、繁華街は人が増えて商いには影響はあるはず。,とてもそう思う,自宅の神奈川へ行き来しやすい,そう思う,県の活性化を考えるきっかけになる,そう思う,,とてもそう思う,県民が保守的なところが変わることにつながるはず。,どちらかと言えば評価していない,リピート客を増やす施策がない。,好ましい,商いに影響がある、但しインバウンド頼りにしないことが望ましい,"観光客の消費によって飲食業や宿泊業が潤う, まちに賑わいが生まれる, 波及効果により他の地場産業が活気づく, 地域の知名度が上がる, 移住・定住のきっかけとなる",,特に心配はない,,"観光スポットを結ぶ交通機関, 観光スポットの案内板や標識（多言語表示）, 観光イベント, 観光マップやパンフレット, 飲食施設, 宿泊施設、土産物屋",3,4,魚、酒が美味しい。渋滞が少ない。,7,酒、魚が美味しい。職場の仲間がよい。,1,9月末に引越すためいません,50～59歳,男性
坂井市,あまりそうは思わない,基本　車が無いと動きにくい,あまりそうは思わない,関西　中京への便が悪くなった,ややそう思う,まだ　外国人からの被害を目にしていないから,そう思う,福井をもっと知って欲しい,そう思う,,どちらかといえば評価している,,好ましい,,地域の知名度が上がる,,"自然破壊, 治安の悪化",,"観光スポットを結ぶ交通機関, トイレ・休憩所等の整備及びユニバーサル化, 障害者や高齢者への配慮（バリアフリー）",3,4,,9,,9,,70歳以上,男性
鯖江市,ややそう思う,鯖江駅には停まらないので、ただ来る人は増えるかな？と,ややそう思う,今のところ利用する事はないので,そう思う,,とてもそう思う,,とてもそう思う,,どちらともいえない,取り組んでいるのだろうけどあまり住民には見えないから,とても好ましい,,"観光客の消費によって飲食業や宿泊業が潤う, まちに賑わいが生まれる, 波及効果により他の地場産業が活気づく, 地域の知名度が上がる, 観光客との交流が生まれる, 移住・定住のきっかけとなる",,特に心配はない,今のところそこまでではないから,"観光スポットを結ぶ交通機関, トイレ・休憩所等の整備及びユニバーサル化, 障害者や高齢者への配慮（バリアフリー）, 観光マップやパンフレット, 宿泊施設、土産物屋, 体験施設",2,5,,8,ただ単純に生活しやすいから　環境もいいと思います,8,,50～59歳,男性
福井市,ややそう思う,インスタグラムやYouTubeなどで有名な方が来福されているのを拝見する機会が増えたから。,全くそうは思わない,電車で関西や東海へ出かける事が面倒になった,ややそう思う,関東方面からはｋ便利になったから,そう思う,,そう思う,,評価している,,どちらかと言えば好ましい,,まちに賑わいが生まれる,,交通渋滞や路上駐車などの交通環境の悪化,,"観光スポットを結ぶ交通機関, トイレ・休憩所等の整備及びユニバーサル化, 障害者や高齢者への配慮（バリアフリー）, 観光マップやパンフレット, 飲食施設",2,3,,5,,5,,40～49歳,男性
福井市,そう思う,観光客が増えたと思う（近所のヨーロッパ軒に行列ができている）,そう思う,東京へ行きやすくなった,そう思う,,そう思う,,そう思う,,評価している,,好ましい,,"観光客の消費によって飲食業や宿泊業が潤う, まちに賑わいが生まれる, 波及効果により他の地場産業が活気づく, 移住・定住のきっかけとなる",,特に心配はない,,観光スポットを結ぶ交通機関,3,4,食べ物が美味しいから,8,,8,,40～49歳,女性
福井市,そう思う,SNS等見ていても明らかに福井に旅行に来た書き込みが増えたと感じるから,ややそう思う,東京へのアクセスが格段に良くなったと感じるから,そう思う,恐竜や石田知事の印象が良い。以前の何もないイメージを払拭できていると思う。,とてもそう思う,自分自身が一度福井を離れてみて、福井は良いところだと思い直したので、ぜひ訪れてみて欲しいと思うから。,そう思う,とてもそう思うにしたい気持ちもあるけど、そのために豊かな自然や環境を破壊はして欲しくない。それくらいなら今のままで良いと思う。,とても評価している,様々なイベントが増えて、地元民でも楽しめる。まだまだ知らない福井を知れて嬉しい。,好ましい,人の流れができる事で、福井の特産品やお土産物が知られて経済が回る。せっかく出店したのに撤退するお店が多くて気の毒でなりません。,"観光客の消費によって飲食業や宿泊業が潤う, まちに賑わいが生まれる, 波及効果により他の地場産業が活気づく, 地域の知名度が上がる, 観光客との交流が生まれる, ガイドなど市民参加の場が広がる",,"騒音やごみの増加, 歴史文化資源の破壊, 自然破壊, 治安の悪化",,"観光スポットを結ぶ交通機関, 観光スポットの案内板や標識（多言語表示）, トイレ・休憩所等の整備及びユニバーサル化, 観光イベント, 障害者や高齢者への配慮（バリアフリー）, 飲食施設, 宿泊施設、土産物屋, 駐車場, 体験施設",4,4,食べ物美味しいし、自然も多く癒される。,9,現時点では不自由なく幸せだと思うが、今後老後のことを考えると、交通の便など悩みます。,9,5年後はまだ免許も返納しなくていいと思うから。,50～59歳,女性
大野市,あまりそうは思わない,福井駅からの移動手段が限られているから。,そうは思わない,,ややそう思う,,ややそう思う,福井県民という事に誇りを持っているから。,ややそう思う,観光客が来ないと活気がなくなるから。,評価している,,好ましい,賑わうから。,"観光客の消費によって飲食業や宿泊業が潤う, まちに賑わいが生まれる",,交通渋滞や路上駐車などの交通環境の悪化,,"観光スポットを結ぶ交通機関, 飲食施設, 宿泊施設、土産物屋",5,4,,8,のどかで心穏やかに過ごせるから。,8,,50～59歳,女性
坂井市,あまりそうは思わない,新幹線が通ったところで関係の無い位置にあるので,とてもそう思う,移動時間が減る。,そう思う,,ややそう思う,,ややそう思う,,どちらともいえない,,どちらかと言えば好ましい,,"観光客の消費によって飲食業や宿泊業が潤う, 移住・定住のきっかけとなる",,"騒音やごみの増加, 交通渋滞や路上駐車などの交通環境の悪化",,"観光スポットを結ぶ交通機関, 観光スポットの案内板や標識（多言語表示）, トイレ・休憩所等の整備及びユニバーサル化, 駐車場",2,2,,8,,6,インフラが減っていそうだから,20～29歳,無回答
大野市,ややそう思う,都会からの観光客が増えそうだから,そう思う,大阪へ行く際、新幹線を使うから,そう思う,自然豊かだから,そう思う,魅力を知ってもらいたいから,そう思う,素晴らしいところがたくさんあるから,どちらともいえない,もっとアピールしてほしい,好ましい,福井県が有名になることが嬉しいから,"まちに賑わいが生まれる, 地域の知名度が上がる, 移住・定住のきっかけとなる",一度訪れれば素晴らしさに気づくから,特に心配はない,今はわからない,"観光スポットを結ぶ交通機関, 宿泊施設、土産物屋",4,4,自然豊かな場所が自慢できるから,8,雪だけが大変だから,8,これからも福井県は変わり続けると思うから,50～59歳,男性
敦賀市,ややそう思う,,ややそう思う,,とてもそう思う,,ややそう思う,,あまりそうは思わない,,どちらかと言えば評価していない,,どちらかと言えば好ましくない,,特に効果は期待できない,,"騒音やごみの増加, 交通渋滞や路上駐車などの交通環境の悪化, 歴史文化資源の破壊, 自然破壊, 治安の悪化, 日常生活に影響が出るほどの不安",,"観光スポットを結ぶ交通機関, 駐車場",3,3,,3,,0,,30～39歳,無回答
福井市,そう思う,,ややそう思う,東京に行ったりするのには便利になりました。,ややそう思う,自然に囲まれてて魚が美味しい。,そう思う,それで福井の名前が知られていきまたきてくださりまた来てくださる事を思いまして！,そう思う,"自然に囲まれてていて、いい所もあるからです。
",どちらかといえば評価している,のんびり暮らすのには、いい所なので！,好ましい,マナーとかを守ってもらえたら、歓迎したいです。,"まちに賑わいが生まれる, 地域の知名度が上がる, 歴史文化資源の保存活用につながる",福井の有名になり，もっと栄えてほしいからです。,騒音やごみの増加,エチケットやマナーは，守ってもらいたいと思いまして！,"観光スポットを結ぶ交通機関, トイレ・休憩所等の整備及びユニバーサル化, 観光マップやパンフレット, 宿泊施設、土産物屋, 駐車場, 体験施設",5,4,いい所もあるので！,8,こうだというがんねんが強すぎで人と違う人を軽蔑する人が多いのが残念すぎる。,8,もっと良くなっていると思うので！,50～59歳,女性
福井市,とてもそう思う,観光客の増加が目に見えてわかるから。,そう思う,東京へアクセスが便利になるから。,とてもそう思う,地元企業などに波及効果があるから。,とてもそう思う,福井県は魅力的だと考えるから。,そう思う,福井の地域資源は、幅広く認知されるべきだと考えるから。,とても評価している,福井駅の活気を見て感じるから。,とても好ましい,地元企業への波及効果があると考えるから。,"観光客の消費によって飲食業や宿泊業が潤う, まちに賑わいが生まれる, 波及効果により他の地場産業が活気づく, 地域の知名度が上がる, 観光客との交流が生まれる, 歴史文化資源の保存活用につながる, 移住・定住のきっかけとなる, ガイドなど市民参加の場が広がる",,"騒音やごみの増加, 交通渋滞や路上駐車などの交通環境の悪化, 歴史文化資源の破壊, 自然破壊, 治安の悪化",,"観光スポットを結ぶ交通機関, 観光スポットの案内板や標識（多言語表示）, トイレ・休憩所等の整備及びユニバーサル化, 観光イベント, 障害者や高齢者への配慮（バリアフリー）, 観光マップやパンフレット, 飲食施設, 宿泊施設、土産物屋, 観光案内所、観光ガイド, 駐車場, 体験施設",5,5,,8,,8,,50～59歳,男性
福井市,ややそう思う,東京との交通が便利になった,ややそう思う,東京に行くのに便利。乗り換えなくていいのはすごくいい。,とてもそう思う,忘れられるよりいい,ややそう思う,たくさん来て福井のいいところを知ってほしいが、ヘンな人もいるのでそういう人は歓迎したくない,そう思う,一度来て満足されては意味がないので、次はあっちに、あの場所にもう一度行ってみたいと何度も来てもらうのが大事,どちらかと言えば評価していない,あんまり聞こえてこない,どちらかと言えば好ましい,さっきも書いたので。,"観光客の消費によって飲食業や宿泊業が潤う, まちに賑わいが生まれる, 波及効果により他の地場産業が活気づく, 地域の知名度が上がる, 歴史文化資源の保存活用につながる",,"騒音やごみの増加, 交通渋滞や路上駐車などの交通環境の悪化, 歴史文化資源の破壊, 自然破壊, 治安の悪化, 日常生活に影響が出るほどの不安",すべて、他地域で同じ問題が発生しているから,"観光スポットを結ぶ交通機関, 観光イベント, 飲食施設, 宿泊施設、土産物屋, 駐車場",1,3,いいところ、おいしいものはたくさんあるが、環境が整っていないし、交通が不便すぎる,10,生まれ育った場所だから愛着がある。,8,定年などの環境の変化があるので、体調面や自宅のこと、家族、通院、買い物等が今と同程度にできるとは思えないから,50～59歳,女性
大野市,あまりそうは思わない,福井駅から大野市内へのアクセスは電車でもバスでも本数が少ないから,ややそう思う,福井駅前で友達と月一度くらいご飯を食べるのですがお店が増えたので楽しみ,あまりそうは思わない,"やはり観光地となるとマナーの問題もあり、特に外国からの方が多くなると
国によってはトイレットペーパーを流さずゴミ箱に捨てるなど不衛生になったりゴミのポイ捨てがなされたり環境の悪化は免れないと思う。",とてもそう思う,とても美しく誇れる街なので知って欲しい,ややそう思う,そんなに全国的には観光地として知名度はないと思う,どちらかといえば評価している,観光に力を入れていると思うがいまいちこれといって大きな目玉はない,どちらかと言えば好ましい,地域経済が潤うのはそこに住む住民も間接的に恩恵を受けると思う,"観光客の消費によって飲食業や宿泊業が潤う, まちに賑わいが生まれる, 波及効果により他の地場産業が活気づく, 移住・定住のきっかけとなる",,"騒音やごみの増加, 交通渋滞や路上駐車などの交通環境の悪化, 歴史文化資源の破壊, 自然破壊, 治安の悪化",大野市内は本当にごみのない町だと思うので汚れることだけが心配。まつりの後始末などひどいものなので、それが日常的になったら怖い,障害者や高齢者への配慮（バリアフリー）,3,4,,6,,4,年々歳をとるごとに雪が重荷、ストレス,50～59歳,女性
小浜市,ややそう思う,観光客が増えた,ややそう思う,新幹線を利用することが多くなった,ややそう思う,観光客が福井県産の物を購入してくれるから,とてもそう思う,福井県の魅力を知ってほしいから,とてもそう思う,良いところだから,とても評価している,色々工夫しているから,とても好ましい,福井県が潤ってほしいから,"観光客の消費によって飲食業や宿泊業が潤う, 地域の知名度が上がる, 移住・定住のきっかけとなる, ガイドなど市民参加の場が広がる",観光客が増えることで良い影響になると思うから,"騒音やごみの増加, 治安の悪化",,"観光スポットを結ぶ交通機関, トイレ・休憩所等の整備及びユニバーサル化, 飲食施設, 宿泊施設、土産物屋, 駐車場",3,5,,10,,10,,50～59歳,女性
鯖江市,そう思う,,ややそう思う,,とてもそう思う,,とてもそう思う,,あまりそうは思わない,,評価している,,好ましい,,"観光客の消費によって飲食業や宿泊業が潤う, 波及効果により他の地場産業が活気づく, 地域の知名度が上がる",,"騒音やごみの増加, 治安の悪化",,"トイレ・休憩所等の整備及びユニバーサル化, 飲食施設, 宿泊施設、土産物屋, 駐車場",4,5,,10,,10,,40～49歳,男性
坂井市,あまりそうは思わない,,あまりそうは思わない,東京へ行くのはいいが、名古屋大阪京都へ電車で行くのが不便になった,ややそう思う,,そう思う,,そうは思わない,目的地足る魅力が足りない,評価していない,,どちらかと言えば好ましい,,観光客の消費によって飲食業や宿泊業が潤う,,その他,増加しても宿が足りない,"観光スポットを結ぶ交通機関, 観光イベント, 宿泊施設、土産物屋",1,1,,5,,5,,50～59歳,男性
鯖江市,とてもそう思う,関西方面へ列車で行くのに不便になった,あまりそうは思わない,鯖江駅のコンビニで休刊日にスポーツ新聞が販売されなくなった,あまりそうは思わない,ゴミ捨て等の環境問題、治安の悪化等が増えると思います,とてもそう思う,自然豊かな福井県をもっと知って欲しい,そう思う,福井県の知名度アップの為,とても評価している,イベント情報発信等,どちらともいえない,増えた後の結果次第,"観光客の消費によって飲食業や宿泊業が潤う, まちに賑わいが生まれる, 波及効果により他の地場産業が活気づく, 地域の知名度が上がる",,"騒音やごみの増加, 交通渋滞や路上駐車などの交通環境の悪化, 歴史文化資源の破壊, 自然破壊, 治安の悪化, 日常生活に影響が出るほどの不安",,"観光スポットを結ぶ交通機関, 観光スポットの案内板や標識（多言語表示）, トイレ・休憩所等の整備及びユニバーサル化, 観光イベント, 障害者や高齢者への配慮（バリアフリー）, 観光マップやパンフレット, 飲食施設, 宿泊施設、土産物屋, 観光案内所、観光ガイド, 駐車場, 体験施設",4,5,眼鏡の生産量,9,大きな災害も無い為,10,しあわせなろうごを過ごしていると思います,60～69歳,男性
福井市,そう思う,,ややそう思う,,そう思う,,そう思う,,そう思う,,どちらかといえば評価している,,好ましい,,"観光客の消費によって飲食業や宿泊業が潤う, 波及効果により他の地場産業が活気づく, 地域の知名度が上がる",,"騒音やごみの増加, 交通渋滞や路上駐車などの交通環境の悪化, 自然破壊",,"観光スポットの案内板や標識（多言語表示）, トイレ・休憩所等の整備及びユニバーサル化, 障害者や高齢者への配慮（バリアフリー）, 観光マップやパンフレット, 宿泊施設、土産物屋",3,3,,7,,8,,50～59歳,男性
勝山市,あまりそうは思わない,勝山市在住のため,ややそう思う,利便性が向上するから,とてもそう思う,経済を発展させる必要がある,とてもそう思う,福井を盛り上げたい,とてもそう思う,福井県は生まれ故郷であるから,とても評価している,目に見えて頑張ってくれているから,とても好ましい,良い効果が大きい,"観光客の消費によって飲食業や宿泊業が潤う, まちに賑わいが生まれる, 地域の知名度が上がる, 観光客との交流が生まれる, 移住・定住のきっかけとなる",,"騒音やごみの増加, 交通渋滞や路上駐車などの交通環境の悪化, 治安の悪化",,"観光スポットを結ぶ交通機関, 観光マップやパンフレット, 飲食施設, 宿泊施設、土産物屋, 駐車場, 体験施設",5,5,恐竜やスキー場など、屈指のものばかりであるから,10,家族とも健康で幸せであるから,10,このままであるなら幸せであるから,30～39歳,男性
小浜市,そうは思わない,観光客は敦賀止まり,そうは思わない,富山へ行くのに、金沢で途中下車出来なくなった（割高になる）,そう思う,ローカルな福井へも観光客が増えた,そう思う,お金を落としてくれるから,そう思う,少子高齢化と過疎化が顕著な福井には当然のこと,どちらともいえない,取り組みを知らない。そんなんなら減税してほしい,とても好ましい,経済が回る,"観光客の消費によって飲食業や宿泊業が潤う, まちに賑わいが生まれる, 波及効果により他の地場産業が活気づく, 地域の知名度が上がる, 移住・定住のきっかけとなる",,"治安の悪化, その他",外国人が怖い,"観光スポットを結ぶ交通機関, 観光マップやパンフレット, 宿泊施設、土産物屋",4,4,鯖缶で一躍有名になった,0,車がないと生活できない,0,負動産がある,50～59歳,男性
福井市,ややそう思う,駅前が活性化してきたので,あまりそうは思わない,物価があがって旅行はできないし地元での楽しみですら行かなくなった。実際ランチや居酒屋は高くなったと実感していて必要最低限で最低の店しか行かない,ややそう思う,県外の方が多く来ているのを見ると、福井の良さを知ってもらえるので、良いと思う,とてもそう思う,それはそうだろ。,とてもそう思う,ただ、恐竜を見に来た人が食べに行くお店がなかったり、良い飲食店が次々と潰れてしまった後なので、ほんと切ない。ちゃんと受け皿としていいお店が辛い時も頑張れる体制を作って、観光客を受け入れられる街にしていかないといけない。コロナとその後の景気の悪さでかなり良いお店がきえた。残念でならない,どちらかと言えば評価していない,大きい施設や大きい会社だけが儲かる仕組みを作っても意味がない。,とても好ましい,それはそうだろ。,"観光客の消費によって飲食業や宿泊業が潤う, まちに賑わいが生まれる, 波及効果により他の地場産業が活気づく, 地域の知名度が上がる, 観光客との交流が生まれる, 歴史文化資源の保存活用につながる, 移住・定住のきっかけとなる, ガイドなど市民参加の場が広がる, その他",地元に住む人が自分の街に魅力を感じ、より良い街になっていく,"騒音やごみの増加, 交通渋滞や路上駐車などの交通環境の悪化, 歴史文化資源の破壊, 自然破壊, 治安の悪化, その他",物価高！！！,"飲食施設, 宿泊施設、土産物屋, 観光案内所、観光ガイド, 駐車場, 体験施設",4,3,まだまだ楽しめるほどの受け入れ体制ができてないし、地元の飲食店や住民は幸せを感じてない,2,生活しづらいし、外食もまともな美味しい店が減って、旅館は値段が上がって旅行も行けない。全く楽しめないです。,8,期待を込めて。そう思えるように我々が変えていかないといけない,40～49歳,女性
敦賀市,ややそう思う,観光客がやや増えた,そうは思わない,開業しても私自身の生活に何も影響ない,ややそう思う,以前より活気が出たと思う,そう思う,福井県民がまだわかってない福井の魅力を発信してほしい,ややそう思う,福井県が観光の目的となるような魅力的な観光地がない,どちらかと言えば評価していない,どのような取り組みをしているのか知らない,どちらかと言えば好ましい,人が歩いていない駅周辺は寂しく感じる,"観光客の消費によって飲食業や宿泊業が潤う, まちに賑わいが生まれる, 地域の知名度が上がる",,"騒音やごみの増加, 交通渋滞や路上駐車などの交通環境の悪化",,"観光スポットを結ぶ交通機関, トイレ・休憩所等の整備及びユニバーサル化, 観光イベント",3,2,アピールする場所や食べ物があまりない,2,閉鎖的で息が詰まる,2,何も変わらないと思う,40～49歳,女性
福井市,とてもそう思う,観光客の増加、関東への交通の便が良くなった,とてもそう思う,関東へいきやすくなった,あまりそうは思わない,,とてもそう思う,,とてもそう思う,,評価している,,好ましい,,観光客の消費によって飲食業や宿泊業が潤う,,交通渋滞や路上駐車などの交通環境の悪化,,観光スポットを結ぶ交通機関,3,4,,9,,9,,30～39歳,男性
坂井市,あまりそうは思わない,,そうは思わない,,そう思う,,そう思う,,あまりそうは思わない,,どちらともいえない,,好ましい,,観光客の消費によって飲食業や宿泊業が潤う,,交通渋滞や路上駐車などの交通環境の悪化,,観光スポットを結ぶ交通機関,2,2,,5,,5,,50～59歳,男性
敦賀市,ややそう思う,,あまりそうは思わない,,とてもそう思う,,あまりそうは思わない,,あまりそうは思わない,,どちらともいえない,,好ましい,,"観光客の消費によって飲食業や宿泊業が潤う, 特に効果は期待できない",,交通渋滞や路上駐車などの交通環境の悪化,,その他,2,2,,3,,1,,30～39歳,女性
福井市,そう思う,,あまりそうは思わない,,とてもそう思う,,そう思う,,そう思う,,評価している,,好ましい,,"観光客の消費によって飲食業や宿泊業が潤う, まちに賑わいが生まれる, 波及効果により他の地場産業が活気づく, 地域の知名度が上がる, 移住・定住のきっかけとなる",,"騒音やごみの増加, 交通渋滞や路上駐車などの交通環境の悪化",,"観光スポットを結ぶ交通機関, 観光スポットの案内板や標識（多言語表示）, トイレ・休憩所等の整備及びユニバーサル化",4,4,,9,,9,,40～49歳,女性
越前市,あまりそうは思わない,大阪に行くのに不便になった。,あまりそうは思わない,,ややそう思う,,そう思う,,そう思う,,どちらかと言えば評価していない,,好ましい,,"観光客の消費によって飲食業や宿泊業が潤う, 波及効果により他の地場産業が活気づく, 地域の知名度が上がる, 歴史文化資源の保存活用につながる",,"騒音やごみの増加, 交通渋滞や路上駐車などの交通環境の悪化, 治安の悪化",,"観光スポットを結ぶ交通機関, 観光スポットの案内板や標識（多言語表示）, 障害者や高齢者への配慮（バリアフリー）, 宿泊施設、土産物屋, 駐車場",2,4,,7,,7,,70歳以上,女性
敦賀市,とてもそう思う,観光客が増えたように感じる,とてもそう思う,移動か便利になった,そう思う,街の活性化に繋がる,そう思う,福井に来て良かったと思ってもらいたい,とてもそう思う,福井にはたくさんいいところがあるのて、是非知ってほしい,どちらかといえば評価している,観光客に優しいつくり,とても好ましい,街の活性化,"観光客の消費によって飲食業や宿泊業が潤う, まちに賑わいが生まれる, 波及効果により他の地場産業が活気づく, 地域の知名度が上がる, 歴史文化資源の保存活用につながる",,"騒音やごみの増加, 自然破壊, 治安の悪化",,"観光スポットを結ぶ交通機関, 観光スポットの案内板や標識（多言語表示）, トイレ・休憩所等の整備及びユニバーサル化, 飲食施設",4,3,"もう少し街が活性化しているといいと思う
シャッター街はがっかりポイント",8,,8,,50～59歳,男性
永平寺町,とてもそう思う,来やすくなったから,あまりそうは思わない,県外の人と触れ合う機会がそもそも無いから,そう思う,,とてもそう思う,,とてもそう思う,いいところたくさんだから,評価している,,好ましい,,"観光客の消費によって飲食業や宿泊業が潤う, まちに賑わいが生まれる, 波及効果により他の地場産業が活気づく, 地域の知名度が上がる, 観光客との交流が生まれる, 歴史文化資源の保存活用につながる, 移住・定住のきっかけとなる, 特に効果は期待できない",,特に心配はない,,"観光スポットを結ぶ交通機関, 観光スポットの案内板や標識（多言語表示）, トイレ・休憩所等の整備及びユニバーサル化, 観光イベント, 障害者や高齢者への配慮（バリアフリー）, 観光マップやパンフレット, 飲食施設, 宿泊施設、土産物屋, 観光案内所、観光ガイド, 駐車場, 体験施設",5,5,,9,,9,,50～59歳,女性
福井市,そう思う,今まで車の移動が最近は新幹線を使う機会が多くなりました。,そう思う,新幹線は早くて楽に敦賀にも行けます。,とてもそう思う,福井駅に行っても、観光客の姿が多く感じます。,そう思う,県外の友達にも、新幹線で福井に来るように、進めています。,とてもそう思う,福井県は嶺北，嶺南何処でも、素晴らしい観光施設が有るから、沢山の人に来て欲しい。,どちらかといえば評価している,最近は、観光施設もパンフレット等で、見る機会が多くなった。,とても好ましい,福井の魅力と、福井人の温かさを感じて欲しいです。,"観光客の消費によって飲食業や宿泊業が潤う, まちに賑わいが生まれる, 波及効果により他の地場産業が活気づく, 地域の知名度が上がる, 観光客との交流が生まれる, 歴史文化資源の保存活用につながる, 移住・定住のきっかけとなる",,"騒音やごみの増加, 交通渋滞や路上駐車などの交通環境の悪化, 歴史文化資源の破壊, 自然破壊, 治安の悪化",,"観光スポットを結ぶ交通機関, 観光スポットの案内板や標識（多言語表示）, トイレ・休憩所等の整備及びユニバーサル化, 観光イベント, 障害者や高齢者への配慮（バリアフリー）, 観光マップやパンフレット, 飲食施設, 宿泊施設、土産物屋, 観光案内所、観光ガイド, 駐車場, 体験施設",4,5,福井人で福井に魅力を感じているから。,8,地域がら、のんびりしていて、人の親切を多く感じる。,8,今の、セコセコしない生活を期待する。,70歳以上,男性
敦賀市,とてもそう思う,長野へ行きやすくなった,とてもそう思う,長野へ行きやすくなった,とてもそう思う,当たり前,ややそう思う,,あまりそうは思わない,これからも？まだ目的地ランクは低いので、もっと認知度あげることからかと。,どちらともいえない,,どちらかと言えば好ましい,,"観光客の消費によって飲食業や宿泊業が潤う, まちに賑わいが生まれる, 波及効果により他の地場産業が活気づく",,"交通渋滞や路上駐車などの交通環境の悪化, 自然破壊",,"観光スポットを結ぶ交通機関, 観光イベント, 飲食施設, 宿泊施設、土産物屋, 観光案内所、観光ガイド, 駐車場, 体験施設",2,2,,7,,7,,40～49歳,男性
おおい町,あまりそうは思わない,,あまりそうは思わない,,ややそう思う,,ややそう思う,,ややそう思う,,どちらかといえば評価している,,どちらともいえない,,"観光客の消費によって飲食業や宿泊業が潤う, まちに賑わいが生まれる, 地域の知名度が上がる, 移住・定住のきっかけとなる",,"騒音やごみの増加, 交通渋滞や路上駐車などの交通環境の悪化, 治安の悪化",,"観光スポットを結ぶ交通機関, トイレ・休憩所等の整備及びユニバーサル化, 障害者や高齢者への配慮（バリアフリー）, 飲食施設, 宿泊施設、土産物屋, 観光案内所、観光ガイド, 駐車場, 体験施設",2,2,,6,,5,,40～49歳,男性
越前市,そうは思わない,越前たけふ駅前の開発が遅延している,ややそう思う,東京からの娘の帰省が便利になった,そう思う,観光客が増えて、福井駅前の賑わいが良くなった,そう思う,福井県のイメージアップにつなげたい,とてもそう思う,これまで観光客が少なかった,どちらかと言えば評価していない,越前たけふ駅前の賑わいが全くない,とても好ましい,イメージアップにつながる,"観光客の消費によって飲食業や宿泊業が潤う, まちに賑わいが生まれる, 歴史文化資源の保存活用につながる",,治安の悪化,,"観光スポットを結ぶ交通機関, 観光スポットの案内板や標識（多言語表示）, トイレ・休憩所等の整備及びユニバーサル化",4,1,観光先がない,5,インフラの整備が遅れている,5,新幹線の延伸が遅延している,60～69歳,男性
福井市,とてもそう思う,福井駅前が盛んになったから,とてもそう思う,関東への新幹線を使いやすくなった,全くそうは思わない,福井がもっと有名になってほしいから,とてもそう思う,福井への移住者を増やしたいから,とてもそう思う,観光客にお金を落としてもらうため,評価している,福井の食文化をもっとアピールしても良い。,とても好ましい,福井が観光地としても有名になるから,"観光客の消費によって飲食業や宿泊業が潤う, まちに賑わいが生まれる, 波及効果により他の地場産業が活気づく, 地域の知名度が上がる, 歴史文化資源の保存活用につながる, 移住・定住のきっかけとなる",,"騒音やごみの増加, 交通渋滞や路上駐車などの交通環境の悪化, 歴史文化資源の破壊, 治安の悪化",,"観光スポットを結ぶ交通機関, 観光スポットの案内板や標識（多言語表示）, 宿泊施設、土産物屋, 体験施設",4,5,食べ物がとにかくおいしいから,6,雪の多さが暮らしを憂鬱にさせるから,6,,40～49歳,女性
福井市,ややそう思う,,そうは思わない,,あまりそうは思わない,,ややそう思う,,ややそう思う,,どちらともいえない,,どちらともいえない,,"観光客の消費によって飲食業や宿泊業が潤う, 波及効果により他の地場産業が活気づく",,"騒音やごみの増加, 交通渋滞や路上駐車などの交通環境の悪化, 歴史文化資源の破壊, 自然破壊, 治安の悪化",,"観光スポットを結ぶ交通機関, 観光イベント, 飲食施設, 宿泊施設、土産物屋, 駐車場",3,3,,7,,7,,30～39歳,男性
越前市,そう思う,停車駅がある,そう思う,特急がなくなったのが不便,そう思う,,とてもそう思う,,とてもそう思う,,どちらかといえば評価している,よく知らない,とても好ましい,,"観光客の消費によって飲食業や宿泊業が潤う, まちに賑わいが生まれる, 観光客との交流が生まれる, 歴史文化資源の保存活用につながる, 移住・定住のきっかけとなる",,特に心配はない,,"観光スポットを結ぶ交通機関, 観光スポットの案内板や標識（多言語表示）, トイレ・休憩所等の整備及びユニバーサル化",1,5,,10,,6,小1の壁が不安,30～39歳,女性
福井市,そう思う,お店が充実したり、土地の資産価値が上がった,ややそう思う,敦賀に住んでいないから,ややそう思う,経済効果が全然違うと思う,そう思う,福井のいいところを知って欲しい,とてもそう思う,もっと魅力を知ってもらいたいし、一度来たら気にいる場所だと思うから,どちらともいえない,,どちらともいえない,来てもらいたいけど、治安が悪くなるのは嫌です,"観光客の消費によって飲食業や宿泊業が潤う, まちに賑わいが生まれる, 地域の知名度が上がる, 移住・定住のきっかけとなる",,"騒音やごみの増加, 治安の悪化",,観光スポットを結ぶ交通機関,5,5,食べ物が美味しいし子どもの遊べる場所も充実している,10,,10,,30～39歳,女性
坂井市,そう思う,空港が無くて　東京からは一番時間がかかる未到の地だと言われているのを聞いたことがあったので時短で観光には便利になったと思う。,あまりそうは思わない,関東より関西へ行く機会が多かったので　乗り換えが増えて不便になった。,とてもそう思う,観光客が増えたと思うので　活気があると思う。,とてもそう思う,福井県の認知が上がればと思う。,とてもそう思う,金沢一極集中だったから　福井の良さをアピールできたらいいです。,評価している,まだまたですが　ほや丸くんに頑張ってアピールしてもらいたい。,とても好ましい,福井県のよさをアピールしてほしい。,"観光客の消費によって飲食業や宿泊業が潤う, まちに賑わいが生まれる, 波及効果により他の地場産業が活気づく, 地域の知名度が上がる, 歴史文化資源の保存活用につながる, 移住・定住のきっかけとなる",県外企業に押し潰されないように　地元企業が存続してほしい。,"騒音やごみの増加, 交通渋滞や路上駐車などの交通環境の悪化, 歴史文化資源の破壊, 自然破壊, 治安の悪化",ゴミや投棄・犯罪が増えないでほしい。,"観光スポットを結ぶ交通機関, 観光スポットの案内板や標識（多言語表示）, トイレ・休憩所等の整備及びユニバーサル化, 障害者や高齢者への配慮（バリアフリー）, 飲食施設, 宿泊施設、土産物屋",3,3,まだまだだと思います。,10,海、山が近くて自然豊かだが　車の運転が出来なければ身動きがとれない不便さがあるのが難点。　車の運転が出来なければ孤立無援。,5,理由は上記　問14に記しました。,60～69歳,女性
鯖江市,あまりそうは思わない,駅が遠いため,そう思う,旅行に使えるため,そう思う,街の賑わいや経済の活性化が期待できるから,そう思う,満足して帰って欲しいから,そう思う,,どちらかといえば評価している,,好ましい,,"観光客の消費によって飲食業や宿泊業が潤う, まちに賑わいが生まれる",,交通渋滞や路上駐車などの交通環境の悪化,,観光スポットを結ぶ交通機関,3,2,魅力があまり無い,8,のんびり暮らすことができる,8,あまり変わらないと思う,40～49歳,男性
坂井市,とてもそう思う,経済効果,あまりそうは思わない,変わらないから,とてもそう思う,経済効果,とてもそう思う,ありがたいから,そう思う,経済効果,どちらともいえない,何となく,好ましい,経済効果,"観光客の消費によって飲食業や宿泊業が潤う, まちに賑わいが生まれる, 波及効果により他の地場産業が活気づく, 地域の知名度が上がる, 歴史文化資源の保存活用につながる",,"騒音やごみの増加, 交通渋滞や路上駐車などの交通環境の悪化, 治安の悪化",,"観光スポットを結ぶ交通機関, 観光イベント, 観光マップやパンフレット, 観光案内所、観光ガイド, 駐車場",3,3,何となく,7,何となく,7,住みやすいから,40～49歳,女性
越前市,あまりそうは思わない,有名な観光地がない,あまりそうは思わない,京都に行きにくくなった,あまりそうは思わない,観光客のマナーが良くないかも,ややそう思う,一応,あまりそうは思わない,観光公害が心配,どちらともいえない,わからない,どちらともいえない,難しい質問です,"観光客の消費によって飲食業や宿泊業が潤う, まちに賑わいが生まれる, 地域の知名度が上がる",,"騒音やごみの増加, 交通渋滞や路上駐車などの交通環境の悪化, 治安の悪化",,"観光スポットを結ぶ交通機関, 駐車場",3,3,自信を持ってと言われるとどうかなあ,8,ほどほど田舎がよい,8,今現在と変わらず,50～59歳,女性
敦賀市,そう思う,土日祝には商店街を歩いてある人が多くなったと感じるから,あまりそうは思わない,新幹線開業で私生活には変化が無いから,そう思う,沢山の人に福井の良さを知ってもらえるから,とてもそう思う,また福井に来て欲しいから,そう思う,有名になって欲しいから,どちらともいえない,活動が伝わって来ないから,好ましい,福井が有名になるのが嬉しいから,"観光客の消費によって飲食業や宿泊業が潤う, まちに賑わいが生まれる, 地域の知名度が上がる, 観光客との交流が生まれる, 移住・定住のきっかけとなる",自分が福井に遊びに来て食の魅力に魅せられて住み着いたから,"騒音やごみの増加, 交通渋滞や路上駐車などの交通環境の悪化","マナーが良い人ばかりでないから
","観光スポットを結ぶ交通機関, トイレ・休憩所等の整備及びユニバーサル化, 観光イベント, 観光マップやパンフレット, 宿泊施設、土産物屋, 駐車場",4,3,敦賀に住んでまだ２年程なので魅力に気づいていない,8,四季を通じて美味しい食材が溢れているから,8,今のところ幸せで変わり無いと思うから,50～59歳,男性
福井市,とてもそう思う,福井駅前近辺に住んでいるが、観光キャストが増えたように思う。,とてもそう思う,新しいお店ができると便利になる。,あまりそうは思わない,良い影響、交流人口増、経済的な利益が大きいから,とてもそう思う,,とてもそう思う,人口減少する中、観光客誘致は地域の発展に大事だと思うから。,どちらかといえば評価している,福井駅前で継続的なイベントを実施しているから。,好ましい,,"観光客の消費によって飲食業や宿泊業が潤う, まちに賑わいが生まれる, 移住・定住のきっかけとなる",,治安の悪化,,"トイレ・休憩所等の整備及びユニバーサル化, 観光イベント",5,4,お隣金沢市より自慢できる施設が沢山あると思うし、程よく点在している。,8,,8,,50～59歳,男性
大野市,ややそう思う,宣伝が十分でない,あまりそうは思わない,特にりようする機会がない,そう思う,東京からの観光客が来やすい,ややそう思う,時間がない,そう思う,良いところは、たくさんあるし、経済的にも必要,どちらともいえない,あまり、よくわからない。目立ってない。,どちらかと言えば好ましい,増えすぎると生活しにくい、のどかさが半減する。,"観光客の消費によって飲食業や宿泊業が潤う, まちに賑わいが生まれる, 波及効果により他の地場産業が活気づく, 地域の知名度が上がる, 歴史文化資源の保存活用につながる",,"騒音やごみの増加, 自然破壊",,"観光スポットを結ぶ交通機関, トイレ・休憩所等の整備及びユニバーサル化, 観光マップやパンフレット, 飲食施設, 宿泊施設、土産物屋, 体験施設",4,4,自然が、豊かなところ。水が美味しく場所により無料。,6,文化施設や催しなどは、少ない。若い人が学ぶ施設も少ない。,8,家族や知人がいること、豊かな自然で、マイペースで住めること,60～69歳,女性
坂井市,あまりそうは思わない,今まで繋がりが多い関西地方へは敦賀乗り換えとなったから,あまりそうは思わない,,そう思う,今まで足を運んでくれることが少なかったと思える北関東や長野方面から訪れてくれる方が増えたようなので,とてもそう思う,,そう思う,福井を観光で訪れていただくことで、移住促進の一助になってほしい。また、高齢化・過疎化が進んでいる福井県で、観光に関わる仕事と産業があることで、若者の働く場を確保していってほしい。,どちらかといえば評価している,,とても好ましい,,"観光客の消費によって飲食業や宿泊業が潤う, 波及効果により他の地場産業が活気づく, 歴史文化資源の保存活用につながる, 移住・定住のきっかけとなる, ガイドなど市民参加の場が広がる",,特に心配はない,,"トイレ・休憩所等の整備及びユニバーサル化, 障害者や高齢者への配慮（バリアフリー）",3,3,,8,,4,,70歳以上,男性
鯖江市,あまりそうは思わない,,そう思う,,ややそう思う,,ややそう思う,,ややそう思う,,評価している,,どちらかと言えば好ましい,,"波及効果により他の地場産業が活気づく, 歴史文化資源の保存活用につながる",,騒音やごみの増加,,"障害者や高齢者への配慮（バリアフリー）, 観光マップやパンフレット",4,3,,8,,7,,30～39歳,男性
坂井市,ややそう思う,観光の人は増えてるとは思うから,そう思う,東京へ行くことが多くなったから,ややそう思う,求めているものを取り入れ方向に行くと思うていけば良い,とてもそう思う,東尋坊や芝政、丸岡城など、地元に来てくれるのはうれしいことだから,ややそう思う,多くなりすぎても困るから,評価している,三国ではカフェや宿泊施設などが増えてきていることなど,どちらかと言えば好ましい,携わる人は嬉しいことだと思うが、人口減少や高齢化が進んでいるので追いついていけないと困るから,"観光客の消費によって飲食業や宿泊業が潤う, まちに賑わいが生まれる, 波及効果により他の地場産業が活気づく, 地域の知名度が上がる, 歴史文化資源の保存活用につながる, 移住・定住のきっかけとなる, ガイドなど市民参加の場が広がる","地元の丸岡城のボランティアさんたちが頑張っている姿が良かったから
丸岡のイベントも昔と比べ増えている","騒音やごみの増加, 交通渋滞や路上駐車などの交通環境の悪化, 歴史文化資源の破壊",前から国宝にと頑張っている丸岡城を汚されたくないから,観光スポットを結ぶ交通機関,4,5,丸岡城の事を知ってもらえるとすごく嬉しくなるから,8,幸せだが、高齢者の一人暮らしや空き家も増えてきているので心配,7,高齢者が増えて、社会奉仕やイベント事、暮らしていくことがどのようになっていくかが不安,50～59歳,女性
福井市,そうは思わない,関西圏へのアクセスが悪くなる。,そうは思わない,利点が無い,そうは思わない,関西圏からの利用者が少なくなる,そう思う,,ややそう思う,,どちらともいえない,,どちらともいえない,,特に効果は期待できない,,"騒音やごみの増加, 治安の悪化",,"観光スポットを結ぶ交通機関, 駐車場",1,3,,8,,6,,70歳以上,男性
越前市,ややそう思う,東京へ行くのが楽になった。,あまりそうは思わない,生活には全く関係ない,ややそう思う,福井県を知ってもらえる。,そう思う,福井県に来てお金を使って経済をよくして欲しい,そう思う,観光でいろんな人に来て欲しい,どちらともいえない,越前たけふ駅前の賑わいがない,好ましい,人が集まると経済も豊かになる,"観光客の消費によって飲食業や宿泊業が潤う, まちに賑わいが生まれる",,特に心配はない,,"観光スポットを結ぶ交通機関, 観光スポットの案内板や標識（多言語表示）, 飲食施設, 宿泊施設、土産物屋",3,3,駅からの交通が不便,5,若い人が集まる場所が少ない,2,人口が減り今後が心配,50～59歳,男性
坂井市,とてもそう思う,商業施設が充実した,とてもそう思う,首都圏への出張が楽になった,ややそう思う,関西、中京からの観光客の微減が心配,とてもそう思う,うまれ育った場所だから,とてもそう思う,地元なので広く知ってもらいたい,評価している,官民ともにとても良い企画を行なっている,どちらかと言えば好ましい,治安の悪化が心配,"観光客の消費によって飲食業や宿泊業が潤う, まちに賑わいが生まれる, 波及効果により他の地場産業が活気づく, 地域の知名度が上がる",,"騒音やごみの増加, 治安の悪化",,"観光スポットを結ぶ交通機関, 観光スポットの案内板や標識（多言語表示）, トイレ・休憩所等の整備及びユニバーサル化, 飲食施設, 宿泊施設、土産物屋",5,5,丸岡城、永平寺、朝倉氏遺跡など我が国の歴史に影響ある場合が多い,7,,10,期待を込めて,50～59歳,男性
福井市,とてもそう思う,知名度が上がった,とてもそう思う,移動範囲が広くなった,とてもそう思う,,そう思う,,そう思う,,どちらかといえば評価している,,どちらかと言えば好ましい,,"地域の知名度が上がる, 歴史文化資源の保存活用につながる",,"騒音やごみの増加, 治安の悪化",,"観光スポットを結ぶ交通機関, 観光マップやパンフレット",4,3,,8,,8,,50～59歳,男性
若狭町,とてもそう思う,県外からの旅行者が増えた,とてもそう思う,息子が帰省しやすくなったし、私たち親も行きやすくなった。,とてもそう思う,観光が福井県の魅力だから,とてもそう思う,福井県の魅力を知って欲しい,とてもそう思う,観光業の他、経済・産業の発展に繋がる,とても評価している,新幹線駅周辺の再開発も進んでいる,とても好ましい,観光業の他、経済・産業の発展に繋がる,"観光客の消費によって飲食業や宿泊業が潤う, まちに賑わいが生まれる, 波及効果により他の地場産業が活気づく, 地域の知名度が上がる, 観光客との交流が生まれる, 歴史文化資源の保存活用につながる, 移住・定住のきっかけとなる, ガイドなど市民参加の場が広がる",,"騒音やごみの増加, 交通渋滞や路上駐車などの交通環境の悪化",観光客のマナーの悪さが少し心配,"観光スポットを結ぶ交通機関, トイレ・休憩所等の整備及びユニバーサル化, 飲食施設, 宿泊施設、土産物屋, 駐車場",5,5,都会には無い自然がたくさんあるところ,10,冬季の降雪以外は大満足です,10,福井県の将来を考えていただいている、観光業関係者の方々および、行政の方々の頑張りに期待しております。幸福度日本一の継続を！,60～69歳,男性
福井市,ややそう思う,新幹線そんなに使わないから,ややそう思う,新幹線使う時があまりないです,とてもそう思う,福井のいいところ知ってもらえるから,とてもそう思う,楽しいとこを紹介したい,とてもそう思う,福井県を知られてほしい,評価している,がんばってると思います,とても好ましい,福井に来て欲しいです,"観光客の消費によって飲食業や宿泊業が潤う, まちに賑わいが生まれる, 波及効果により他の地場産業が活気づく, 地域の知名度が上がる, 観光客との交流が生まれる, ガイドなど市民参加の場が広がる",,"騒音やごみの増加, 治安の悪化",,"観光スポットを結ぶ交通機関, 観光イベント, 宿泊施設、土産物屋, 観光案内所、観光ガイド",2,2,楽しめる商業施設を増やしてほしい,3,楽しい商業施設があまりない,3,楽しめる場所増えてればいい,50～59歳,女性
福井市,とてもそう思う,県外の人が来やすくなる,そう思う,,そう思う,,そう思う,福井の魅力を発信したい,そう思う,,どちらともいえない,もっと観光地を増やすべき,どちらかと言えば好ましい,賑やかになるから,"観光客の消費によって飲食業や宿泊業が潤う, まちに賑わいが生まれる, 波及効果により他の地場産業が活気づく, 地域の知名度が上がる, 歴史文化資源の保存活用につながる",,交通渋滞や路上駐車などの交通環境の悪化,,"観光スポットを結ぶ交通機関, トイレ・休憩所等の整備及びユニバーサル化, 観光イベント, 飲食施設",4,3,,6,大型施設が増えるといい,7,,20～29歳,女性
越前市,あまりそうは思わない,駅前が何もないから,あまりそうは思わない,,そう思う,観光者増えた,そう思う,,そう思う,恐竜博物館,どちらともいえない,何かしてるとは思えない,好ましい,,"観光客の消費によって飲食業や宿泊業が潤う, 地域の知名度が上がる",,"騒音やごみの増加, 自然破壊, 治安の悪化",,"観光スポットを結ぶ交通機関, 観光イベント, 宿泊施設、土産物屋",2,2,何も伝えるものがない,10,住み慣れているから,7,そうであってほしいから,50～59歳,男性
坂井市,そう思う,関東から乗り換えなしで来ることが出来るから,そう思う,関東への行き来が楽になるから,そう思う,"いろんな施設が出来ると思うから
",そう思う,"自然豊かで、食べ物が美味しい
",そう思う,人口減少の対策になるから,どちらかといえば評価している,評価はするがもっと楽しめる施設があるといい,好ましい,観光客が増えることで、飲食店が増え選択の幅が増える,"観光客の消費によって飲食業や宿泊業が潤う, まちに賑わいが生まれる, ガイドなど市民参加の場が広がる",,"交通渋滞や路上駐車などの交通環境の悪化, 治安の悪化",,"観光スポットを結ぶ交通機関, 観光イベント, 飲食施設, 宿泊施設、土産物屋",4,4,隠れた場所が沢山あるから,7,自然が豊かで食べ物が美味しい,5,新たな発見がされていないから,50～59歳,男性
敦賀市,そう思う,町の活性化,あまりそうは思わない,列車を利用するのが少ない,そう思う,,そう思う,,ややそう思う,,どちらともいえない,,好ましい,沢山いいところがあるのがわかるから,"観光客の消費によって飲食業や宿泊業が潤う, まちに賑わいが生まれる, 地域の知名度が上がる",,特に心配はない,,"観光スポットを結ぶ交通機関, トイレ・休憩所等の整備及びユニバーサル化",2,2,交通の便,8,,8,,70歳以上,女性
福井市,あまりそうは思わない,,あまりそうは思わない,,ややそう思う,,ややそう思う,,ややそう思う,,どちらともいえない,,どちらかと言えば好ましい,,"観光客の消費によって飲食業や宿泊業が潤う, まちに賑わいが生まれる, 波及効果により他の地場産業が活気づく",,"騒音やごみの増加, 交通渋滞や路上駐車などの交通環境の悪化, 治安の悪化",,"観光スポットを結ぶ交通機関, 障害者や高齢者への配慮（バリアフリー）, 飲食施設, 駐車場",3,3,,5,,4,,50～59歳,女性
越前市,そう思う,,ややそう思う,,とてもそう思う,,とてもそう思う,,そう思う,,評価している,,好ましい,,"観光客の消費によって飲食業や宿泊業が潤う, まちに賑わいが生まれる, 波及効果により他の地場産業が活気づく, 観光客との交流が生まれる",,"騒音やごみの増加, 交通渋滞や路上駐車などの交通環境の悪化",,"観光スポットを結ぶ交通機関, 観光スポットの案内板や標識（多言語表示）, 観光イベント, 観光マップやパンフレット, 飲食施設, 駐車場, 体験施設",4,3,,8,,8,,30～39歳,女性
福井市,とてもそう思う,観光客が来てくれるし、新幹線が走ってるのを見ると子どもが喜ぶので。,とてもそう思う,子どもと新幹線に乗って旅行がしやすくなったため。,とてもそう思う,県内住民の消費だけでは経済が発展しないから,とてもそう思う,福井はとても良いところなので、福井の魅力を知ってもらえたら嬉しいので。,とてもそう思う,観光にきて、福井を気に入って、暮らしたいと思ってもらえたらありがたいので。,評価している,恐竜博物館もリニューアルして、ホテルも増えているので。誘致やPRに取り組まれていると思います。,とても好ましい,街に活気が生まれるから。,"観光客の消費によって飲食業や宿泊業が潤う, まちに賑わいが生まれる, 地域の知名度が上がる, 歴史文化資源の保存活用につながる, 移住・定住のきっかけとなる",,騒音やごみの増加,福井は無人の観光地も多いので、マナーを守らない人がでてくるかもしれないことは不安です。,"観光スポットを結ぶ交通機関, トイレ・休憩所等の整備及びユニバーサル化",5,5,恐竜博物館を褒められるととても嬉しい気持ちになります。,10,子育て支援も充実していて、車があれば移動もしやすいし、人が多すぎないところが良い。山の幸も海の幸もおいしい。,10,みんなが前向きに暮らしていればきっと生活は向上すると思うので。,30～39歳,女性
福井市,そう思う,福井駅が賑わっているように思う,あまりそうは思わない,,そう思う,,とてもそう思う,もっと福井のことを知ってほしい,そう思う,,どちらかといえば評価している,,好ましい,,"観光客の消費によって飲食業や宿泊業が潤う, まちに賑わいが生まれる, 地域の知名度が上がる",,交通渋滞や路上駐車などの交通環境の悪化,,観光イベント,5,5,,8,,8,,40～49歳,女性
福井市,とてもそう思う,観光の人や、芸能人が増えた。,とてもそう思う,東京など関東圏へ行くのが楽になった。,とてもそう思う,福井が潤っている,とてもそう思う,賑やか,とてもそう思う,,評価している,,好ましい,,"観光客の消費によって飲食業や宿泊業が潤う, まちに賑わいが生まれる, 波及効果により他の地場産業が活気づく, 地域の知名度が上がる",,特に心配はない,,"観光スポットを結ぶ交通機関, トイレ・休憩所等の整備及びユニバーサル化, 飲食施設, 駐車場",3,4,,8,,8,,60～69歳,男性
敦賀市,ややそう思う,賑わいが少し感じられるから。,ややそう思う,福井市までの時間が短くなった。(新幹線で行くと),そう思う,,そう思う,福井の良さを感じてほしいから。,そう思う,たくさんな名所に行ってほしいし、メジャーではない場所や人の温かさを感じてほしいから。,どちらかといえば評価している,,好ましい,,"観光客の消費によって飲食業や宿泊業が潤う, まちに賑わいが生まれる, 波及効果により他の地場産業が活気づく, 観光客との交流が生まれる",,"騒音やごみの増加, 交通渋滞や路上駐車などの交通環境の悪化, 治安の悪化",,"観光スポットを結ぶ交通機関, 観光イベント, 障害者や高齢者への配慮（バリアフリー）, 飲食施設, 観光案内所、観光ガイド",3,5,敦賀市はとてもステキな街だと思うから,8,,7,もう少し都会感が多いといいな。,50～59歳,女性
鯖江市,全くそうは思わない,駅へ行くまでの交通機関がない,全くそうは思わない,京都へいくのに不便,全くそうは思わない,,ややそう思う,自然がたくさんある,ややそう思う,,どちらともいえない,,どちらかと言えば好ましい,,まちに賑わいが生まれる,,交通渋滞や路上駐車などの交通環境の悪化,,観光スポットを結ぶ交通機関,3,3,,5,,4,,50～59歳,女性
福井市,そう思う,,そう思う,,ややそう思う,,そう思う,故郷愛を再確認,ややそう思う,,評価している,,好ましい,,"観光客の消費によって飲食業や宿泊業が潤う, まちに賑わいが生まれる, 地域の知名度が上がる",,歴史文化資源の破壊,,"観光スポットを結ぶ交通機関, 観光イベント, その他",3,4,,8,,8,,50～59歳,女性
大野市,ややそう思う,リピートは不明だが観光客は増えている,ややそう思う,,あまりそうは思わない,,そう思う,,そう思う,自然や環境、食べ物も素晴らしい,評価している,,好ましい,,"観光客の消費によって飲食業や宿泊業が潤う, まちに賑わいが生まれる, 地域の知名度が上がる, 移住・定住のきっかけとなる",,"騒音やごみの増加, 交通渋滞や路上駐車などの交通環境の悪化, 治安の悪化",,"観光イベント, 飲食施設, 宿泊施設、土産物屋, 駐車場",4,4,,8,,5,,40～49歳,男性
あわら市,そう思う,,ややそう思う,関東から　新幹線１つで来ることができる,そう思う,,ややそう思う,,そう思う,,どちらかといえば評価している,,どちらかと言えば好ましい,,観光客の消費によって飲食業や宿泊業が潤う,,"交通渋滞や路上駐車などの交通環境の悪化, 治安の悪化",,観光スポットを結ぶ交通機関,4,3,,8,,8,,60～69歳,女性
福井市,ややそう思う,,あまりそうは思わない,,ややそう思う,,ややそう思う,,あまりそうは思わない,,どちらともいえない,,どちらともいえない,,"観光客の消費によって飲食業や宿泊業が潤う, まちに賑わいが生まれる, 地域の知名度が上がる, 移住・定住のきっかけとなる",,"騒音やごみの増加, 交通渋滞や路上駐車などの交通環境の悪化, 治安の悪化",,"観光スポットを結ぶ交通機関, 観光スポットの案内板や標識（多言語表示）, トイレ・休憩所等の整備及びユニバーサル化, 観光イベント, 観光マップやパンフレット, 飲食施設, 宿泊施設、土産物屋, 駐車場, 体験施設",1,2,,5,,5,,50～59歳,女性
小浜市,あまりそうは思わない,観光の力が弱い,あまりそうは思わない,,ややそう思う,,とてもそう思う,,とてもそう思う,,どちらともいえない,,とても好ましい,,"観光客の消費によって飲食業や宿泊業が潤う, まちに賑わいが生まれる, 歴史文化資源の保存活用につながる",,騒音やごみの増加,,"観光スポットを結ぶ交通機関, 観光イベント",2,3,,8,,8,,60～69歳,女性
坂井市,そう思う,,ややそう思う,,そう思う,,そう思う,,とてもそう思う,,どちらかといえば評価している,,好ましい,,"観光客の消費によって飲食業や宿泊業が潤う, まちに賑わいが生まれる, 地域の知名度が上がる, 歴史文化資源の保存活用につながる",,騒音やごみの増加,,"観光スポットを結ぶ交通機関, 観光イベント, 宿泊施設、土産物屋, 観光案内所、観光ガイド",4,3,,7,,7,,30～39歳,女性
越前市,あまりそうは思わない,駅ができても住民は何も変わりがない,そうは思わない,"生活は何も変わっていない
負の影響で駅ができた事で市民税がどれだけ高くなったかわかってない",あまりそうは思わない,住民は何も変わらない,あまりそうは思わない,機会がなく、考えることもない,あまりそうは思わない,住民のメリットがない,どちらともいえない,,どちらともいえない,,特に効果は期待できない,,騒音やごみの増加,,"トイレ・休憩所等の整備及びユニバーサル化, 駐車場, 体験施設",3,2,,5,,5,,60～69歳,男性
鯖江市,ややそう思う,,ややそう思う,,ややそう思う,,ややそう思う,,ややそう思う,,どちらともいえない,,どちらともいえない,,観光客との交流が生まれる,,交通渋滞や路上駐車などの交通環境の悪化,,トイレ・休憩所等の整備及びユニバーサル化,3,3,,5,,5,,30～39歳,無回答
福井市,そう思う,"旅行先を選ぶきっかけになると思う
",ややそう思う,"バス移動より
だんぜん時短
",そう思う,,とてもそう思う,,そう思う,,どちらかといえば評価している,,とても好ましい,,"観光客の消費によって飲食業や宿泊業が潤う, まちに賑わいが生まれる, 地域の知名度が上がる",,特に心配はない,,"観光スポットを結ぶ交通機関, 宿泊施設、土産物屋, 体験施設",2,2,,6,,7,,60～69歳,女性
鯖江市,そうは思わない,通過される街,ややそう思う,東京直通,そう思う,東京が便利,とてもそう思う,オーバーツーリズムには程遠い,そう思う,活気の継続,どちらかと言えば評価していない,全国的に認知低い,とても好ましい,活気、元気になる、新幹線が金沢止まりはいやだ,"観光客の消費によって飲食業や宿泊業が潤う, まちに賑わいが生まれる, 移住・定住のきっかけとなる",知名度があがる,騒音やごみの増加,滞在者が多くなる,観光スポットを結ぶ交通機関,4,2,福井の位置を分からない人が多い,7,安心して暮らせる,6,人口減,60～69歳,男性
福井市,ややそう思う,,あまりそうは思わない,観光の面では便利かもしれないが、ビジネスマンにとっては大阪出張時に乗り換えが必須となり、不便となった。,そう思う,県外観光客により、経済に好影響を与えると思うため。,そう思う,結果的に福井県内の経済の発展につながると思うため。,とてもそう思う,,どちらかといえば評価している,,好ましい,,"観光客の消費によって飲食業や宿泊業が潤う, まちに賑わいが生まれる, 波及効果により他の地場産業が活気づく, 地域の知名度が上がる",,"騒音やごみの増加, 交通渋滞や路上駐車などの交通環境の悪化",,"観光スポットを結ぶ交通機関, 観光スポットの案内板や標識（多言語表示）, 観光案内所、観光ガイド",4,4,,6,コンパクトシティで暮らしやすいが、車社会であり、転勤者にとっては不便に感じることもあるため。,6,,30～39歳,男性
敦賀市,そう思う,県外との交流が増えている。,ややそう思う,長野方面に行きやすくなぅた。,そう思う,活性化している。,そう思う,他県へ観光で行った場合、歓迎されたら良い思い出につながり、また行きたいと思う。,そう思う,色んな面で良くなる努力を続けられる。,評価している,商店街等が良くなれば、地元民にも恩恵がある。,好ましい,認知せれてきていると感じる。,"観光客の消費によって飲食業や宿泊業が潤う, まちに賑わいが生まれる, 波及効果により他の地場産業が活気づく, 地域の知名度が上がる, 歴史文化資源の保存活用につながる, ガイドなど市民参加の場が広がる",衰退していくような事態はさけられる。,"騒音やごみの増加, 交通渋滞や路上駐車などの交通環境の悪化, 治安の悪化",都会とちがい大きな影響はないのではと思う。,"観光スポットを結ぶ交通機関, 観光スポットの案内板や標識（多言語表示）, トイレ・休憩所等の整備及びユニバーサル化, 障害者や高齢者への配慮（バリアフリー）, 宿泊施設、土産物屋, 観光案内所、観光ガイド, 駐車場",4,3,まだ整備しきれてないと感じる。,7,今のところ災害が少なく、生活しやすい。,7,それほど大きく変わらない気がする。,70歳以上,女性
坂井市,ややそう思う,全国ネットのテレビ番組で取り上げてもらえる事が増えた,あまりそうは思わない,,ややそう思う,,ややそう思う,,そう思う,,評価している,,どちらかと言えば好ましい,,"まちに賑わいが生まれる, 地域の知名度が上がる",,特に心配はない,,観光スポットを結ぶ交通機関,2,3,,5,,7,,50～59歳,女性
坂井市,ややそう思う,観光客が増えたと思うから,あまりそうは思わない,何も変わらない,そう思う,"多くの人が福井に興味を持って来てくれるから
",そう思う,経済効果があるから,そう思う,うれおう福井てあってほしいから,どちらかと言えば評価していない,"取り組み内容が浸透してしない
",好ましい,,"観光客の消費によって飲食業や宿泊業が潤う, まちに賑わいが生まれる, 地域の知名度が上がる",,"騒音やごみの増加, 治安の悪化",,"観光スポットを結ぶ交通機関, トイレ・休憩所等の整備及びユニバーサル化, 宿泊施設、土産物屋, 駐車場",1,3,,6,不便と思わないから,5,,60～69歳,男性
福井市,そう思う,直接的には関係ないが、観光業が盛り上がることで県にはプラスになるだろうから。,ややそう思う,関西だけでなく、関東への旅行も十分検討する価値が出てきたから。以前なら接続の悪い米原経由か、金沢駅に車を数日置いて行くような選択肢しかなかった。,とてもそう思う,カニや恐竜など、日本人が好みそうなものをアピールしているので、インバウンドの影響は少なく、治安も悪くなっていない。,そう思う,楽しみに来てくれているなら、残念な思い出にはしてほしくないので。,そう思う,あり続けるべきだとは思うが、住む人のケアも忘れないでほしい(除雪や教育支援など),とても評価している,恐竜1本に集中した前知事のやり方はお見事だと感じています。ポケモンやモンハンといった恐竜を使っている大きなIPとのコラボは若年層の集客にも大きな影響があったんじゃないでしょうか？,とても好ましい,観光を主とするならば増加しないと意味がない。インバウンドによる治安悪化の不安はあるが、高山市のような末期にはすぐにはならないと思うので…。,"観光客の消費によって飲食業や宿泊業が潤う, 地域の知名度が上がる, 移住・定住のきっかけとなる",,"騒音やごみの増加, 交通渋滞や路上駐車などの交通環境の悪化, 自然破壊, 治安の悪化",,"観光スポットを結ぶ交通機関, 飲食施設, 宿泊施設、土産物屋, 駐車場",3,3,特に誇れるものがあるわけではない。自然にそうなったのではなく、仕掛けた観光だから。恐竜好きな人や家族連れにはお勧めしやすいけれど。,10,不満がないから。,10,今のままなら変わらない。,40～49歳,男性
福井市,そう思う,観光客が増えた。駅前が賑やかになった。,あまりそうは思わない,住んでる所には何も影響が無いので,そう思う,福井県にお金を落としてくれるから,とてもそう思う,,そう思う,,評価している,,好ましい,,"観光客の消費によって飲食業や宿泊業が潤う, まちに賑わいが生まれる, 地域の知名度が上がる, 移住・定住のきっかけとなる",,特に心配はない,,"障害者や高齢者への配慮（バリアフリー）, 観光マップやパンフレット",4,4,,10,,10,,50～59歳,女性
福井市,ややそう思う,県外からの観光客に福井の魅力を発信できるから。,あまりそうは思わない,普段と変わらないから。,ややそう思う,福井という県名を知ってもらえるから。,ややそう思う,福井のことを知っている人が増えるから。,ややそう思う,福井県を知ってもらえるチャンスになると思うから。,どちらともいえない,あまりどのような観光の取り組み事をしているのか知らないから。,どちらかと言えば好ましい,福井のことを知る人が一人でも増えるから。,"観光客の消費によって飲食業や宿泊業が潤う, まちに賑わいが生まれる, 地域の知名度が上がる",,特に心配はない,特に問題はないと思う。,"観光スポットを結ぶ交通機関, 観光スポットの案内板や標識（多言語表示）, 観光マップやパンフレット",3,3,食べ物がおいしいことを勧めたい。,8,暮らしやすいし、食べ物がおいしいのが魅力です。,8,暮らしやすいし、食べ物もおいしいから幸せだと思う。,70歳以上,女性
福井市,そう思う,関東からの観光客を目にすることが多くなった。観光産業の活性化につながった。,そう思う,東の友人に気軽に会える環境が出来た。,そう思う,元々閉鎖的な土地柄なので外部との交流が増えるのは良い。,そう思う,外部の、色々な知識経験を知り、自身の人間性の向上になるなら。,ややそう思う,福井が観光立国になるのは厳しいと思うが、来てくれた人を歓迎するムードは県一体で取り組んでほしい。,どちらかといえば評価している,他の県と比べても妥当ではないか。,好ましい,地域活性のため。,まちに賑わいが生まれる,,特に心配はない,,観光スポットを結ぶ交通機関,2,2,富山のようなコンパクトシティのようだ。劣るが。,3,福祉政策、高齢者対策が不十分と感じる。、,2,上記回答の通り。,50～59歳,男性
福井市,とてもそう思う,,そう思う,,そう思う,,とてもそう思う,,とてもそう思う,,とても評価している,,とても好ましい,,"観光客の消費によって飲食業や宿泊業が潤う, まちに賑わいが生まれる, 波及効果により他の地場産業が活気づく, 地域の知名度が上がる, 観光客との交流が生まれる, 歴史文化資源の保存活用につながる",,騒音やごみの増加,,"観光スポットを結ぶ交通機関, 観光スポットの案内板や標識（多言語表示）, トイレ・休憩所等の整備及びユニバーサル化, 障害者や高齢者への配慮（バリアフリー）, 飲食施設, 体験施設",5,5,,8,,10,,60～69歳,女性
福井市,そうは思わない,関西方面や名古屋方面に行くのが非常に不便になった,そうは思わない,関空へ行くのがとても不便になった,そう思う,大勢訪れる事で活気が生まれる,とてもそう思う,みんなに素敵な田舎なので知ってほしい,ややそう思う,難しい,評価している,色々な企画をよく目にする,とても好ましい,活気が出る,まちに賑わいが生まれる,,特に心配はない,,観光スポットを結ぶ交通機関,3,5,,8,,7,雪問題,60～69歳,女性
南越前町,そう思う,,とてもそう思う,,全くそうは思わない,,とてもそう思う,,とてもそう思う,,とても評価している,,どちらかと言えば好ましい,,"観光客の消費によって飲食業や宿泊業が潤う, まちに賑わいが生まれる",,"騒音やごみの増加, 交通渋滞や路上駐車などの交通環境の悪化",,"障害者や高齢者への配慮（バリアフリー）, 観光マップやパンフレット",3,5,,10,,10,,60～69歳,女性
越前市,そう思う,観光など人が来やすいから。,そう思う,東京方面へ行きやすくなったから,そう思う,前よりは人が来やすくなったから。,とてもそう思う,賑やかな町になるから。,そう思う,たくさんの人に福井の良いところを知って欲しいから。,どちらかといえば評価している,,好ましい,賑わいになるから。,"観光客の消費によって飲食業や宿泊業が潤う, まちに賑わいが生まれる, 地域の知名度が上がる, 観光客との交流が生まれる, 移住・定住のきっかけとなる",,"騒音やごみの増加, 治安の悪化",,"観光スポットを結ぶ交通機関, 観光スポットの案内板や標識（多言語表示）, トイレ・休憩所等の整備及びユニバーサル化, 障害者や高齢者への配慮（バリアフリー）, 観光マップやパンフレット, 駐車場",3,4,来てもらえたら良いところがたくさんあるから,9,,9,,50～59歳,女性
福井市,そう思う,観光客増えた,ややそう思う,東京方面へは便利になった,そう思う,まぁプラスかな,そう思う,歓迎したい,そう思う,,どちらかといえば評価している,,好ましい,,"まちに賑わいが生まれる, 歴史文化資源の保存活用につながる",,"騒音やごみの増加, 交通渋滞や路上駐車などの交通環境の悪化",,"観光スポットを結ぶ交通機関, 駐車場",4,4,,4,,5,,40～49歳,男性
越前市,ややそう思う,関東へのアクセスが良くなった,そう思う,出張が便利になった,そう思う,,そう思う,,そう思う,,どちらかと言えば評価していない,,好ましい,,"まちに賑わいが生まれる, 波及効果により他の地場産業が活気づく",,"騒音やごみの増加, 治安の悪化",,"観光スポットを結ぶ交通機関, 観光スポットの案内板や標識（多言語表示）, 宿泊施設、土産物屋, 観光案内所、観光ガイド",2,2,,5,,4,,50～59歳,女性
越前市,あまりそうは思わない,福井や敦賀からハピラインに乗換えるケースが多い。,あまりそうは思わない,特段の変化は見えない。,ややそう思う,観光というより、目的を持って来ている外国人が多いかな？,ややそう思う,住んでいる街に該当しない。,そうは思わない,"観光できる場所が何年も変わらない。
民営では限界あり。公営で管理できる場所が求められる。",どちらかと言えば評価していない,取組みがじゅうぶんとは思えない。,どちらかと言えば好ましい,交通対策が必要,"観光客の消費によって飲食業や宿泊業が潤う, まちに賑わいが生まれる, 波及効果により他の地場産業が活気づく, 歴史文化資源の保存活用につながる",,"騒音やごみの増加, 交通渋滞や路上駐車などの交通環境の悪化, 歴史文化資源の破壊, 自然破壊, 治安の悪化",,"観光スポットの案内板や標識（多言語表示）, トイレ・休憩所等の整備及びユニバーサル化, 観光イベント, 障害者や高齢者への配慮（バリアフリー）, 観光マップやパンフレット, 飲食施設, 宿泊施設、土産物屋, 観光案内所、観光ガイド, 駐車場",1,2,"新しい観光地が
無い",5,特段思うことは無い。,5,今と変わらないことを前提とすると、期待は薄い,70歳以上,男性
敦賀市,そう思う,飲食店やお土産やホテルなどが潤っている,ややそう思う,新しい店が出きて　楽しみ。敦賀のことを原子力発電所の他を知ってもらえた,そう思う,観光地のスキルアップにつながっている,とてもそう思う,知らない所を探して知ってもらえたら嬉しいです,とてもそう思う,沢山の人が来ることで　新たないいものも発掘される,評価している,手探りな感じはうけるが　頑張っている気がします,どちらかと言えば好ましい,よく無い行動する人も来るはずなので、増えすぎては　歯止めが効かなくなる。,"観光客の消費によって飲食業や宿泊業が潤う, まちに賑わいが生まれる, 波及効果により他の地場産業が活気づく, 歴史文化資源の保存活用につながる",,"騒音やごみの増加, 治安の悪化",,"観光スポットの案内板や標識（多言語表示）, 飲食施設, 体験施設",4,4,自然しか無い　静かな場所であるから　それをいいと思う人が来たら良い,9,駐車代がいらない,9,変わらない,50～59歳,女性
越前市,そう思う,多くの観光客が来県している。,あまりそうは思わない,大阪方面に行く事が多い,そう思う,観光客が多い,そう思う,多くの人達に福井県に来て欲しい。,そう思う,,評価している,,好ましい,,"観光客の消費によって飲食業や宿泊業が潤う, まちに賑わいが生まれる, 波及効果により他の地場産業が活気づく, 地域の知名度が上がる, 歴史文化資源の保存活用につながる, 移住・定住のきっかけとなる",,"騒音やごみの増加, 特に心配はない",,"トイレ・休憩所等の整備及びユニバーサル化, 障害者や高齢者への配慮（バリアフリー）, 駐車場, 体験施設",4,2,,9,,9,,70歳以上,男性
勝山市,とてもそう思う,恐竜博物館等に来やすくなり、インバウンドを底上げした。,ややそう思う,インバウンドで県内消費が増えることで間接的に影響がある。,ややそう思う,問3と同じ,ややそう思う,県外外国の方が多く町に溢れており、自分にできることは挨拶することしか出来ないがおもてなしの気持ちを表したいと思っている。,あまりそうは思わない,観光ばかりに力を入れているが、地場産業を育成して県内を底上げいてゆくべき。,どちらかと言えば評価していない,観光客が増えて交通渋滞、食事場所の混雑等、問題がある。一体的に観光客をもてなす施策が必要と思う、,どちらかと言えば好ましい,観光産業に関わる方の収入が増える。,観光客の消費によって飲食業や宿泊業が潤う,,交通渋滞や路上駐車などの交通環境の悪化,,"観光スポットを結ぶ交通機関, 飲食施設, 宿泊施設、土産物屋, 駐車場",4,4,恐竜博物館がある,8,災害が少ない,8,,70歳以上,男性
大野市,あまりそうは思わない,魅力的な観光資源がない。アクセスが良いとは言えない。,あまりそうは思わない,"現時点ではサンダーバードが通っていた時の方が利便性が良かった。
北陸新幹線はトンネルが多くて乗りたい気持ちにならない。",そう思う,観光客がお金を使ってくれれば、福井も潤うと思う。,そう思う,福井に魅力を感じないので、そんなところに来てくれていると思うだけで感謝の気持ちしかない。,そう思う,お金を循環させて欲しいし、賑わいが欲しい。,どちらかと言えば評価していない,ニュースで取り組みを見たりするけど、パッとしない。,好ましい,賑わいがうまれることは良いことだと思う,"観光客の消費によって飲食業や宿泊業が潤う, まちに賑わいが生まれる, 波及効果により他の地場産業が活気づく, 地域の知名度が上がる, 歴史文化資源の保存活用につながる, 移住・定住のきっかけとなる",一般的な効果としてあげられる代表的な項目,騒音やごみの増加,外国人観光客が増えなければ、治安や自然破壊についてはある程度おさえられると思う。,"観光スポットを結ぶ交通機関, トイレ・休憩所等の整備及びユニバーサル化, 観光イベント, 観光マップやパンフレット, 飲食施設, 宿泊施設、土産物屋",3,1,県外の友人に観光地を聞かれても、いつも回答に困ってる。,8,住みやすい。雪がなければ10点,8,福井県はたった10年で大きく変わるような県じゃない。,40～49歳,女性
福井市,ややそう思う,東京方面は便利になったが、名古屋、大阪に行くのが不便になったから。,ややそう思う,駅前が綺麗になったから,そう思う,何気ない風景、料理が素晴らしいと思うから。,とてもそう思う,福井県民が福井の魅力を知らないように思うから。,そう思う,オーバーツーリズムではなく、適度な人数ではないと受け入れ態勢が整っていないと思うから。,どちらかといえば評価している,頑張っているとは思うけれど、県外の人からは福島と福井の区別がついていないから。,どちらかと言えば好ましい,福井の素晴らしさを知ってもらいたいと思うから。,"まちに賑わいが生まれる, 波及効果により他の地場産業が活気づく, 地域の知名度が上がる",福井は福井のままがいいと思うので、他の地域と似たような街にはなってほしくないと思うから。,特に心配はない,,"観光スポットを結ぶ交通機関, 宿泊施設、土産物屋, 体験施設",3,4,福井に住むまで、福井の魅力を知らなかったから。旅行先に福井をという選択肢すらなかったので。水、空気、食べ物が美味しい。,3,車がないと不便。中高生の遊び場がない。,5,福井に住んでいないと思うから,50～59歳,女性
鯖江市,そうは思わない,駅がないから。,そうは思わない,駅がないから。,ややそう思う,観光客が増えてるから。,そう思う,,ややそう思う,,評価している,,好ましい,,まちに賑わいが生まれる,,歴史文化資源の破壊,,観光スポットを結ぶ交通機関,3,3,,2,,3,,60～69歳,女性
福井市,そう思う,観光に来る人が増える,ややそう思う,東京へ行くのが便利になった,とてもそう思う,観光による地域経済の活性,そう思う,地方の魅力を知ってもらいたい,そう思う,,どちらともいえない,恐竜以外にイメージがわかない、という程度しか県外の人に認識されていないから,好ましい,地域の経済活性,"観光客の消費によって飲食業や宿泊業が潤う, まちに賑わいが生まれる, 波及効果により他の地場産業が活気づく, 地域の知名度が上がる, 移住・定住のきっかけとなる",,特に心配はない,,"観光スポットを結ぶ交通機関, 観光スポットの案内板や標識（多言語表示）",2,3,都会にないものがある,6,食の豊かさ,5,変わる要素がない,60～69歳,男性
坂井市,そう思う,あわら温泉が近いので,そう思う,旅行に行く際に交通の便が良くなるため,そう思う,,ややそう思う,,ややそう思う,,どちらともいえない,,どちらかと言えば好ましい,,"観光客の消費によって飲食業や宿泊業が潤う, まちに賑わいが生まれる",,"騒音やごみの増加, 治安の悪化",,"観光スポットを結ぶ交通機関, 観光スポットの案内板や標識（多言語表示）, トイレ・休憩所等の整備及びユニバーサル化, 観光案内所、観光ガイド",3,2,,8,,8,,30～39歳,女性
越前市,あまりそうは思わない,,そう思う,,そうは思わない,,とてもそう思う,,とてもそう思う,,どちらともいえない,,どちらかと言えば好ましい,,観光客の消費によって飲食業や宿泊業が潤う,,"騒音やごみの増加, 治安の悪化",,"宿泊施設、土産物屋, 駐車場",5,3,,9,,9,,20～29歳,男性
おおい町,そう思う,都市への利便性が良くなる,そう思う,都市へは、車から新幹線の移動が増える,そう思う,人か移動する　永住者か増えそうです,そう思う,観光先となれば栄えそう,そう思う,地方活性になり栄えそう,どちらかといえば評価している,,どちらかと言えば好ましい,,まちに賑わいが生まれる,,"騒音やごみの増加, 交通渋滞や路上駐車などの交通環境の悪化, 自然破壊, 治安の悪化",,"観光スポットを結ぶ交通機関, 観光スポットの案内板や標識（多言語表示）, 観光イベント, 観光マップやパンフレット, 飲食施設, 宿泊施設、土産物屋",4,4,,8,,8,,50～59歳,男性
大野市,ややそう思う,関東からの観光の人が増えた気がする,そう思う,関東へ行くのが気軽になった,そう思う,,とてもそう思う,福井で消費して頂ければ地域が潤うから,そう思う,,どちらかといえば評価している,,とても好ましい,,"観光客の消費によって飲食業や宿泊業が潤う, まちに賑わいが生まれる, 地域の知名度が上がる",,"交通渋滞や路上駐車などの交通環境の悪化, 治安の悪化",,"観光スポットを結ぶ交通機関, 飲食施設, 宿泊施設、土産物屋, 駐車場",4,4,,7,雪があまり多く降ると悩ましい。,7,,50～59歳,男性
福井市,そう思う,宿泊施設、駐車場がいっぱい,そう思う,東京に行きやすい。,そう思う,恐竜を見にたくさんの人が来てくれている,そう思う,"食べ物やお土産などたくさん買って欲しい。
商業施設が儲かる",とてもそう思う,石川県より栄えて欲しい,とても評価している,歴史探検ツアーなど行っている,とても好ましい,賑やかな福井駅前になって欲しい,まちに賑わいが生まれる,イベントなどたくさんすることにより人がたくさん来る,特に心配はない,ないと思うから,"観光スポットを結ぶ交通機関, 駐車場, 体験施設",5,3,楽しい場所が少ない。車がないとどこも行けない,9,災害が少ない,10,今の生活に満足,50～59歳,女性
鯖江市,全くそうは思わない,サンダーバードが無くなり、不便になった,あまりそうは思わない,やっぱり、関西方面に行くのが不便だから。,ややそう思う,税金も使うから,とてもそう思う,福井のいい所を見てほしい,あまりそうは思わない,のどかな雰囲気がいい所だと思うから,どちらともいえない,,どちらかと言えば好ましい,経済が少しは活性化する,"波及効果により他の地場産業が活気づく, 地域の知名度が上がる",,"騒音やごみの増加, 自然破壊, 治安の悪化",,体験施設,5,5,,8,,10,,50～59歳,女性
小浜市,とてもそう思う,関東・関西へのアクセス向上,ややそう思う,新幹線の利用頻度が少ないから,そう思う,アクセス向上,ややそう思う,観光客との接点はない,ややそう思う,魅力が少ない,どちらかといえば評価している,やることはやっているだろうと思う,どちらかと言えば好ましい,経済の活性化,"観光客の消費によって飲食業や宿泊業が潤う, まちに賑わいが生まれる, 波及効果により他の地場産業が活気づく, 移住・定住のきっかけとなる",,"騒音やごみの増加, 交通渋滞や路上駐車などの交通環境の悪化, 自然破壊, 治安の悪化",,"観光スポットを結ぶ交通機関, トイレ・休憩所等の整備及びユニバーサル化, 観光イベント, 障害者や高齢者への配慮（バリアフリー）, 飲食施設, 宿泊施設、土産物屋, 観光案内所、観光ガイド, 駐車場, 体験施設",4,3,一つ一つが離れているから,3,天気が悪い,5,先のことは分からない,50～59歳,無回答
鯖江市,あまりそうは思わない,特急がなくなり　敦賀から時間がかかるようになったから,あまりそうは思わない,東京よりも　関西へ出かけることが多いので　時間がかかるようになった,ややそう思う,芦原温泉のような　観光地は人が増えたのではと思う,そう思う,ふくいでゆっくり過ごしてほしいから,あまりそうは思わない,福井に住んでほしいから,どちらともいえない,私の近くでは　観光客はみないから,好ましい,魅力があるということだと思うから,まちに賑わいが生まれる,公共交通機関が利用しやすくなるのではないかと思うから,特に心配はない,街が綺麗であれば　観光客もモラルを持って過ごしてくれると思うから,障害者や高齢者への配慮（バリアフリー）,3,3,何もないが　食べ物は美味しいし　綺麗なところだと思うから,1,区費は高く　草刈り　掃除等の　ボランティアばかりだから,1,公共交通機関は更に本数が減り　生活しづらくなると思うから,60～69歳,女性
福井市,そう思う,東京へ1本で行ける,そう思う,,ややそう思う,,ややそう思う,,あまりそうは思わない,,どちらかと言えば評価していない,恐竜に税金をかけすぎている,どちらかと言えば好ましくない,混む,観光客の消費によって飲食業や宿泊業が潤う,,交通渋滞や路上駐車などの交通環境の悪化,,"飲食施設, 宿泊施設、土産物屋",3,3,,6,,5,,30～39歳,女性
坂井市,そう思う,関東からの観光客が増えた。,あまりそうは思わない,普通に生活していて、良い事と言われてもピンと来ない。,ややそう思う,知名度が上向いた。,そう思う,福井の名所を訪れ、名物を賞味し、買い物をして欲しい。,そう思う,小さな県で金沢、京都に挟まれ素通りされ県。観光客を呼び込みたい。,どちらかといえば評価している,色々なイベント、催し、SNSで発信しているから,好ましい,経済が潤う,"観光客の消費によって飲食業や宿泊業が潤う, まちに賑わいが生まれる, 波及効果により他の地場産業が活気づく, 地域の知名度が上がる, 歴史文化資源の保存活用につながる, ガイドなど市民参加の場が広がる",,"騒音やごみの増加, 交通渋滞や路上駐車などの交通環境の悪化, 治安の悪化",,"観光スポットを結ぶ交通機関, 観光スポットの案内板や標識（多言語表示）, 飲食施設, 宿泊施設、土産物屋, 駐車場, 体験施設",4,4,自然豊かで食べ物は美味しい、歴史的遺産が有る。,6,田舎でのんびりとしていて良いところだが、雪は多いし、公共交通機関が不便。イベントも一極集中。,6,車社会だから,60～69歳,女性
福井市,そう思う,そう思うが、関西方面へは不便になった,あまりそうは思わない,東京へは空路利用するため、,そう思う,経済効果,そう思う,経済効果や賑わいをもたらすから,そう思う,,どちらかといえば評価している,,好ましい,,"観光客の消費によって飲食業や宿泊業が潤う, まちに賑わいが生まれる, 波及効果により他の地場産業が活気づく, 地域の知名度が上がる",,"騒音やごみの増加, 治安の悪化",中国人などのマナー違反,"観光スポットを結ぶ交通機関, 観光イベント, 障害者や高齢者への配慮（バリアフリー）, 駐車場",3,3,,7,,4,雪,70歳以上,男性
福井市,そう思う,駅近で働いていて通勤で見てると駅周辺の観光客や人が増えたなと感じる,そうは思わない,やはり、車を利用することが多い為,そう思う,賑やかな雰囲気はとても嬉しい,とてもそう思う,街並みは静かだけど、行く場所は沢山あると思う,ややそう思う,そうなっていけば良いな,どちらかといえば評価している,若い方たちも色々と活躍してるなと思う,好ましい,,"波及効果により他の地場産業が活気づく, 観光客との交流が生まれる, 歴史文化資源の保存活用につながる",,"歴史文化資源の破壊, 自然破壊",外国人の方の行動が心配,"観光スポットの案内板や標識（多言語表示）, 観光イベント, 観光マップやパンフレット, 観光案内所、観光ガイド",3,2,,6,子育てにはとても環境は良い,4,物価などがどうなってるか心配,50～59歳,女性
福井市,とてもそう思う,東京が近くなり来るのも行くのも便利になった,とてもそう思う,上と同じ,とてもそう思う,上と同じ,とてもそう思う,福井を知ってほしい,ややそう思う,旅行者が多くなりすぎても困る,どちらかといえば評価している,よく活動を見かける,どちらかと言えば好ましい,生活に支障があるのは困る,"観光客の消費によって飲食業や宿泊業が潤う, まちに賑わいが生まれる, 地域の知名度が上がる, 移住・定住のきっかけとなる",,"治安の悪化, 日常生活に影響が出るほどの不安",,"観光スポットを結ぶ交通機関, 宿泊施設、土産物屋, 駐車場",4,4,いままでわるくいわれない,6,他にいろいろすんだが東京の便利さ以外は満足,8,いい方向に変化すればいいと思う,50～59歳,男性
福井市,ややそう思う,,そうは思わない,関西へ乗り換えが必要になったので。,そう思う,,とてもそう思う,,そう思う,,どちらかといえば評価している,,どちらかと言えば好ましい,,"まちに賑わいが生まれる, 波及効果により他の地場産業が活気づく, 地域の知名度が上がる",,"交通渋滞や路上駐車などの交通環境の悪化, 歴史文化資源の破壊, 自然破壊",,"観光スポットを結ぶ交通機関, 観光スポットの案内板や標識（多言語表示）, トイレ・休憩所等の整備及びユニバーサル化, 飲食施設, 宿泊施設、土産物屋, 駐車場",1,4,,5,,4,,50～59歳,女性
福井市,ややそう思う,東京が近くなった,ややそう思う,"金沢・富山
が近くなった",ややそう思う,関東からの観光客増,そう思う,来福者歓迎,あまりそうは思わない,他と比べれば観光資源が少ない,どちらかと言えば評価していない,福井駅中心の施策が多すぎる,どちらかと言えば好ましい,観光客増が常態化して欲しい,地域の知名度が上がる,,特に心配はない,,観光スポットを結ぶ交通機関,2,2,特徴のないありふれた街,8,他との比較ができない,5,5年先はわからない,70歳以上,男性
福井市,ややそう思う,観光客が増えたように思います,ややそう思う,遠方に住む家族に会いやすくなった,そう思う,観光地で県外の方を見かけ、楽しそうでした,そう思う,楽しそうにされてると嬉しく思います,あまりそうは思わない,もう十分な気もする,どちらかといえば評価している,駅や、観光地への交通など、整備されて綺麗になった,どちらかと言えば好ましい,人気な観光地に行きづらい,まちに賑わいが生まれる,,"交通渋滞や路上駐車などの交通環境の悪化, 治安の悪化",,体験施設,3,3,飲食が高い,4,老人施設がどこもいっぱいで、高額なところしかない。将来的に不安,4,だんだんと運転が億劫に。車に乗らないと買い物にも行けないと心配。,50～59歳,女性
福井市,全くそうは思わない,電車一本で関西に行けなくなった。乗り継ぎ大変。切符もネットでいっぺんに買えない。敦賀―大阪間だけ別清算になる。,全くそうは思わない,東京に行く時間も下回りより延びた。30分長くなった。そして東京はめったに行かない。影響は殆んどない。,全くそうは思わない,良い影響って何ですか？,とてもそう思う,福井に良い印象を持ってもらいたい。,全くそうは思わない,何のコンセプトもなくて、観光に力を入れてないのに何でそうならなアカン？,評価していない,アピールしていない。新幹線が来れば自然に客が増えると思っているみたい。,どちらともいえない,実際にもっと増えてみないと分からない。,"地域の知名度が上がる, 観光客との交流が生まれる",,その他,県外のカーシェアとかの会社が結構入ってきていて、福井の土地のこと何もしらないのに住所とか勝手に作ってく。実際の地籍とも住所とも違うから困る。大手２－２って何なん？,"観光イベント, 飲食施設, 体験施設, その他",3,4,"行政サービスは結構良いと思う。
　それとは別に、東京とかのやり方にすぐ流されて、おんなじやり方を大して検討もせずに取り入れすぎ。部活廃止とか、７歳児から入浴男女別とか。幼稚園卒業したてで、母子家庭で子供が男の子やったら銭湯使えんやん。危なすぎて子供一人で風呂入らせられんわ。",8,,10,希望を持ちたい。,40～49歳,女性
越前市,とてもそう思う,越前市に足を運んでくれる人が増えたと思うから。,ややそう思う,今までは土日祝になるとJR武生駅の駐車場がいっぱいでJRに乗って遠出できなかったが、越前たけふ駅に人が流れたのか駐車場が空いてるため、ハピラインで遠出しやすくなった。ハピラインにとって良いのかわからないけど…。,そう思う,お金を落として貰えるから。,ややそう思う,マナーを守って貰えるなら歓迎する。,そう思う,福井県にはたくさんの魅力がある。地方で財政を潤わせるためにも。,どちらかといえば評価している,頑張っていると思う。,どちらかと言えば好ましい,やはり、マナーを守って貰えるのであれば好ましい。,"観光客の消費によって飲食業や宿泊業が潤う, 観光客との交流が生まれる, 歴史文化資源の保存活用につながる, 移住・定住のきっかけとなる, ガイドなど市民参加の場が広がる",,"騒音やごみの増加, 交通渋滞や路上駐車などの交通環境の悪化, 治安の悪化, 日常生活に影響が出るほどの不安",,"観光スポットを結ぶ交通機関, 観光スポットの案内板や標識（多言語表示）, トイレ・休憩所等の整備及びユニバーサル化, 障害者や高齢者への配慮（バリアフリー）, 駐車場",4,4,福井県は自然が豊かで、食べ物が美味しい。,8,車があるから、生活できてる。タクシーが今呼んでもすぐに来てくれないと高齢の家族が行ってた。車のない人は大変だと思う。,8,今とあまり変わらないと思う。,30～39歳,女性
美浜町,とてもそう思う,駅前が賑やかになった,とてもそう思う,遠方の親戚が来やすくなり逢える回数が増えた,とてもそう思う,全国的に福井を宣伝する機会が増えている,とてもそう思う,福井の良いところを知って欲しい,とてもそう思う,良いところ,とても評価している,,とても好ましい,,"観光客の消費によって飲食業や宿泊業が潤う, まちに賑わいが生まれる, 波及効果により他の地場産業が活気づく, 地域の知名度が上がる, 観光客との交流が生まれる, 移住・定住のきっかけとなる",,"騒音やごみの増加, 歴史文化資源の破壊, 自然破壊",,"観光スポットを結ぶ交通機関, 観光スポットの案内板や標識（多言語表示）, 観光イベント, 障害者や高齢者への配慮（バリアフリー）, 飲食施設",4,4,,10,,10,,50～59歳,女性
越前市,とてもそう思う,"東京とのアクセスが良くなった
",とてもそう思う,"家族の帰省も便利になった
",とてもそう思う,,そう思う,,そう思う,,評価している,,好ましい,,"観光客の消費によって飲食業や宿泊業が潤う, 波及効果により他の地場産業が活気づく, 歴史文化資源の保存活用につながる, 移住・定住のきっかけとなる",,特に心配はない,,"観光スポットを結ぶ交通機関, 観光スポットの案内板や標識（多言語表示）, トイレ・休憩所等の整備及びユニバーサル化",4,5,,9,,9,,70歳以上,男性
福井市,とてもそう思う,福井への移動が早くて楽になり日帰りでも来やすくなるから。,ややそう思う,イベントでの新しい出会いがありそう。,とてもそう思う,一部の旅行者がルールを守らない事はあると思うけどそれ以上に観光に来てもらえれば栄えになる。,そう思う,福井はいいとこなので自然を感じて味わってもらいたい。,とてもそう思う,海にも山にも恵まれているため色んな体験ができるから。,どちらかといえば評価している,温泉宿での特典でさらに観光地に足を運んでくれるから。,とても好ましい,福井を良いと感じて何度も来てもらえると嬉しい。,"観光客の消費によって飲食業や宿泊業が潤う, まちに賑わいが生まれる, 地域の知名度が上がる, 観光客との交流が生まれる, 移住・定住のきっかけとなる",観光客が増えればそれだけ地域のイベントも増え、地元民が参加できる行事も増えて子供達も喜ぶ。,交通渋滞や路上駐車などの交通環境の悪化,観光バスなどの停車により交通が更に悪くなる事が心配。,"観光スポットを結ぶ交通機関, 観光スポットの案内板や標識（多言語表示）, トイレ・休憩所等の整備及びユニバーサル化, 観光イベント, 障害者や高齢者への配慮（バリアフリー）, 観光マップやパンフレット, 飲食施設, 観光案内所、観光ガイド, 駐車場",4,3,ゆったり住むにはいいけれど、子供達からすると遊ぶところが少ないかな。,8,住みやすく県外に行きたいと思っていない。,8,まだ子育て中なので今の幸せが維持できたらいいかな。,40～49歳,女性
敦賀市,ややそう思う,東京－敦賀間が直通となったから,ややそう思う,東京への旅行が楽になった,そう思う,東京から福井県へ来るのが簡単になった,そう思う,福井県をにぎやかにしたい,そう思う,福井県の魅力を発信して福井県をもっと有名にしたい,どちらともいえない,福井県の魅力発信が弱い気がする,どちらともいえない,増加するよりリピーターを増やす方がいい,"まちに賑わいが生まれる, 波及効果により他の地場産業が活気づく",,交通渋滞や路上駐車などの交通環境の悪化,,"観光スポットを結ぶ交通機関, 観光イベント, 宿泊施設、土産物屋",4,4,敦賀は関西圏も関東圏も両方にいい場所だから,8,四季もはっきりしているし、歴史的伝統があるから,8,このままで今も満足しているし、今後も変わらずいてほしいと希望しているから,60～69歳,男性
福井市,ややそう思う,,ややそう思う,,ややそう思う,,そう思う,,ややそう思う,,どちらかといえば評価している,,どちらかと言えば好ましい,,"観光客の消費によって飲食業や宿泊業が潤う, まちに賑わいが生まれる, 地域の知名度が上がる",,"交通渋滞や路上駐車などの交通環境の悪化, 治安の悪化",,"観光スポットを結ぶ交通機関, 飲食施設, 駐車場, 体験施設",4,4,,6,,6,,50～59歳,男性
福井市,とてもそう思う,,とてもそう思う,,とてもそう思う,,とてもそう思う,,とてもそう思う,,とても評価している,,とても好ましい,,まちに賑わいが生まれる,,交通渋滞や路上駐車などの交通環境の悪化,,観光スポットを結ぶ交通機関,5,3,,5,,5,,50～59歳,男性
福井市,あまりそうは思わない,,ややそう思う,,あまりそうは思わない,,あまりそうは思わない,犯罪者が増える,ややそう思う,,どちらともいえない,,どちらかと言えば好ましくない,治安が悪くなる,"観光客の消費によって飲食業や宿泊業が潤う, まちに賑わいが生まれる, 地域の知名度が上がる",,"騒音やごみの増加, 交通渋滞や路上駐車などの交通環境の悪化, 自然破壊, 治安の悪化, 日常生活に影響が出るほどの不安",,"観光イベント, その他",2,1,,5,,5,,30～39歳,女性
坂井市,ややそう思う,,ややそう思う,,そう思う,,とてもそう思う,,そう思う,,どちらかといえば評価している,,どちらかと言えば好ましい,,"観光客の消費によって飲食業や宿泊業が潤う, まちに賑わいが生まれる, 波及効果により他の地場産業が活気づく, 地域の知名度が上がる, 観光客との交流が生まれる, 移住・定住のきっかけとなる",,"騒音やごみの増加, 交通渋滞や路上駐車などの交通環境の悪化, 歴史文化資源の破壊, 治安の悪化",,"観光スポットを結ぶ交通機関, 観光スポットの案内板や標識（多言語表示）, トイレ・休憩所等の整備及びユニバーサル化, 障害者や高齢者への配慮（バリアフリー）, 観光案内所、観光ガイド, 駐車場",4,3,,8,,8,,60～69歳,女性
坂井市,ややそう思う,丸岡城に観光に来る方がいる,全くそうは思わない,不便になった,そう思う,人が増えると賑やかになる,とてもそう思う,福井を好きになってほしい,とてもそう思う,福井が好き,どちらともいえない,よく分からない,好ましい,活気が出る,"観光客の消費によって飲食業や宿泊業が潤う, まちに賑わいが生まれる, 波及効果により他の地場産業が活気づく, 地域の知名度が上がる, 観光客との交流が生まれる, 歴史文化資源の保存活用につながる",,"騒音やごみの増加, 交通渋滞や路上駐車などの交通環境の悪化",,"観光スポットを結ぶ交通機関, 観光スポットの案内板や標識（多言語表示）, トイレ・休憩所等の整備及びユニバーサル化, 障害者や高齢者への配慮（バリアフリー）",5,5,食べ物が美味しく静か,10,自然がいい,10,慣れている,60～69歳,女性
福井市,そう思う,観光客の来県,ややそう思う,関東が近くなった,とてもそう思う,関東からの観光客が増えそう,とてもそう思う,自分では何もできませんが気持ちとして歓迎したい,とてもそう思う,逆に福井県から観光をなくしたら何がありますか？原発？,評価していない,県都の福井駅前に観光バス（観光ツアー）が無いのは日本で福井県だけでは？恥ずかしい！！お掘りの中に県庁＆警察、恥ずかしい！！,とても好ましい,増加を期待したいが、現状では厳しい、アリーナは将来に禍根を残すだろう!お掘りの中が問題だ！！,"観光客の消費によって飲食業や宿泊業が潤う, まちに賑わいが生まれる",,特に心配はない,,観光スポットを結ぶ交通機関,1,2,県庁＆警察＆福井市役所が移転した、県民＆観光客に開放したら、自然と賑わう,7,静かで治安が比較的良い,6,５歳、歳をとり自動車免許を返納しているかもしれないから,70歳以上,男性
大野市,全くそうは思わない,勝山までは来ても目玉がない大野には難しい,そうは思わない,あまり鉄道は使わない,あまりそうは思わない,,ややそう思う,,ややそう思う,観光ばかりに頼れない,どちらかと言えば評価していない,良く知らない,どちらかと言えば好ましい,活気が出る,"観光客の消費によって飲食業や宿泊業が潤う, まちに賑わいが生まれる, 地域の知名度が上がる",,"騒音やごみの増加, 交通渋滞や路上駐車などの交通環境の悪化, 自然破壊",,"観光スポットを結ぶ交通機関, 観光イベント",3,3,,5,特に福祉が優れているわけではない,5,,40～49歳,男性
大野市,とてもそう思う,東京との往来が、乗り換えなしで便利になったから,とてもそう思う,東京との往来が、乗り換えなしで便利になったから,とてもそう思う,東京との往来が、乗り換えなしで便利になったから,とてもそう思う,数ある福井県の魅力を紹介したいから,とてもそう思う,風光明媚で、食べ物が美味しく、住んでいる人々が優しいから,どちらかといえば評価している,頑張っているとは思うが、まだまだ工夫できると感じるから,とても好ましい,より多くの方に福井県を知ってもらえるし、経済効果も期待できるから,"観光客の消費によって飲食業や宿泊業が潤う, まちに賑わいが生まれる, 地域の知名度が上がる, 歴史文化資源の保存活用につながる",,特に心配はない,,"観光スポットを結ぶ交通機関, 観光スポットの案内板や標識（多言語表示）, トイレ・休憩所等の整備及びユニバーサル化, 障害者や高齢者への配慮（バリアフリー）, 観光マップやパンフレット, 飲食施設, 宿泊施設、土産物屋, 駐車場",4,5,住みやすいから,9,住みやすいから,8,高齢になったときに不安があるから,60～69歳,男性
福井市,とてもそう思う,親戚が観光で来てるから、,とてもそう思う,"東京の息子に会いに行くのに乗り換え無しで行けるから、
",とてもそう思う,福井県のイメージアップにつながる,とてもそう思う,良い印象で観光してもらい、再度の観光を期待する。,そう思う,金沢とは違った、観光を推し進めるべき,どちらともいえない,開業時が終わり、現在、目立った取り組みが見えない,好ましい,SNSを通じて、新たな、観光客が来県することがきたいされる,"観光客の消費によって飲食業や宿泊業が潤う, まちに賑わいが生まれる, 波及効果により他の地場産業が活気づく, 地域の知名度が上がる, 移住・定住のきっかけとなる",,特に心配はない,,"観光スポットを結ぶ交通機関, 観光スポットの案内板や標識（多言語表示）, 観光イベント",4,3,恐竜以外の新たな魅力をつくらなければならない,8,特に生活に不十はない,5,変わらないきがする,60～69歳,男性
福井市,ややそう思う,観光客が増えているように思う。,ややそう思う,東京へは行きやすくなった反面、関西（京都?大阪）には行きにくくなった。,そう思う,東京や長野には行きやすくなった。,そう思う,多くの人に福井県の良さを知って欲しい。,そう思う,観光客が増えて街に賑わいができて、飲食店やお店が増えて欲しい。,どちらかといえば評価している,イベントなど開催されている。,どちらかと言えば好ましい,人が増えて賑わうのはうれしい。,"観光客の消費によって飲食業や宿泊業が潤う, まちに賑わいが生まれる",,交通渋滞や路上駐車などの交通環境の悪化,,観光スポットを結ぶ交通機関,4,3,公共交通機関が充実してない。,8,大雪が降らなければ良いと思う。,7,車が無いと移動が不便。,60～69歳,女性
福井市,ややそう思う,,ややそう思う,,そうは思わない,,そう思う,,ややそう思う,,どちらかといえば評価している,,好ましい,,地域の知名度が上がる,,特に心配はない,,宿泊施設、土産物屋,4,3,,5,,5,,60～69歳,女性
福井市,とてもそう思う,観光客が多くなった,とてもそう思う,東京に行きやすくなった,とてもそう思う,お金が落ちる,とてもそう思う,多くの人に福井県を知ってもらう,とてもそう思う,魅力的で歴史的な見どころが多い,どちらかといえば評価している,活動が不明,とても好ましい,体験は記憶に残りリピートする,"観光客の消費によって飲食業や宿泊業が潤う, まちに賑わいが生まれる, 波及効果により他の地場産業が活気づく, 地域の知名度が上がる, 移住・定住のきっかけとなる",,"騒音やごみの増加, 交通渋滞や路上駐車などの交通環境の悪化, 自然破壊, 治安の悪化",,"観光スポットを結ぶ交通機関, 観光スポットの案内板や標識（多言語表示）, 観光マップやパンフレット",5,5,歴史的なスポットが多く、料理がおいしい,9,雪以外,9,やはり雪が原点,60～69歳,男性
あわら市,全くそうは思わない,金津は、サビれていく、,そうは思わない,芦原温泉駅西側が発展しない、,そう思う,金沢で、止まらず、福井県まで、足を運んで頂ける、,とてもそう思う,親の観光案内人が、不足しているから、,そう思う,地域社会は、観光客にオモテナシをしようと頑張っているから,どちらかと言えば評価していない,温泉街にだけ、力を入れているから,どちらかと言えば好ましい,経済が、発展するから,"観光客の消費によって飲食業や宿泊業が潤う, 観光客との交流が生まれる",,歴史文化資源の破壊,歴史建造物等が解体される、、,"トイレ・休憩所等の整備及びユニバーサル化, 障害者や高齢者への配慮（バリアフリー）",4,2,他県との、文化の違い,5,,8,,60～69歳,男性
福井市,そう思う,外国人観光客が増えた,そう思う,関西方面への出張が不便になった,ややそう思う,観光客が増えたから。,そう思う,福井県を知ってもらうことが大事だから,全くそうは思わない,若い定住者を呼び込む方が大事,評価していない,食を含む文化を売り出したいのであれば、根本的で持続的な価値評価ができる体制がないから。,どちらかと言えば好ましい,地域経済が潤うから。,"観光客の消費によって飲食業や宿泊業が潤う, 波及効果により他の地場産業が活気づく, 地域の知名度が上がる, 歴史文化資源の保存活用につながる, 移住・定住のきっかけとなる",,"歴史文化資源の破壊, 自然破壊, 治安の悪化",,"観光スポットを結ぶ交通機関, 観光スポットの案内板や標識（多言語表示）, 体験施設, その他",1,2,いろいろな分野での選択肢がすくないから。,7,子育てはしやすいから。,6,人口減少に歯止めをかけることができないから。,40～49歳,男性
越前市,そう思う,越前たけふ駅があって、首都圏からの越前市へのアクセスが容易になったから,そう思う,経済効果が期待できるでしょう。新幹線を使うにも利便性がたかまった。,とてもそう思う,悪い影響というほど、観光がまだ盛り上がってない。もっと観光客、海外からもふくめて来ていいと思います,とてもそう思う,歓迎したくない理由はない。,とてもそう思う,文化継承、経済効果、活気等、観光を盛んにしない理由はない。,どちらかといえば評価している,外国語表記等それなりに配慮していると思います。が、海外や首都圏に向けてもっとアピールしても良いと思います。最近の石田知事は自信のSNSで、割とPRしているように思います。それが、知事の理想像なのかはともかく、県や市としてそういった取り組みは必要だと思います。,とても好ましい,あまりに多すぎると、また課題もうまれるだろうが、その段階にすらまだまだ及んでないと思います。,"観光客の消費によって飲食業や宿泊業が潤う, まちに賑わいが生まれる, 波及効果により他の地場産業が活気づく, 地域の知名度が上がる, 観光客との交流が生まれる, 歴史文化資源の保存活用につながる, ガイドなど市民参加の場が広がる",,"騒音やごみの増加, 交通渋滞や路上駐車などの交通環境の悪化, 歴史文化資源の破壊, 自然破壊, 治安の悪化, 日常生活に影響が出るほどの不安, その他",心配はあるが、心配するほど増えてないと思います。,"観光スポットを結ぶ交通機関, トイレ・休憩所等の整備及びユニバーサル化, 観光イベント, 障害者や高齢者への配慮（バリアフリー）, 体験施設",4,4,特に何もないと言えばそうだが、理由がなくても故郷というものはやはり誇らしくなるものだと思います。,7,それなりに穏やかに過ごせてはいる。一方で、保守的で、閉鎖的な県民性も感じる,8,まあ、年取る分今より、穏やかなこの地を好むだろうと思います,30～39歳,男性
鯖江市,そうは思わない,従来のほうが関西へのアクセスが良かった。,そうは思わない,,そうは思わない,,とてもそう思う,福井を知って喜んでほしい,あまりそうは思わない,目的地としては魅力が弱いから。,どちらかと言えば評価していない,観光客増加になっていない。,好ましい,,"波及効果により他の地場産業が活気づく, 歴史文化資源の保存活用につながる",,"騒音やごみの増加, 自然破壊",,"観光スポットを結ぶ交通機関, トイレ・休憩所等の整備及びユニバーサル化, 観光イベント",3,2,,3,,1,,40～49歳,女性
福井市,そう思う,人が増えれば必然影響はある,あまりそうは思わない,生活に直接の影響はない,そうは思わない,,そう思う,,全くそうは思わない,,まったく評価していない,,どちらともいえない,,"観光客の消費によって飲食業や宿泊業が潤う, その他",,"騒音やごみの増加, 交通渋滞や路上駐車などの交通環境の悪化, 歴史文化資源の破壊, 自然破壊, 治安の悪化",,"飲食施設, 観光案内所、観光ガイド, 駐車場, 体験施設",4,3,,7,,5,,40～49歳,男性
鯖江市,そうは思わない,鯖江駅周辺が賑わっていないように感じる,ややそう思う,旅行の際などは自家用車で武生駅に向かえて、新幹線を利用できるようになった為,ややそう思う,観光地がまだまだ少ない事や駅周辺の設備が間に合っていないように感じる。,とてもそう思う,自然豊かな所や美味し食べ物がある事を知ってもらいたい。,とてもそう思う,まだまだ課題はありそうだが、福井県の良さが広まると嬉しいと思います。,どちらともいえない,交通の便利がいまいちだと思う,とても好ましい,地元が賑わうのは素直に嬉しいと思う。,"観光客の消費によって飲食業や宿泊業が潤う, まちに賑わいが生まれる, 波及効果により他の地場産業が活気づく, 地域の知名度が上がる, 移住・定住のきっかけとなる",,"騒音やごみの増加, 交通渋滞や路上駐車などの交通環境の悪化, 歴史文化資源の破壊, 自然破壊",,"観光スポットを結ぶ交通機関, 観光スポットの案内板や標識（多言語表示）, トイレ・休憩所等の整備及びユニバーサル化, 観光イベント, 障害者や高齢者への配慮（バリアフリー）, 飲食施設, 宿泊施設、土産物屋, 駐車場",2,2,,8,,5,,40～49歳,女性
越前市,とてもそう思う,駅や道の駅など、田んぼだったところが建物になるだけで価値があると思うから。,とてもそう思う,普段から利用しているため。,とてもそう思う,悪い影響を実感していないため。,とてもそう思う,福井県が好きだから。同じく好きになってほしい。,そう思う,なってほしいとは願っているが、実現可能性があまり感じられないため。ら,どちらともいえない,どんな動きをしているのか把握していないため。,とても好ましい,地元の人気が上がると誇らしい。,"観光客の消費によって飲食業や宿泊業が潤う, まちに賑わいが生まれる, 地域の知名度が上がる, 移住・定住のきっかけとなる",,交通渋滞や路上駐車などの交通環境の悪化,,"観光スポットを結ぶ交通機関, 体験施設",1,3,仮に県外の友達が福井に来たとして、案内できる自信はあるが、満足させる自信はない。,10,,8,人口の減少、外国籍の方の増加によってどうなるか想像できないから。,20～29歳,男性
福井市,そう思う,駅前に人が増えた,そう思う,,とてもそう思う,活気が生まれる,とてもそう思う,良い場所だから,とてもそう思う,食べる、見る、など魅力的だから,評価している,,とても好ましい,活気が生まれる,"観光客の消費によって飲食業や宿泊業が潤う, まちに賑わいが生まれる, 地域の知名度が上がる, 観光客との交流が生まれる, 移住・定住のきっかけとなる",,"騒音やごみの増加, 交通渋滞や路上駐車などの交通環境の悪化, 自然破壊",,"観光スポットを結ぶ交通機関, 観光イベント, 飲食施設, 宿泊施設、土産物屋",5,5,良いもの、場所がたくさんある,10,,10,,50～59歳,男性
福井市,とてもそう思う,福井に来てくれる人が増える,そうは思わない,大阪へ行きにくくなり、ユニバに行く回数が減った,そう思う,,そう思う,,ややそう思う,,どちらかといえば評価している,,とても好ましい,,"観光客の消費によって飲食業や宿泊業が潤う, 地域の知名度が上がる",,特に心配はない,,観光スポットを結ぶ交通機関,3,3,車がないとどこも行けない。公共交通機関、特に電車の本数を増やしてほしい,8,,8,,50～59歳,女性
福井市,あまりそうは思わない,遠いから,あまりそうは思わない,何も変わっていないから,あまりそうは思わない,特段おもわないから,そう思う,来てほしいから。,そう思う,発展していってほしい。,どちらともいえない,何しているかを知らない,どちらかと言えば好ましい,経済が活性化してほしいから。,"観光客の消費によって飲食業や宿泊業が潤う, まちに賑わいが生まれる, 波及効果により他の地場産業が活気づく, 地域の知名度が上がる",,"自然破壊, 治安の悪化",,"トイレ・休憩所等の整備及びユニバーサル化, 飲食施設, 宿泊施設、土産物屋",4,4,いいところと素直に思うから。,8,,7,,20～29歳,男性
鯖江市,ややそう思う,,あまりそうは思わない,,ややそう思う,,そう思う,,ややそう思う,,どちらかといえば評価している,,どちらかと言えば好ましい,,"まちに賑わいが生まれる, 波及効果により他の地場産業が活気づく, 地域の知名度が上がる",,日常生活に影響が出るほどの不安,,"トイレ・休憩所等の整備及びユニバーサル化, 飲食施設, 宿泊施設、土産物屋, 観光案内所、観光ガイド",4,4,,8,,8,,50～59歳,無回答
敦賀市,とてもそう思う,交通アクセスが便利になったから,とてもそう思う,移動手段が多様化されっ,とてもそう思う,消費が活性化される,とてもそう思う,福井に良い印象を持ってもらいたい,とてもそう思う,福井の発展につながるから,どちらかといえば評価している,旅行者のニーズに応えていない,とても好ましい,,"観光客の消費によって飲食業や宿泊業が潤う, まちに賑わいが生まれる, 波及効果により他の地場産業が活気づく, 地域の知名度が上がる, 移住・定住のきっかけとなる",,特に心配はない,,"観光スポットの案内板や標識（多言語表示）, トイレ・休憩所等の整備及びユニバーサル化, 観光イベント, 障害者や高齢者への配慮（バリアフリー）, 観光マップやパンフレット, 飲食施設, 宿泊施設、土産物屋, 観光案内所、観光ガイド, 駐車場, 体験施設",5,3,,6,,5,,60～69歳,男性
高浜町,あまりそうは思わない,敦賀から高浜町までは遠く接続の小浜線はダイヤがまばらで足を延ばす人は皆無,そうは思わない,,ややそう思う,,あまりそうは思わない,,ややそう思う,,どちらともいえない,ピントがあった施策がないから,どちらかと言えば好ましい,交流人口の増加,"観光客の消費によって飲食業や宿泊業が潤う, 観光客との交流が生まれる",,特に心配はない,,"観光スポットを結ぶ交通機関, 体験施設",3,3,,6,,6,,60～69歳,男性
福井市,そう思う,東京方面の観光客が増えたように思う。,あまりそうは思わない,生活に変化がないから,そう思う,,とてもそう思う,少しでも、福井の魅力を知ってほしいから,そう思う,,評価している,,好ましい,経済がまわり、活躍がでるから,"観光客の消費によって飲食業や宿泊業が潤う, まちに賑わいが生まれる, 波及効果により他の地場産業が活気づく, 地域の知名度が上がる",,"騒音やごみの増加, 交通渋滞や路上駐車などの交通環境の悪化",,観光スポットを結ぶ交通機関,3,2,,7,,7,,60～69歳,女性
坂井市,あまりそうは思わない,新幹線の駅から離れている,全くそうは思わない,仕事に関係ない,あまりそうは思わない,北陸でも、金沢に負けている,そう思う,美味しいものがたくさんある,そう思う,みんなに食べてもらいたい,どちらともいえない,よくわからない,好ましい,賑わってほしい,"観光客の消費によって飲食業や宿泊業が潤う, 地域の知名度が上がる, 移住・定住のきっかけとなる",アピールすべきだと思う,交通渋滞や路上駐車などの交通環境の悪化,車が無いと、どこにも行けない,"観光スポットを結ぶ交通機関, 観光イベント, 体験施設",3,3,なんとなく,5,デパートが少ない,5,どれくらい変わるかわからない,60～69歳,女性
あわら市,ややそう思う,,そうは思わない,,そう思う,,とてもそう思う,,とてもそう思う,,どちらともいえない,,とても好ましい,,"観光客の消費によって飲食業や宿泊業が潤う, まちに賑わいが生まれる, 地域の知名度が上がる, 歴史文化資源の保存活用につながる, 移住・定住のきっかけとなる",,特に心配はない,,"観光スポットを結ぶ交通機関, その他",5,4,,6,,5,,60～69歳,女性
敦賀市,とてもそう思う,東京駅で、東京発敦賀行の新幹線表示を見ることが出来、敦賀って何処？って方々にアピールが出来るようになったと思う,そう思う,関西以西に向かう際の、始発駅になったから,そう思う,テレビの旅番組でも取り上げられることが多くなったから,そう思う,せっかく足を運んで頂けるなら、福井県を満喫して好きになって欲しい,そう思う,北陸新幹線の延伸によって、敦賀駅が通過駅にならないように頑張ってほしい,評価している,駅前のイベントを定期的に開催しているところ,好ましい,賑やかになるのは、経済的に良い,"観光客の消費によって飲食業や宿泊業が潤う, まちに賑わいが生まれる, 波及効果により他の地場産業が活気づく, 地域の知名度が上がる, 観光客との交流が生まれる, 歴史文化資源の保存活用につながる, 移住・定住のきっかけとなる, ガイドなど市民参加の場が広がる",,"騒音やごみの増加, 交通渋滞や路上駐車などの交通環境の悪化, 治安の悪化",,"観光スポットを結ぶ交通機関, 観光スポットの案内板や標識（多言語表示）, トイレ・休憩所等の整備及びユニバーサル化, 観光イベント, 飲食施設, 宿泊施設、土産物屋, 観光案内所、観光ガイド, 駐車場, 体験施設",4,3,,7,,7,,60～69歳,女性
鯖江市,あまりそうは思わない,鯖江市は新幹線が止まらず、鯖江駅周辺の開発もないため,そう思う,福井駅周辺で勤務しているため、開発が進みより盛んになった,とてもそう思う,観光客の増加が、県の盛り上がりにつながるため,とてもそう思う,福井県の知名度はとても低いため,とてもそう思う,いいところがたくさんあるから,評価している,観光客増につながっている,どちらかと言えば好ましい,いい人だけが来るわけではないため,"観光客の消費によって飲食業や宿泊業が潤う, まちに賑わいが生まれる, 波及効果により他の地場産業が活気づく, 地域の知名度が上がる",,"騒音やごみの増加, 交通渋滞や路上駐車などの交通環境の悪化, 治安の悪化",,"観光スポットを結ぶ交通機関, 飲食施設, 宿泊施設、土産物屋",5,5,福井に誇りを持っているから,10,環境がいい、カニそばなど美味しいものがたくさんある,10,敦賀大阪がつながることによってより福井が良くなると思うから,30～39歳,男性
高浜町,全くそうは思わない,敦賀から離れているから,全くそうは思わない,同上,とてもそう思う,知名度の向上,そうは思わない,現時点で歓迎ポイントがない,そう思う,活気,どちらともいえない,世代交代が必要,好ましい,このままでは寂れていくばかり,"まちに賑わいが生まれる, 地域の知名度が上がる, 移住・定住のきっかけとなる",魅力が増す,特に心配はない,影響が出るほどの増加は皆無,"観光イベント, 飲食施設, 体験施設",3,4,他の地域よりなましだと思う,6,県内には魅力がない,5,ほぼ変わらず変わるとすれば不便さが増すだけ,50～59歳,女性
永平寺町,ややそう思う,観光客が増えた,あまりそうは思わない,関西までの移動が不便になり割高になった,そう思う,地域観光に携わっている業者が潤う,そう思う,県外に観光に行くと歓迎されるので,ややそう思う,北陸３県を目的にして欲しいと考えているので,どちらともいえない,観光客が大本山永平寺に集中する,どちらかと言えば好ましくない,あらゆるキャパが不足している,観光客の消費によって飲食業や宿泊業が潤う,当然のながれ,"交通渋滞や路上駐車などの交通環境の悪化, 歴史文化資源の破壊, 自然破壊, 治安の悪化",石川県をみて感じる,"観光スポットを結ぶ交通機関, その他",4,4,オンリーワンの施設が多い,4,賃金が低く物価ぎ高い,3,賃金が低く物価が高い,50～59歳,男性
福井市,ややそう思う,関東へのアクセスは良くなったが、関西、中京へのアクセスは悪くなった。さらに料金も上がった。,あまりそうは思わない,関西へ時々行くので、サンダーバードだけの方が良かった。,とてもそう思う,経済効果がある,とてもそう思う,,とてもそう思う,,評価している,,とても好ましい,,"観光客の消費によって飲食業や宿泊業が潤う, まちに賑わいが生まれる, 地域の知名度が上がる",,特に心配はない,,"観光スポットを結ぶ交通機関, トイレ・休憩所等の整備及びユニバーサル化, 観光イベント, 飲食施設, 観光案内所、観光ガイド, 駐車場, 体験施設",4,4,,8,,8,,50～59歳,男性
福井市,そう思う,観光客が来やすくなったから,そう思う,,あまりそうは思わない,,そう思う,,そう思う,,どちらかといえば評価している,,どちらかと言えば好ましい,,"観光客の消費によって飲食業や宿泊業が潤う, まちに賑わいが生まれる",,騒音やごみの増加,,"観光スポットを結ぶ交通機関, トイレ・休憩所等の整備及びユニバーサル化",4,4,海鮮がおいしいから,7,治安がよく、住みやすいから,6,,40～49歳,女性
福井市,とてもそう思う,賑わいが出た,とてもそう思う,移動が便利になった,全くそうは思わない,賑わうこと、認知さらることは大切だから,とてもそう思う,,ややそう思う,住民の生活も、考慮すべき,とても評価している,,とても好ましい,,"観光客の消費によって飲食業や宿泊業が潤う, まちに賑わいが生まれる, 波及効果により他の地場産業が活気づく, 地域の知名度が上がる, 観光客との交流が生まれる, 歴史文化資源の保存活用につながる, 移住・定住のきっかけとなる",,"交通渋滞や路上駐車などの交通環境の悪化, 治安の悪化",,"観光スポットを結ぶ交通機関, 観光スポットの案内板や標識（多言語表示）, トイレ・休憩所等の整備及びユニバーサル化, 観光イベント, 観光マップやパンフレット, 飲食施設, 駐車場, 体験施設",5,5,,10,,9,,20～29歳,男性
鯖江市,ややそう思う,関東方面に行くにはメリット有り、関西（中京）方面に行くには不便となった。,ややそう思う,商用では関東方面への行き来にメリットはあるものの、生活面では関西方面への行き来が多くデメリットを感じる。,ややそう思う,これまでの旅行客は関西中京方面の方が多かったが、サンダーバード、シラサギの便が不便となったため、必ずしも観光にメリットがあるとは思えない。,そう思う,まずは知ってもらうことが重要。観光が活性化すれば、地域の活性化にも繋がると考えるため。,ややそう思う,観光誘客のために必要な対応は待機住民の利便性にもつながるため。,どちらかと言えば評価していない,観光地が散在しており、道路もわかりにくいので、県外の友人に周遊をすすめようと思えないため。,どちらかと言えば好ましい,仕事が増えると考えるため。,"観光客の消費によって飲食業や宿泊業が潤う, 波及効果により他の地場産業が活気づく, その他",便利なルート整備に繋がるため。,交通渋滞や路上駐車などの交通環境の悪化,,"観光スポットを結ぶ交通機関, 観光スポットの案内板や標識（多言語表示）, トイレ・休憩所等の整備及びユニバーサル化, 駐車場",3,3,カニなど単発日帰りならすすめられるが、他にすすめられるものが無く、長期滞在は考えにくいため。,7,特に不自由なく暮らせているため。,5,わからない。,50～59歳,男性
越前市,ややそう思う,越前市は、新幹線の駅が市内からやや遠いため,そう思う,福井市を中心に、観光客の入りが増えているように感じるから　外国人は見かけないけど,そう思う,新幹線効果は大きいと思う,そう思う,外国人観光客に力を入れないとと思う　金沢、京都に流れていると思う。,とてもそう思う,比較的福井県は、全国的にも知名度が低いと感じる,どちらかと言えば評価していない,観光受け入れに熱心さを感じない。案内看板1つ見てもほとんどない。外国人向けは特に。,とても好ましい,観光客の宿泊施設を充実させれば少しは増えるのかと思う。そのことで、地域が活性化、新たなビジネス機会が増えていくように感じる。,"観光客の消費によって飲食業や宿泊業が潤う, まちに賑わいが生まれる, 波及効果により他の地場産業が活気づく, 地域の知名度が上がる",県外地域や外国人に対するPRが少なすぎる、活気づくことで景気好循環すると思う,特に心配はない,心配するほどの人の増加があればいいと思う。今そんな心配は必要ない。増えていく要件が今のところ見えないので。,"観光スポットを結ぶ交通機関, 観光スポットの案内板や標識（多言語表示）",5,5,福井県には、どこの市町を見ても知られていない魅力が素晴らしい文化や観光がたくさんある。,10,今の生活に不自由を感じていない,10,今より悪くならなければいいところだと思う,60～69歳,男性
鯖江市,あまりそうは思わない,通過点でしかない,とてもそう思う,実家に帰るのに早くなった,そう思う,,あまりそうは思わない,,とてもそう思う,,評価している,,とても好ましい,,波及効果により他の地場産業が活気づく,,治安の悪化,,観光スポットを結ぶ交通機関,3,2,,2,,2,,50～59歳,女性
福井市,そう思う,イベント事やテナントも増えるから,ややそう思う,多少でも混雑するから,そう思う,インバウンドで外国人も増えるだろうけど、街が活気づくから,とてもそう思う,もっと知ってもらいたい,とてもそう思う,県民も知らない事が多いと思うから。一緒にもっと知っていきたい,どちらかと言えば評価していない,"まだまだ足りない。
告知が少なすぎる。
そんな事やっていたのか？
と後から知る事も多い",好ましい,,"まちに賑わいが生まれる, 波及効果により他の地場産業が活気づく, 地域の知名度が上がる",,交通渋滞や路上駐車などの交通環境の悪化,知らない道で悩むだろうから,"トイレ・休憩所等の整備及びユニバーサル化, 観光イベント, 駐車場, 体験施設",4,4,もっと見どころが増えるといいなと思うから,7,,8,,40～49歳,女性
大野市,ややそう思う,いいところもあるが、関西に行きにくくなった,あまりそうは思わない,関西に行きにくい,そう思う,活気がある,そう思う,,そう思う,,どちらともいえない,,どちらかと言えば好ましい,,"観光客の消費によって飲食業や宿泊業が潤う, まちに賑わいが生まれる, 波及効果により他の地場産業が活気づく",,特に心配はない,,観光イベント,3,3,過疎化が進みすぎ,7,,5,,50～59歳,男性
越前市,ややそう思う,,全くそうは思わない,,とてもそう思う,"関東へのアクセスは、東海道新幹線、米原経由のほうが本数も多く便利なうえ
関西方面へのアクセスが劇的に悪くなった。",そう思う,,そう思う,,評価している,,どちらかと言えば好ましい,,"観光客の消費によって飲食業や宿泊業が潤う, まちに賑わいが生まれる, 波及効果により他の地場産業が活気づく",,交通渋滞や路上駐車などの交通環境の悪化,,"トイレ・休憩所等の整備及びユニバーサル化, 観光イベント, 観光マップやパンフレット, 駐車場",4,4,,8,,7,,50～59歳,無回答
越前町,そう思う,テレビで良く取りげられるようになったきがする,あまりそうは思わない,今も影響はないから,あまりそうは思わない,何もないから,あまりそうは思わない,関係ないから,そう思う,人それぞれ好きなようにしたらいいから,どちらともいえない,よく知らない,どちらともいえない,どちらにしても私には関係ない,観光客の消費によって飲食業や宿泊業が潤う,魚心がすごい人だから,特に心配はない,今も何もない,その他,1,1,何も無い,6,家族がいるから幸せなだけで どの県でもいいと思う,5,未来のことなどしらない,40～49歳,女性
永平寺町,ややそう思う,"関東方面からの観光客が、増えた
",ややそう思う,"関東方面が、近くなった
",ややそう思う,"それ程観光客が、増えていると言うわけでもないから
",そう思う,"自分自身が、とても良い所だと思っているから
",ややそう思う,"良い所だが、増えすぎるのはちょっと違う
",どちらともいえない,,どちらかと言えば好ましい,,"観光客の消費によって飲食業や宿泊業が潤う, まちに賑わいが生まれる, 波及効果により他の地場産業が活気づく",,"騒音やごみの増加, 交通渋滞や路上駐車などの交通環境の悪化, 歴史文化資源の破壊, 自然破壊, 治安の悪化","有名な観光地での、治安の悪さや、ゴミなどの問題
","観光スポットを結ぶ交通機関, 障害者や高齢者への配慮（バリアフリー）, 宿泊施設、土産物屋",2,3,,8,,8,,60～69歳,無回答
越前市,そう思う,県外から来やすくなったから,あまりそうは思わない,ハピラインと新幹線がつながるような手段があると新幹線を利用しやすくなるとおもう,そう思う,知名度が高くなるから,ややそう思う,宣伝をたくさんしてバスで案内したい,そう思う,旅行会社が宣伝してきてもらうのがいい,どちらかといえば評価している,恐竜博物館が予約しないといけないくらいに人気,好ましい,こちらに住みたいと思ったらいいと思うから,"観光客の消費によって飲食業や宿泊業が潤う, まちに賑わいが生まれる, 地域の知名度が上がる, 移住・定住のきっかけとなる",,"歴史文化資源の破壊, 治安の悪化",,"トイレ・休憩所等の整備及びユニバーサル化, 飲食施設, 宿泊施設、土産物屋, 観光案内所、観光ガイド",2,3,遊び場がないから,6,田舎だから,6,娘も息子も県外にいて頼れないから,60～69歳,女性
越前市,そう思う,駅周辺で県外車を良く見かける,あまりそうは思わない,敦賀市、関西中京なら車で,そう思う,金沢経由だとしてもプラスだと思う,そう思う,たとえ少しでもプラスはプラス,そう思う,経済的に貢献して欲しい,どちらかといえば評価している,観光資源が少ないなか頑張っていると思う,どちらかと言えば好ましい,マナーの悪い観光客はN.G.,"観光客の消費によって飲食業や宿泊業が潤う, まちに賑わいが生まれる, 波及効果により他の地場産業が活気づく, 地域の知名度が上がる, 観光客との交流が生まれる, 歴史文化資源の保存活用につながる, 移住・定住のきっかけとなる, ガイドなど市民参加の場が広がる",,"騒音やごみの増加, 交通渋滞や路上駐車などの交通環境の悪化, 歴史文化資源の破壊, 自然破壊, 治安の悪化",,"観光スポットを結ぶ交通機関, 観光スポットの案内板や標識（多言語表示）, トイレ・休憩所等の整備及びユニバーサル化, 観光イベント, 障害者や高齢者への配慮（バリアフリー）, 観光マップやパンフレット, 飲食施設, 宿泊施設、土産物屋, 観光案内所、観光ガイド, 駐車場, 体験施設",5,3,価値観はそれぞれなので強制はしたくない、でも来る人は歓迎したい,9,海あり山ありの環境で、大きな災害も無くて住みやすい,9,老化は有るものの、今のまま大きな変化もなく過ごしていると思う,70歳以上,男性
福井市,そう思う,,そう思う,,そうは思わない,変なバスとか置物にお金使って住民のための設備は作ってないから,そう思う,,ややそう思う,,どちらともいえない,,どちらともいえない,,まちに賑わいが生まれる,,特に心配はない,,"飲食施設, 体験施設",1,1,,5,,5,,～19歳,女性
福井市,とてもそう思う,福井市まで大阪から1本で来られたら言うことない,とてもそう思う,仕事で大阪に行かなくてはならないため今の乗り換えは大変,全くそうは思わない,観光してもらって魅力を知ってもらってお金を落としてもらうことはいいこと,とてもそう思う,友達にも来て欲しい。ただ福井駅周辺に観光する場所がない,とてもそう思う,あわら温泉はすごくいいと思う。美味しいお魚をもっと売り出すべきだと思います,どちらかと言えば評価していない,大阪から引っ越してきた身としてはイベントの組み方などワクワクするものはまだまだ少ないとは思う,とても好ましい,,"観光客の消費によって飲食業や宿泊業が潤う, まちに賑わいが生まれる, 移住・定住のきっかけとなる",,特に心配はない,,"観光スポットを結ぶ交通機関, 観光イベント, 飲食施設, 体験施設",4,5,ご飯が美味しいし海も山もあって過ごしやすいので。,7,とても住みやすいですが大阪に仕事で行かないといけないので、その度に新幹線とサンダーバード乗り換えが苦痛。早く通して欲しい,8,新幹線が通れば言うことないです,30～39歳,女性
坂井市,あまりそうは思わない,,ややそう思う,東京にいる家族の移動が楽,ややそう思う,,そう思う,,そう思う,,どちらかといえば評価している,,どちらかと言えば好ましい,,波及効果により他の地場産業が活気づく,,交通渋滞や路上駐車などの交通環境の悪化,"交通機関飲食店宿泊施設すべて追いついてない
観光施設が点在してるので不便だと思う","観光スポットを結ぶ交通機関, 観光スポットの案内板や標識（多言語表示）, トイレ・休憩所等の整備及びユニバーサル化, 観光イベント, 障害者や高齢者への配慮（バリアフリー）, 観光マップやパンフレット, 飲食施設, 宿泊施設、土産物屋, 観光案内所、観光ガイド, 駐車場, 体験施設",1,1,坂井町は,5,,2,坂井町は免許返納になったら不便しかない,60～69歳,女性
敦賀市,ややそう思う,遠距離への行き来が楽になった,ややそう思う,信越方面へ行きやすくなった,あまりそうは思わない,,全くそうは思わない,,全くそうは思わない,,どちらともいえない,,全く好ましくない,,特に効果は期待できない,,"騒音やごみの増加, 交通渋滞や路上駐車などの交通環境の悪化, 歴史文化資源の破壊, 自然破壊, 治安の悪化, 日常生活に影響が出るほどの不安",,"観光スポットを結ぶ交通機関, トイレ・休憩所等の整備及びユニバーサル化, 駐車場",1,1,,3,,1,,60～69歳,男性
美浜町,ややそう思う,敦賀に降りる観光客が増え、少し波及効果を感じる,あまりそうは思わない,東京など行く機会がほぼないため,そうは思わない,まだまだ観光資源に対し観光客や宿、アクティビティが足りていない,とてもそう思う,1次産業から3次産業を発展させるために必要,そう思う,,まったく評価していない,お金を溶かし続けてる、効果的な広告や補助金を打てていない,好ましい,経済が回ることにより雇用が生まれる,"観光客の消費によって飲食業や宿泊業が潤う, 波及効果により他の地場産業が活気づく, 歴史文化資源の保存活用につながる, 移住・定住のきっかけとなる, ガイドなど市民参加の場が広がる",,自然破壊,,"観光スポットを結ぶ交通機関, トイレ・休憩所等の整備及びユニバーサル化, 観光マップやパンフレット, 飲食施設, 宿泊施設、土産物屋, 体験施設",3,4,美味しいご飯と豊かな自然がある、夏も都心部に比べて比較的涼しい,7,生活コストも低く、京阪神も近く利便が良い,6,人口減による衰退に対して効果的な手が打てていない,30～39歳,男性
鯖江市,そう思う,サンドームのライブ客が増えている,そう思う,東京に行きやすくなった,あまりそうは思わない,観光客が増えて福井が賑わうから,そう思う,,そう思う,,評価している,,とても好ましい,,"観光客の消費によって飲食業や宿泊業が潤う, まちに賑わいが生まれる",,特に心配はない,,"観光スポットを結ぶ交通機関, 観光イベント",3,4,,8,,8,,30～39歳,女性
永平寺町,そう思う,町全体の活気,そう思う,東京が近くなった,そう思う,多くの人が来てくれる,とてもそう思う,福井県を知ってほしい,そう思う,まだまだ知られていないから,評価している,いろんなことにチャレンジしている,とても好ましい,街が活気づく,"まちに賑わいが生まれる, 地域の知名度が上がる",,特に心配はない,,"観光スポットを結ぶ交通機関, 観光スポットの案内板や標識（多言語表示）",4,4,恐竜がある,8,住みやすい,8,,50～59歳,男性
永平寺町,そう思う,永平寺の観光客が増えたと思う,そう思う,東京へアクセスしやすい。乗り心地が良い。,とてもそう思う,,そう思う,,とてもそう思う,修学旅行に良いと思う。永平寺や敦賀など歴史を学べる,評価している,,とても好ましい,活気づく,"観光客の消費によって飲食業や宿泊業が潤う, まちに賑わいが生まれる, 波及効果により他の地場産業が活気づく, 地域の知名度が上がる, 観光客との交流が生まれる, 歴史文化資源の保存活用につながる, ガイドなど市民参加の場が広がる",,交通渋滞や路上駐車などの交通環境の悪化,公共交通機関がないので自動車移動が当然になる,"観光スポットを結ぶ交通機関, 観光スポットの案内板や標識（多言語表示）, トイレ・休憩所等の整備及びユニバーサル化, 観光イベント, 観光マップやパンフレット, 飲食施設, 宿泊施設、土産物屋, 駐車場, 体験施設",5,5,永平寺は世界に誇れる,2,交通に便が悪い、雪が降ると渋滞する。宿泊施設がない。,3,,50～59歳,男性
福井市,ややそう思う,,あまりそうは思わない,,そう思う,,ややそう思う,,ややそう思う,,どちらかといえば評価している,,どちらかと言えば好ましい,,地域の知名度が上がる,,騒音やごみの増加,,トイレ・休憩所等の整備及びユニバーサル化,1,3,,7,,7,,40～49歳,男性
福井市,とてもそう思う,駅前に住んでおりますが　旅行の方が増えています。,あまりそうは思わない,人が増え日ごろの買い物が、しにくくなりました。,そう思う,活気が出て　若い人たちのエネルギーを福井の為に使ってもらえそうだから。,とてもそう思う,"生まれ育った所に興味を持ち　来県してくれるから。自分が育った福井県を　過去に「九州？」等と尋ねられた事があり　寂しい思い
をしました。",そう思う,福井県の多種の興味深い場所を発信して　次も来たいねと　言ってもらえる宝がいっぱいあるから。,評価している,恐竜を始め　あらゆる年代に発信していると思います。厳かな永平寺と高岡のジョイントも興味があります。,どちらかと言えば好ましい,マナーの悪さが感じられる事があります。,"観光客の消費によって飲食業や宿泊業が潤う, まちに賑わいが生まれる, 波及効果により他の地場産業が活気づく, 地域の知名度が上がる, 観光客との交流が生まれる, 歴史文化資源の保存活用につながる, 移住・定住のきっかけとなる",,"騒音やごみの増加, 交通渋滞や路上駐車などの交通環境の悪化, 歴史文化資源の破壊",,"観光スポットを結ぶ交通機関, 観光スポットの案内板や標識（多言語表示）, トイレ・休憩所等の整備及びユニバーサル化, 障害者や高齢者への配慮（バリアフリー）, 駐車場, 体験施設",5,4,"いろんな魅力がいっぱい。多方面の魅力。今まで培った先人達に感謝　です。

",7,縁あって福井市に住んでいますが、融雪装置の維持管理は経済的にも労力的にも負担に感じます。,6,"健康面、経済面など想像がつきません。
",70歳以上,女性
福井市,とてもそう思う,関東圏からの人の流れが増えたこと、駅前が整備されてたくさんの人が訪れる場所へ進化したため。,とてもそう思う,新幹線開業は、100年に一度のビッグイベントと言われているが、仕事にもその良い影響の恩恵を受けているため。,とてもそう思う,関東以遠が東海道新幹では行きづらかったのを解消したので。,とてもそう思う,1人でも多く福井県を訪れて欲しい。,とてもそう思う,あわら温泉や越前カニでリピーターを増やして、これからも断続的に観光客を増やしたい。,とても評価している,,とても好ましい,福井県内のホテル業、旅館業、観光業が活気付くので。,"観光客の消費によって飲食業や宿泊業が潤う, まちに賑わいが生まれる, 波及効果により他の地場産業が活気づく, 地域の知名度が上がる, 観光客との交流が生まれる, 歴史文化資源の保存活用につながる, 移住・定住のきっかけとなる",,特に心配はない,福井に来る人で治安悪い人は来ないイメージのため。,"観光スポットを結ぶ交通機関, 観光スポットの案内板や標識（多言語表示）, トイレ・休憩所等の整備及びユニバーサル化, 観光イベント, 観光マップやパンフレット, 観光案内所、観光ガイド",5,5,,10,子育てがしやすい環境、買い物に不便さを感じない。,10,,40～49歳,女性
福井市,ややそう思う,,ややそう思う,,ややそう思う,,そう思う,,そう思う,,どちらともいえない,,どちらともいえない,,地域の知名度が上がる,,"騒音やごみの増加, 交通渋滞や路上駐車などの交通環境の悪化, 歴史文化資源の破壊, 自然破壊, 治安の悪化",,"駐車場, その他",3,3,,2,,2,,40～49歳,女性
坂井市,ややそう思う,県外客が増えた。,ややそう思う,少しは福井にお金を落としてもらえている。,ややそう思う,マナーの悪い県外客が増えた。,ややそう思う,マナーの悪い人はおことわり。,ややそう思う,,評価している,,とても好ましい,,"観光客の消費によって飲食業や宿泊業が潤う, 地域の知名度が上がる, 移住・定住のきっかけとなる",,"騒音やごみの増加, 交通渋滞や路上駐車などの交通環境の悪化, 自然破壊, 治安の悪化",,"観光スポットを結ぶ交通機関, 駐車場",2,2,,8,,7,,40～49歳,男性
福井市,そう思う,福井駅周辺が活気あふれるようになり、各市町の観光地も賑わってる県外者が増えてる,あまりそうは思わない,名古屋に行くのが不便,そう思う,県外者が観光地に来て福井県にとって良い,そう思う,福井県に観光地が多く美味しい物もたくさんある,そう思う,日本の中心地福井県,評価している,アピールがいい,好ましい,観光客が来て福井県の商売が盛り上がる,"観光客の消費によって飲食業や宿泊業が潤う, まちに賑わいが生まれる, 地域の知名度が上がる, 移住・定住のきっかけとなる",観光客がいて福井は盛り上がる,交通渋滞や路上駐車などの交通環境の悪化,交通渋滞が多くなる,"観光スポットを結ぶ交通機関, 障害者や高齢者への配慮（バリアフリー）, 飲食施設, 宿泊施設、土産物屋, 駐車場, 体験施設",4,5,福井県を知って欲しい,8,今から,10,なってくれれば,50～59歳,男性
福井市,そう思う,新幹線を利用した来福者の増加、新規店の出店,とてもそう思う,関東への利便性,とてもそう思う,知名度アップ、新規資本の流入,そう思う,,そう思う,観光産業や新規人員の増加の可能性が増加するため,どちらともいえない,観光振興対応がよくわからいため。知名度不足,どちらかと言えば好ましい,オーバーツーリズムにならないような管理が必要と考える。そうなると地元の協力が得られない。,"観光客の消費によって飲食業や宿泊業が潤う, まちに賑わいが生まれる, 波及効果により他の地場産業が活気づく, 地域の知名度が上がる, ガイドなど市民参加の場が広がる",,"騒音やごみの増加, 交通渋滞や路上駐車などの交通環境の悪化, 歴史文化資源の破壊, 自然破壊, 治安の悪化",,"観光スポットを結ぶ交通機関, 観光スポットの案内板や標識（多言語表示）, 観光案内所、観光ガイド",3,2,観光資源が定型的で一度見たら十分な施設ばかり。,7,,7,5年では現状と変わらないと思う。箱物建築で税金増加が垣間見える。福井の箱物は失敗が多く期待が持てない。例　市営地下駐車場、アオッサ。建築するなら、民間企業ベースで。,60～69歳,男性
小浜市,あまりそうは思わない,,ややそう思う,,あまりそうは思わない,,ややそう思う,,ややそう思う,,どちらともいえない,,どちらともいえない,,まちに賑わいが生まれる,,騒音やごみの増加,,観光スポットを結ぶ交通機関,3,3,,7,,7,,50～59歳,男性
福井市,そう思う,東京が近くなった。,そう思う,北陸新幹線沿線の都市が近くなった。,ややそう思う,関西、名古屋方面の不便さも大きいが、長野…大宮…東京は、便利になったと思う。,とてもそう思う,交流人口が、増えるのはよいことだと思います。,そう思う,,どちらともいえない,県外から見た福井のコマーシャル状況が不明。,好ましい,福井に住みたい人が増えるかも,"まちに賑わいが生まれる, 地域の知名度が上がる, 観光客との交流が生まれる, 移住・定住のきっかけとなる",そうあってほしいです。,"騒音やごみの増加, 治安の悪化",ありえるから,"観光スポットを結ぶ交通機関, トイレ・休憩所等の整備及びユニバーサル化, 観光イベント, 駐車場, その他",3,3,まだまだ、ほうもんしてもらう場所や設備が追いついていない。まちづくりが遅れている。,8,雪を除けば！住みやすい。,10,"５年では、変わらないと思います。
",50～59歳,男性
越前市,そうは思わない,近くに観光地がない,そうは思わない,電車で関西方面に行くのが不便になったくらいで特に生活は変わらない,ややそう思う,恐竜博物館や東尋坊などの観光地、蟹や越前おろし蕎麦、ソースカツ丼を求めて人が増えている気がする,そう思う,福井の良さを知って欲しい,そう思う,福井県の場所も知らない人が多いので、アピールして欲しい,どちらかと言えば評価していない,住んでいる地域はもっと頑張るべき,どちらかと言えば好ましい,経済効果,"観光客の消費によって飲食業や宿泊業が潤う, まちに賑わいが生まれる, 地域の知名度が上がる, 観光客との交流が生まれる, 移住・定住のきっかけとなる",,"騒音やごみの増加, 交通渋滞や路上駐車などの交通環境の悪化, 自然破壊, 治安の悪化",言葉の問題,"観光スポットを結ぶ交通機関, 観光スポットの案内板や標識（多言語表示）, トイレ・休憩所等の整備及びユニバーサル化, 観光イベント, 障害者や高齢者への配慮（バリアフリー）, 観光マップやパンフレット, 飲食施設, 宿泊施設、土産物屋, 観光案内所、観光ガイド, 駐車場, 体験施設",2,4,,9,生活しやすい環境だと思う,8,,50～59歳,女性
大野市,あまりそうは思わない,福井からわざわざ乗り換えてまで来る魅力はあるとは思えないから,あまりそうは思わない,使うことはあまりないと思うから,ややそう思う,,ややそう思う,,あまりそうは思わない,,どちらともいえない,,どちらかと言えば好ましい,,"観光客の消費によって飲食業や宿泊業が潤う, 歴史文化資源の保存活用につながる",,"騒音やごみの増加, 交通渋滞や路上駐車などの交通環境の悪化, 治安の悪化",,"トイレ・休憩所等の整備及びユニバーサル化, 駐車場",2,2,,6,車がないと交通の便が悪い、過ごすことのできる施設が限られている,5,,20～29歳,女性
越前市,そう思う,越前市から新幹線に乗ることが増えました。,そう思う,東京に乗り換えなしで行けるようになりました,とてもそう思う,恐竜や、お蕎麦、東尋坊等たくさん知ってもらい、たくさんの人に来てもらえると、福井見が活気づくからです。,とてもそう思う,何度も来福してくれると嬉しいです,とてもそう思う,持っと他県の人が興味を持って足を運んでくれるような工夫して活気づきと良いです。,評価している,もっとアピール出来ることをアピール出来ると良いと思います。,とても好ましい,福井県にたくさんの人が来てくれる!,"観光客の消費によって飲食業や宿泊業が潤う, まちに賑わいが生まれる, 波及効果により他の地場産業が活気づく, 地域の知名度が上がる, 観光客との交流が生まれる, 歴史文化資源の保存活用につながる, 移住・定住のきっかけとなる, ガイドなど市民参加の場が広がる",チェックしたものは全てその通りだと思います,"騒音やごみの増加, 歴史文化資源の破壊, 自然破壊",そこまでの心配事が出るほど活気づくと嬉しい悲鳴です。,"観光スポットを結ぶ交通機関, 観光スポットの案内板や標識（多言語表示）, トイレ・休憩所等の整備及びユニバーサル化, 観光イベント, 障害者や高齢者への配慮（バリアフリー）, 観光マップやパンフレット, 飲食施設, 宿泊施設、土産物屋, 観光案内所、観光ガイド, 体験施設",5,4,強く、「ここを観るべき!ここに行くべき!」と言える場所が、少ないから、もっと増えると良いです,9,子育て等、とても住みやすいですが、雪の季節が大変なので、そこが問題です。,9,融雪環境がしっかりしていることを願います,50～59歳,女性
越前市,そう思う,観光客が多くなった,あまりそうは思わない,何も変わらないから,そう思う,一部のお店が繁盛している,そう思う,お店が活発になる,そう思う,県民だけでは限界がある,どちらかといえば評価している,今一つ駅周辺の開発が遅れている,どちらかと言えば好ましい,お店が活発になる,"観光客の消費によって飲食業や宿泊業が潤う, まちに賑わいが生まれる",一部のお店が繁盛している,交通渋滞や路上駐車などの交通環境の悪化,お店に入れない,"観光スポットを結ぶ交通機関, 観光スポットの案内板や標識（多言語表示）, 観光イベント, 飲食施設, 駐車場",4,4,住み良い町だから,9,住み良い町だから,9,住み良い町だから,60～69歳,男性
鯖江市,あまりそうは思わない,,あまりそうは思わない,,そう思う,,そう思う,,そう思う,,どちらともいえない,,どちらかと言えば好ましい,,"観光客の消費によって飲食業や宿泊業が潤う, まちに賑わいが生まれる, 地域の知名度が上がる",,特に心配はない,,観光イベント,3,2,,5,,4,,60～69歳,男性
南越前町,あまりそうは思わない,観光所もないし特別美味しいお店もないから,ややそう思う,乗り換えなしで関東へ行けるから,ややそう思う,そうあってくれたらいいなと思う,とてもそう思う,南越前町にはなくても永平寺、東尋坊など良い観光名所はあるから,そう思う,知名度は上がってほしい,どちらともいえない,あまりよく知らないから,とても好ましい,良いところをたくさんの人に知ってほしいから,"観光客の消費によって飲食業や宿泊業が潤う, まちに賑わいが生まれる, 地域の知名度が上がる",,特に心配はない,,観光スポットを結ぶ交通機関,2,3,福井県にはたくさんあるが南越前町にはないから,5,田舎だが、今のところ災害もなく平和なので,5,現在はいいけど高齢になると免許返納しないといけないが車がなかったらとてもとても不便だから,50～59歳,女性
福井市,ややそう思う,人の動きが多くなる。,あまりそうは思わない,新幹線はあまり利用しないから。,ややそう思う,関東からの観光客が増える。,そう思う,福井県民だから。,ややそう思う,,どちらかといえば評価している,,好ましい,,"観光客の消費によって飲食業や宿泊業が潤う, まちに賑わいが生まれる, 波及効果により他の地場産業が活気づく, 地域の知名度が上がる",,"騒音やごみの増加, 治安の悪化",,"観光スポットを結ぶ交通機関, 観光スポットの案内板や標識（多言語表示）, トイレ・休憩所等の整備及びユニバーサル化, 観光イベント, 障害者や高齢者への配慮（バリアフリー）, 飲食施設, 駐車場, 体験施設",3,3,,8,,8,,60～69歳,男性
福井市,ややそう思う,福井駅に観光客が増えた,全くそうは思わない,,とてもそう思う,福井の魅力を知ってもらえる,とてもそう思う,,とてもそう思う,,どちらともいえない,,とても好ましい,,"観光客の消費によって飲食業や宿泊業が潤う, まちに賑わいが生まれる, 波及効果により他の地場産業が活気づく, 地域の知名度が上がる, 観光客との交流が生まれる, 歴史文化資源の保存活用につながる, 移住・定住のきっかけとなる, ガイドなど市民参加の場が広がる",,"交通渋滞や路上駐車などの交通環境の悪化, 歴史文化資源の破壊, 自然破壊",,"観光スポットを結ぶ交通機関, 観光スポットの案内板や標識（多言語表示）, 観光イベント, 障害者や高齢者への配慮（バリアフリー）, 観光マップやパンフレット, 宿泊施設、土産物屋, 観光案内所、観光ガイド, 体験施設",3,3,,5,,5,,50～59歳,女性
敦賀市,とてもそう思う,駅前の人通りが増えた,そう思う,富山の実家に帰りやすくなった,そう思う,,そう思う,,そう思う,,評価している,,好ましい,,"観光客の消費によって飲食業や宿泊業が潤う, まちに賑わいが生まれる, 波及効果により他の地場産業が活気づく, 地域の知名度が上がる",,"交通渋滞や路上駐車などの交通環境の悪化, 自然破壊",,"観光スポットを結ぶ交通機関, 観光マップやパンフレット, 飲食施設, 宿泊施設、土産物屋, 駐車場",4,4,,8,,8,,50～59歳,女性
あわら市,そう思う,関東から乗り換えなしで福井県まで来れるようになり、観光客が増えた。,そうは思わない,愛知県に実家があるが、鉄道が不便になり、自家用車で帰省することが多くなった。,そう思う,観光客が増えて、店舗が増えたりリニューアルして、活気が出てきた。,とてもそう思う,福井県はいろいろな魅力があるので、多くの人に知って欲しい。,とてもそう思う,新幹線の効果を県の活性化に繋げるのに、最も効率的だと思います。,とても評価している,旅館や飲食店が積極的にSNS等で発信しており、自治体もサポートしている。,好ましい,福井県の魅力を感じてもらい、それをまだ知らない人に広げてもらえる。,"観光客の消費によって飲食業や宿泊業が潤う, まちに賑わいが生まれる, 波及効果により他の地場産業が活気づく, 地域の知名度が上がる",,騒音やごみの増加,,"観光スポットを結ぶ交通機関, 観光スポットの案内板や標識（多言語表示）, トイレ・休憩所等の整備及びユニバーサル化, 障害者や高齢者への配慮（バリアフリー）",4,4,自然が豊で食べ物も美味しい。また、歴史的な名所も多い。,8,都会のようにあくせくすることがなく、のんびりと暮らせる。,8,健康であれば70歳になり、年金で生活するようになる。希望を込めて幸せであったらよいと思う。,60～69歳,男性
福井市,そう思う,観光客の増加による経済活性化,あまりそうは思わない,関西圏への交通が悪くなった,そう思う,経済活性化,そう思う,,そう思う,,どちらかといえば評価している,,好ましい,,"観光客の消費によって飲食業や宿泊業が潤う, まちに賑わいが生まれる, 波及効果により他の地場産業が活気づく, 地域の知名度が上がる, 歴史文化資源の保存活用につながる, 移住・定住のきっかけとなる",,"騒音やごみの増加, 交通渋滞や路上駐車などの交通環境の悪化, 歴史文化資源の破壊, 治安の悪化",,"観光スポットを結ぶ交通機関, トイレ・休憩所等の整備及びユニバーサル化, 観光イベント, 飲食施設, 駐車場, 体験施設",4,4,,7,,7,,60～69歳,男性
勝山市,そう思う,車で来られる人が多かったが、公共交通サービスで移動するという選択が増えたから,あまりそうは思わない,車で移動することが殆どなので,そう思う,観光客が増えるから,そう思う,地元が活気づくので,ややそう思う,生活するのにも良い地域にしたい,どちらかといえば評価している,宿泊施設が少ない,どちらかと言えば好ましい,道の渋滞とか増えると辛い,"まちに賑わいが生まれる, 波及効果により他の地場産業が活気づく, 移住・定住のきっかけとなる",,"騒音やごみの増加, 交通渋滞や路上駐車などの交通環境の悪化, 自然破壊, 治安の悪化",,"トイレ・休憩所等の整備及びユニバーサル化, 障害者や高齢者への配慮（バリアフリー）, 宿泊施設、土産物屋, 駐車場",4,3,,8,,8,,60～69歳,女性
福井市,とてもそう思う,新規オープンの飲食店などがたくさんできたりしたから。,とてもそう思う,新規オープンの飲食店などがたくさんできたりしたから。,とてもそう思う,新規オープンの飲食店などがたくさんできたりしたから。,とてもそう思う,いいところがたくさんある福井をたくさんの人に楽しんでもらいたいから。,とてもそう思う,いいところがたくさんある福井をたくさんの人に楽しんでもらいたいから。,とても評価している,ネットで検索すると、たくさん行ってみたい場所が出でくるから,とても好ましい,いいところがたくさんある福井をたくさんの人に楽しんでもらいたいから。,"観光客の消費によって飲食業や宿泊業が潤う, まちに賑わいが生まれる, 波及効果により他の地場産業が活気づく, 地域の知名度が上がる, 観光客との交流が生まれる, 歴史文化資源の保存活用につながる, 移住・定住のきっかけとなる",,"騒音やごみの増加, 交通渋滞や路上駐車などの交通環境の悪化, 歴史文化資源の破壊, 自然破壊, 治安の悪化",,"観光スポットを結ぶ交通機関, 観光スポットの案内板や標識（多言語表示）, トイレ・休憩所等の整備及びユニバーサル化, 障害者や高齢者への配慮（バリアフリー）, 観光マップやパンフレット, 飲食施設, 宿泊施設、土産物屋, 観光案内所、観光ガイド, 駐車場, 体験施設",4,5,本物がたくさんあるから,10,毎日おいしくてリーズナブルなものをたくさん食べられるから。スーパーも飲食店も高品質。,10,おいしくてリーズナブルなスーパーや飲食店がどんどん増えるから,50～59歳,女性
敦賀市,ややそう思う,お店が増えたり施設が綺麗になったりと少し活気が湧いた気がするから。,あまりそうは思わない,敦賀から東京方面へ行くときは米原経由の方が近いため利用することがないから。,ややそう思う,経済が回るから。,ややそう思う,マナーが良い人ばかりではないため、増えれば増えるほどいいとは思わないから。,ややそう思う,自然が豊かで食べ物が美味しいところが魅力的だから。,どちらかといえば評価している,少しずつイベントが増えてきたと感じるから。,どちらかと言えば好ましい,活気づくのは嬉しいことだが、治安が悪くなるのは嫌だから。,"観光客の消費によって飲食業や宿泊業が潤う, まちに賑わいが生まれる, 波及効果により他の地場産業が活気づく",地域のサービス業や農業・漁業がずっと続いてほしいから。,"騒音やごみの増加, 交通渋滞や路上駐車などの交通環境の悪化, 治安の悪化",夏になるとマナーが悪い観光客がよく目につくから。,"観光スポットを結ぶ交通機関, トイレ・休憩所等の整備及びユニバーサル化, 観光イベント, 観光マップやパンフレット, 飲食施設",4,4,落ち着いた時間を過ごすことができると感じるから。,6,自然の豊かさを身近に感じられ、子ども用施設も増えてきたと感じる一方で、20?30代が気軽に足を運べる飲食店や娯楽施設がないから。,6,今と何も変わっていない気がするから。,20～29歳,女性
福井市,そう思う,,ややそう思う,,そう思う,,そう思う,,そう思う,,どちらともいえない,,好ましい,,"観光客の消費によって飲食業や宿泊業が潤う, まちに賑わいが生まれる, 移住・定住のきっかけとなる",,交通渋滞や路上駐車などの交通環境の悪化,,"観光スポットを結ぶ交通機関, 障害者や高齢者への配慮（バリアフリー）, 駐車場",2,3,,3,,3,,50～59歳,女性
福井市,ややそう思う,以前より観光に来ている方をよく見かけるようになった,あまりそうは思わない,今後はわからないが今現在関西方面に移動するとき乗り換えも不便で料金もあがった。,そう思う,内に籠りがちな県民性があるように感じているので多様な方とふれあう機会が増えいい方に変化があると感じる,そう思う,,ややそう思う,あまりにも来県人数が多いと福井の良さが失われる。変化が良いことばかりでは無いと思う,どちらかと言えば評価していない,どこを見ても同じことばかり。お金の無駄にしか思えない。観光に関係する方はいいかもしれないが他の方々には何のメリットも無く不公平感も強い,どちらともいえない,,"観光客の消費によって飲食業や宿泊業が潤う, まちに賑わいが生まれる, 観光客との交流が生まれる, 歴史文化資源の保存活用につながる",,"騒音やごみの増加, 交通渋滞や路上駐車などの交通環境の悪化, 日常生活に影響が出るほどの不安",,"観光スポットを結ぶ交通機関, 体験施設",1,3,,8,,8,,50～59歳,男性
越前市,ややそう思う,,あまりそうは思わない,,そう思う,,そう思う,,そう思う,,どちらかといえば評価している,,好ましい,,"観光客の消費によって飲食業や宿泊業が潤う, まちに賑わいが生まれる, 波及効果により他の地場産業が活気づく, 地域の知名度が上がる, 観光客との交流が生まれる, 歴史文化資源の保存活用につながる, 移住・定住のきっかけとなる",,"騒音やごみの増加, 歴史文化資源の破壊, 治安の悪化",,"観光スポットを結ぶ交通機関, 観光スポットの案内板や標識（多言語表示）, 観光イベント",5,4,,8,,8,,30～39歳,男性
坂井市,ややそう思う,観光客が増えた気がするから,ややそう思う,東京方面への交通が便利になったから,そう思う,経済効果,とてもそう思う,観光資源が豊富だから,とてもそう思う,,どちらかといえば評価している,,好ましい,,"観光客の消費によって飲食業や宿泊業が潤う, まちに賑わいが生まれる, 移住・定住のきっかけとなる",,"騒音やごみの増加, 交通渋滞や路上駐車などの交通環境の悪化, 治安の悪化",,"トイレ・休憩所等の整備及びユニバーサル化, 障害者や高齢者への配慮（バリアフリー）, 宿泊施設、土産物屋, 駐車場",4,5,,9,,9,,40～49歳,女性
鯖江市,とてもそう思う,,ややそう思う,鯖江市在住者は不便になった部分があることや、観光客が減った気がする,そう思う,,とてもそう思う,,とてもそう思う,,評価している,,とても好ましい,,"観光客の消費によって飲食業や宿泊業が潤う, まちに賑わいが生まれる",,騒音やごみの増加,,トイレ・休憩所等の整備及びユニバーサル化,3,3,,7,,8,,40～49歳,男性
福井市,とてもそう思う,東京方面からの観光客などが多くなる,とてもそう思う,東京方面へのアクセスが格段に良くなった,とてもそう思う,,とてもそう思う,,とてもそう思う,,どちらかといえば評価している,,好ましい,,"観光客の消費によって飲食業や宿泊業が潤う, まちに賑わいが生まれる, 波及効果により他の地場産業が活気づく, 地域の知名度が上がる, 観光客との交流が生まれる, 歴史文化資源の保存活用につながる, 移住・定住のきっかけとなる, ガイドなど市民参加の場が広がる",,特に心配はない,,"観光スポットを結ぶ交通機関, トイレ・休憩所等の整備及びユニバーサル化, 観光イベント, 障害者や高齢者への配慮（バリアフリー）, 宿泊施設、土産物屋, 体験施設",4,3,,5,,5,,70歳以上,男性
福井市,ややそう思う,,あまりそうは思わない,,ややそう思う,,そう思う,,ややそう思う,,どちらかといえば評価している,,どちらかと言えば好ましい,,"観光客の消費によって飲食業や宿泊業が潤う, まちに賑わいが生まれる, 波及効果により他の地場産業が活気づく, 地域の知名度が上がる, 移住・定住のきっかけとなる",,"騒音やごみの増加, 交通渋滞や路上駐車などの交通環境の悪化, 治安の悪化",,"観光スポットを結ぶ交通機関, 観光イベント, 駐車場",3,3,,7,,7,,60～69歳,女性
大野市,ややそう思う,駅から遠いが少なからずメリットはあると思う,そう思う,県全体が活気をあびれば良いと思う,とてもそう思う,人がいる事は良い事だ,そう思う,活気が有るのは良い,そう思う,人流は大事だ,とても評価している,活気が出て来たから,好ましい,人流があるのは良い,"まちに賑わいが生まれる, 移住・定住のきっかけとなる",,"自然破壊, 日常生活に影響が出るほどの不安",,"観光スポットを結ぶ交通機関, 観光マップやパンフレット",4,4,自然が豊か,5,交通の便が悪い,5,過疎で良くなる事はあまり期待できない,60～69歳,男性
鯖江市,ややそう思う,環境客の増加,ややそう思う,北信越、関東方面の時間短縮,ややそう思う,来客者の増加,そう思う,事前の豊かさを感じられる,ややそう思う,,どちらかといえば評価している,,好ましい,,"観光客の消費によって飲食業や宿泊業が潤う, まちに賑わいが生まれる, 地域の知名度が上がる, 観光客との交流が生まれる, 歴史文化資源の保存活用につながる",,特に心配はない,,"観光スポットを結ぶ交通機関, 観光スポットの案内板や標識（多言語表示）, 宿泊施設、土産物屋, 観光案内所、観光ガイド",4,4,,7,,7,,60～69歳,男性
坂井市,とてもそう思う,関東からの人が増えた,とてもそう思う,お客様が増えた,とてもそう思う,お土産などの売上が増えた,とてもそう思う,初めて来県して印象が良ければリピートしてくれるから,とてもそう思う,福井を知らない人ばかりだか,評価している,宿泊客に還元してる,とても好ましい,みんなが潤うから,"観光客の消費によって飲食業や宿泊業が潤う, 地域の知名度が上がる, 移住・定住のきっかけとなる",都会に出て行くばかりで入って来ないから,"交通渋滞や路上駐車などの交通環境の悪化, 治安の悪化",,"観光スポットを結ぶ交通機関, 駐車場",5,5,食べ物が美味しい,7,幸せだけど車が無いと生活できない,8,老人施設が多いから,60～69歳,男性
大野市,ややそう思う,観光客が多くなった気がする,ややそう思う,気持ち的に観光客がくると嬉しい,ややそう思う,悪い影響はあまり思い浮かばない,そう思う,自分の市を誇りに思いたい,そう思う,福井にしかない魅力があると思うから,どちらかと言えば評価していない,特になにをしてるか分からない,どちらかと言えば好ましい,増えるのは嬉しいが問題も増えるかもしれないと心配,"観光客の消費によって飲食業や宿泊業が潤う, まちに賑わいが生まれる, 地域の知名度が上がる, 移住・定住のきっかけとなる",町が賑わうのが大切だと思う,"騒音やごみの増加, 治安の悪化",分からないが治安の悪化は困る,"観光スポットの案内板や標識（多言語表示）, 観光イベント, 体験施設",3,3,住むにはいいが、観光の魅力としてはまだ開花してないと思う,9,安全で不便もないから。でも子供達には働き口がない,8,変わらないかなと思ってる,40～49歳,女性
鯖江市,あまりそうは思わない,鯖江にサンダーバードが来なくなったので関西からが非常に不便。,あまりそうは思わない,特に利用することがない。,そう思う,話題性はあるので。,そう思う,"移住して約10年、やっと福井の良さが分かってきた。
(それでも不便だったり物足りなさはあるが)",ややそう思う,やはり一日中遊べたり、滞在できるところは少ないので、メインの目的ではなくても、経由地でもいいから福井に来てほしいとは思う。,どちらかといえば評価している,,どちらかと言えば好ましい,,"波及効果により他の地場産業が活気づく, 移住・定住のきっかけとなる",,特に心配はない,,"観光スポットを結ぶ交通機関, トイレ・休憩所等の整備及びユニバーサル化, 障害者や高齢者への配慮（バリアフリー）",3,3,,5,"特に幸せなどを物差しにして考えてはない。
福井県はすぐ幸福度と持ち出すが、その物差しが必要なのかいまだに分からない。",5,,40～49歳,女性
福井市,とてもそう思う,,とてもそう思う,,そう思う,,そう思う,,そう思う,,評価している,,好ましい,,観光客の消費によって飲食業や宿泊業が潤う,,騒音やごみの増加,,観光スポットを結ぶ交通機関,4,5,,8,,10,,40～49歳,女性
鯖江市,そう思う,,ややそう思う,,そうは思わない,,とてもそう思う,,そう思う,,評価している,,好ましい,,"観光客の消費によって飲食業や宿泊業が潤う, 波及効果により他の地場産業が活気づく",,治安の悪化,,"観光スポットを結ぶ交通機関, 観光スポットの案内板や標識（多言語表示）",4,4,,7,,6,,30～39歳,女性
越前市,あまりそうは思わない,"関西が遠くなりました

観光客が増え、飲食店に入りにくくなりました",そうは思わない,関西に行きにくいです,あまりそうは思わない,わからないので,そう思う,来てくださったので,あまりそうは思わない,どの様な影響があるかわからないため,どちらかといえば評価している,"頑張っている感じがしたため
",どちらかと言えば好ましくない,落ち着かない,"観光客の消費によって飲食業や宿泊業が潤う, 波及効果により他の地場産業が活気づく, ガイドなど市民参加の場が広がる",なんとなく思います,交通渋滞や路上駐車などの交通環境の悪化,"実感があるため
","観光スポットの案内板や標識（多言語表示）, 障害者や高齢者への配慮（バリアフリー）, 観光マップやパンフレット, 宿泊施設、土産物屋, 観光案内所、観光ガイド, 駐車場",1,3,自慢できる部分があります,5,"余り比べるものではないので
",5,,50～59歳,女性
坂井市,そう思う,観光客が増えた（坂井市では、特に三国・丸岡地区）,そう思う,東京へ行きやすくなった,とてもそう思う,,とてもそう思う,,とてもそう思う,,とても評価している,,好ましい,,"観光客の消費によって飲食業や宿泊業が潤う, まちに賑わいが生まれる, 地域の知名度が上がる, 観光客との交流が生まれる, 歴史文化資源の保存活用につながる, 移住・定住のきっかけとなる, ガイドなど市民参加の場が広がる",,"騒音やごみの増加, 交通渋滞や路上駐車などの交通環境の悪化, 治安の悪化",,"観光スポットを結ぶ交通機関, 観光スポットの案内板や標識（多言語表示）, トイレ・休憩所等の整備及びユニバーサル化, 観光イベント, 障害者や高齢者への配慮（バリアフリー）, 観光マップやパンフレット, 体験施設",5,4,,10,,10,,50～59歳,女性
大野市,あまりそうは思わない,アクセスが悪い,ややそう思う,ソウルフードの認知,そうは思わない,,そう思う,,そう思う,,評価している,,好ましい,,観光客の消費によって飲食業や宿泊業が潤う,,交通渋滞や路上駐車などの交通環境の悪化,,観光スポットを結ぶ交通機関,2,2,,8,,3,,50～59歳,男性
若狭町,あまりそうは思わない,敦賀までのため,あまりそうは思わない,乗ることない,そう思う,,そう思う,,そう思う,,どちらかと言えば評価していない,,とても好ましい,,"観光客の消費によって飲食業や宿泊業が潤う, まちに賑わいが生まれる, 歴史文化資源の保存活用につながる, 移住・定住のきっかけとなる",,"自然破壊, 治安の悪化",,"観光スポットを結ぶ交通機関, 障害者や高齢者への配慮（バリアフリー）, 飲食施設, 駐車場",5,3,,5,交通機関の悪さ、,4,代わりはない,70歳以上,女性
越前市,とてもそう思う,県外の人が沢山立ち寄ってくれると思う,とてもそう思う,ディズニーが好きで、東京が近く感じれるようになった。新幹線ができてから、２回ディズニーに行くことができた！,とてもそう思う,悪い影響になるようなことを思いつかないから。,とてもそう思う,色んな人がもっと福井県に立ち寄って、福井の良さをしってほしい。,とてもそう思う,自然豊かでとても過ごしやすい福井県、綺麗な観光地もある。もっと知ってほしい。,とても評価している,ふくあぷりや、掘りだくさんプランはSNSでもよく見かける。若い世代や子育て世代にとてもいい効果になってるとおもう。,とても好ましい,福井の魅力を知ってもらえるのはいいことだとおもう。,"観光客の消費によって飲食業や宿泊業が潤う, まちに賑わいが生まれる, 波及効果により他の地場産業が活気づく, 地域の知名度が上がる, 観光客との交流が生まれる, 歴史文化資源の保存活用につながる, 移住・定住のきっかけとなる, ガイドなど市民参加の場が広がる",伝統工芸品など、とても素晴らしい福井の魅力をしって、またさらにいろんなところに発信するこにつながるとおもう。,日常生活に影響が出るほどの不安,ひとつひとつの観光地までの交通手段があまりないので、バスの本数を増やすとか、もっとバスの値段をさげて使いやすくするといいと思う。,"観光スポットを結ぶ交通機関, 観光マップやパンフレット, 飲食施設, 体験施設",5,5,もっと福井県のものや、わたしは越前市なので、蕎麦や打刃物やその他の伝統工芸をお勧めします。,10,"都会ではないから便利はあんまりだけど、
とても過ごしやすくて、自然もあって、いい県だと思う。",10,もっと観光業が頑張ってくれてたくさんの人が訪れてると思う。,40～49歳,女性
鯖江市,そうは思わない,電車が不便になり、鯖江駅が寂しくなりました。,とてもそう思う,"大阪、名古屋に行くのにとても不便になり
全く出向く気になりません。",あまりそうは思わない,来られる方の気持ちは、わかりません。,とてもそう思う,にぎやかになり、経済もうるおうから。,とてもそう思う,観光地になれは人口も増えてうるおうから。,どちらかと言えば評価していない,観光地がばらはらにあるのと交通の便が悪い。,とても好ましい,賑やかになる。,"観光客の消費によって飲食業や宿泊業が潤う, まちに賑わいが生まれる, 波及効果により他の地場産業が活気づく, 地域の知名度が上がる, 移住・定住のきっかけとなる",,交通渋滞や路上駐車などの交通環境の悪化,交通マナーが悪くなるのは迷惑です。,"観光スポットを結ぶ交通機関, トイレ・休憩所等の整備及びユニバーサル化",3,3,メガネの鯖江はよく言われます。,7,散歩できる公園があるといい。,8,良くなる事を期待して。,60～69歳,女性
坂井市,あまりそうは思わない,,あまりそうは思わない,,ややそう思う,,そう思う,,そう思う,,評価している,,好ましい,,"まちに賑わいが生まれる, 地域の知名度が上がる, 移住・定住のきっかけとなる",,"騒音やごみの増加, 交通渋滞や路上駐車などの交通環境の悪化",,"トイレ・休憩所等の整備及びユニバーサル化, 観光イベント, 宿泊施設、土産物屋",2,2,,7,,5,,60～69歳,女性
福井市,とてもそう思う,観光しやすくなった。東京まっ近くなった,とてもそう思う,おでかけしやすくなった,とてもそう思う,街中ぎ賑やかになった,とてもそう思う,適度な観光できる。海の幸、山の幸、食べ物美味しい,とてもそう思う,,とても評価している,,とても好ましい,,"観光客の消費によって飲食業や宿泊業が潤う, まちに賑わいが生まれる",,日常生活に影響が出るほどの不安,,"観光スポットの案内板や標識（多言語表示）, 障害者や高齢者への配慮（バリアフリー）",5,5,,10,,10,,50～59歳,男性
鯖江市,あまりそうは思わない,駅が遠いから賑わいさが無い,あまりそうは思わない,最寄り駅が不便,ややそう思う,,ややそう思う,,ややそう思う,,どちらともいえない,,どちらかと言えば好ましい,,波及効果により他の地場産業が活気づく,,治安の悪化,,観光スポットを結ぶ交通機関,4,3,,7,,7,,60～69歳,女性
福井市,あまりそうは思わない,,全くそうは思わない,実家の大阪まで帰省しづらくなった,あまりそうは思わない,,とてもそう思う,,あまりそうは思わない,,どちらともいえない,,どちらかと言えば好ましくない,,"観光客の消費によって飲食業や宿泊業が潤う, まちに賑わいが生まれる, 地域の知名度が上がる, 移住・定住のきっかけとなる",,"騒音やごみの増加, 交通渋滞や路上駐車などの交通環境の悪化, 歴史文化資源の破壊, 自然破壊, 治安の悪化",,"観光スポットを結ぶ交通機関, トイレ・休憩所等の整備及びユニバーサル化, 障害者や高齢者への配慮（バリアフリー）",3,4,,5,,4,車を所有していないので不便に感じると思う,40～49歳,女性
福井市,あまりそうは思わない,,あまりそうは思わない,,そう思う,,ややそう思う,,ややそう思う,,どちらともいえない,,どちらともいえない,,観光客の消費によって飲食業や宿泊業が潤う,,交通渋滞や路上駐車などの交通環境の悪化,,"観光スポットを結ぶ交通機関, 宿泊施設、土産物屋",1,3,,10,,10,,50～59歳,男性
敦賀市,ややそう思う,"以前よりも、市内に観光客をよく見かける気がします
新しく飲食店が開業している",ややそう思う,新しく開店したお店に行ったから,そう思う,,そう思う,,ややそう思う,,どちらかといえば評価している,,好ましい,,"観光客の消費によって飲食業や宿泊業が潤う, まちに賑わいが生まれる, 地域の知名度が上がる",,"騒音やごみの増加, 交通渋滞や路上駐車などの交通環境の悪化",,"観光スポットの案内板や標識（多言語表示）, 駐車場",3,4,,9,,8,,60～69歳,女性
敦賀市,ややそう思う,駅前が整備されたので,ややそう思う,東京まで乗り換えなしで新幹線で行けるから,あまりそうは思わない,"在来線が廃止され、特急に乗り換えが必要になり嶺北への悪影響になり、敦賀乗り換えはノータイムのため嶺南の観光に繋がらない
",ややそう思う,観光業の人もいるから,ややそう思う,こだわる必要はないから,どちらともいえない,何をしているかも知らないから,どちらかと言えば好ましい,観光業の人もいるから,観光客の消費によって飲食業や宿泊業が潤う,,"騒音やごみの増加, 交通渋滞や路上駐車などの交通環境の悪化, 歴史文化資源の破壊, 自然破壊, 治安の悪化, 日常生活に影響が出るほどの不安",,"観光イベント, 体験施設",3,3,,5,,5,,60～69歳,無回答
永平寺町,そう思う,,あまりそうは思わない,,ややそう思う,,そう思う,,ややそう思う,オーバーツーリズムにならない範囲でなら,評価している,ハピコイン5000円チャージの政策はよかった,どちらかと言えば好ましい,,"観光客の消費によって飲食業や宿泊業が潤う, 波及効果により他の地場産業が活気づく, 地域の知名度が上がる, 歴史文化資源の保存活用につながる",,"騒音やごみの増加, 交通渋滞や路上駐車などの交通環境の悪化, 治安の悪化",,"観光スポットを結ぶ交通機関, 観光スポットの案内板や標識（多言語表示）, トイレ・休憩所等の整備及びユニバーサル化, 観光イベント, 障害者や高齢者への配慮（バリアフリー）, 観光マップやパンフレット, 飲食施設, 宿泊施設、土産物屋, 駐車場, 体験施設",4,3,,7,,5,,30～39歳,女性
福井市,ややそう思う,,ややそう思う,,ややそう思う,,ややそう思う,,そう思う,,どちらかといえば評価している,,どちらかと言えば好ましい,,まちに賑わいが生まれる,,交通渋滞や路上駐車などの交通環境の悪化,,トイレ・休憩所等の整備及びユニバーサル化,3,3,,8,,7,,60～69歳,男性
小浜市,あまりそうは思わない,小浜市は、あまり影響がない。駅のホーム汚いです,あまりそうは思わない,小浜まで開通に時間がかかるから,ややそう思う,東京から直通デ便利,そう思う,,そう思う,,どちらともいえない,,どちらかと言えば好ましい,,まちに賑わいが生まれる,,治安の悪化,,飲食施設,3,3,,3,,3,,50～59歳,女性
福井市,全くそうは思わない,開通以前と全く変わりが無い,全くそうは思わない,以前から変わりがない,そう思う,まだ知名度の低い福井を知ってもらい実際に食や観光を実感してもらう事で知名度も上がり口コミやSNSで話題になる。人が流れてくれば地元が潤う,とてもそう思う,せっかく福井に来たのでぜひ楽しんでもらいたいから,とてもそう思う,まずは知ってもらう事。福井の魅力を知ってもらうと福井県民としてうれしい,評価していない,一部でやっているっぽいが、正直何をしているかわからない。,とても好ましい,行く行くは人口増加にもつながると思う,"観光客の消費によって飲食業や宿泊業が潤う, まちに賑わいが生まれる, 地域の知名度が上がる, 移住・定住のきっかけとなる",,"騒音やごみの増加, 交通渋滞や路上駐車などの交通環境の悪化, 自然破壊, 治安の悪化",,"観光スポットを結ぶ交通機関, 観光スポットの案内板や標識（多言語表示）, トイレ・休憩所等の整備及びユニバーサル化, 観光イベント, 観光マップやパンフレット, 飲食施設, 宿泊施設、土産物屋, 観光案内所、観光ガイド, 駐車場, 体験施設, その他",4,5,いろんな魅力があるから,2,道路状況が良くない。国道もひどい渋滞でバイパスすらないのは北陸で福井だけでは？,5,変わる様子が見えない。期待もしていない,50～59歳,男性
若狭町,ややそう思う,多少は観光で訪れる人が増えているように感じる。,そう思う,敦賀から新幹線が利用できるから。,とてもそう思う,敦賀の駅前は以前よりも活気があるとおもうので。,とてもそう思う,"福井には新鮮な魚介類など自慢できるものがいくつかあり、他県の人にも知って欲しいから。
",とてもそう思う,嶺南地域は特に観光に力を入れて街を活性化しなければいけないと感じるので。,どちらともいえない,街の取り組みが見えにくいので。,とても好ましい,人口が減り、若者が減り、そのことで産業も育たない中、観光は大切な産業だから。,"観光客の消費によって飲食業や宿泊業が潤う, まちに賑わいが生まれる, 地域の知名度が上がる, 観光客との交流が生まれる, 移住・定住のきっかけとなる, ガイドなど市民参加の場が広がる",,治安の悪化,最近の都会で起こっている凶悪な事件が他人事ではなくなるので。,"観光スポットを結ぶ交通機関, 飲食施設, 体験施設",3,3,今のままではおすすめできない。,5,,6,北陸新幹線が小浜まで延伸になれば、少しは状況が変わるかも。,60～69歳,女性
福井市,そう思う,,あまりそうは思わない,,とてもそう思う,,そう思う,,そう思う,,どちらかといえば評価している,,どちらかと言えば好ましい,,"観光客の消費によって飲食業や宿泊業が潤う, 地域の知名度が上がる, 歴史文化資源の保存活用につながる, 移住・定住のきっかけとなる",,"交通渋滞や路上駐車などの交通環境の悪化, 自然破壊, 治安の悪化",,"観光スポットを結ぶ交通機関, 観光マップやパンフレット, 宿泊施設、土産物屋, 駐車場",3,3,,7,,8,,30～39歳,男性
福井市,ややそう思う,関東方面への移動は楽になった,そうは思わない,関西への乗り継ぎが不便。,そうは思わない,人がいないことが、福井の一番の利点だから,そう思う,ふるさと福井に、悪い印象を持ってほしくない,全くそうは思わない,人で溢れた賑やかな永平寺など、最悪である。,まったく評価していない,観光客増加による、ぼったくり増加,全く好ましくない,ぼったくり店、値上げの増加。おろしそば千円など,"観光客の消費によって飲食業や宿泊業が潤う, まちに賑わいが生まれる",,"騒音やごみの増加, 交通渋滞や路上駐車などの交通環境の悪化, 治安の悪化, その他",たまの旅行ではなく普段使いの地元民にとっては、値上げが厳しい,"観光スポットを結ぶ交通機関, 観光スポットの案内板や標識（多言語表示）, トイレ・休憩所等の整備及びユニバーサル化, 宿泊施設、土産物屋, 駐車場",3,5,実際に多方面で勧めている,6,片町など、個人経営の店では、どこの人か、仕事は何か、家族はいるか、と客に聞いてくる。さらに、他の客に勝手に言いふらす。とにかくプライバシーにゆるい。無責任な噂を流す者も多い,10,ふるさとに感謝している,50～59歳,無回答
越前市,とてもそう思う,時間的に通勤や通が範囲か広がった。,ややそう思う,東京が直通でいけること,全くそうは思わない,"時間か早くなり
行動範囲が広がった。",とてもそう思う,お金を落としてくれるための、地域振興になる。,とてもそう思う,"恐竜博物館だけでなく
東尋坊や永平寺など観光地はもっと売り込む",評価していない,"越前市は観光が全くないが
うちはものや和紙、メガネなどを定期的に観光ばすで結ぶ、せめて越前菊人形期間でも
やって欲しい。",とても好ましい,地域が潤う,"観光客の消費によって飲食業や宿泊業が潤う, 波及効果により他の地場産業が活気づく, 観光客との交流が生まれる, 移住・定住のきっかけとなる",,交通渋滞や路上駐車などの交通環境の悪化,,"観光スポットを結ぶ交通機関, 観光スポットの案内板や標識（多言語表示）, トイレ・休憩所等の整備及びユニバーサル化, 観光イベント, 宿泊施設、土産物屋",4,2,観光地に魅力が少ない。,8,自然などが良い,5,,60～69歳,男性
小浜市,とてもそう思う,新幹線が本当に便利なものですねと感じましたー,とてもそう思う,自然があってとても穏やかな街です,とてもそう思う,海が凄く落ち着きます,とてもそう思う,鯖がまあまあなので食べて帰って欲しいです。,とてもそう思う,鯖が有名なのでやって行って欲しいです,とても評価している,とても住みやすい町です,とても好ましい,凄く親切にしてくれると思います,地域の知名度が上がる,鯖が有名なので是非に訪れて欲しいです,騒音やごみの増加,特に無いです,観光スポットを結ぶ交通機関,5,5,是非に小浜市に来てほしいです,10,凄く優しく接してくれるのが嬉しいです,7,だんだん歳をとるにつれて寂しくなっていきそうです。,50～59歳,女性
坂井市,そう思う,あわらに新幹線が停車する事で坂井市に来てくれる人もいる,そう思う,"職場の出張が楽になる、出張先でも坂井市の話が出てくる事で仕事にも影響がある
",そう思う,"経済効果があれば仕事が増える。
街が綺麗になる",そう思う,多くの人に知ってもらいたい,そう思う,まだまだ魅力がたくさんあると思う,どちらかといえば評価している,まだまだ上手いやり方があると思う,好ましい,街が活性化する。魅力を知って移住者も出てくるかもしれない,"観光客の消費によって飲食業や宿泊業が潤う, まちに賑わいが生まれる, 移住・定住のきっかけとなる",,"騒音やごみの増加, 交通渋滞や路上駐車などの交通環境の悪化, 歴史文化資源の破壊, 治安の悪化",,"観光スポットを結ぶ交通機関, トイレ・休憩所等の整備及びユニバーサル化, 宿泊施設、土産物屋, 観光案内所、観光ガイド",5,5,三国町の魅力は夏だけでは無い。冬の東尋坊の魅力を伝えるための努力もして欲しい,7,住みやすいが高齢者の移動問題など問題はある,5,これからの市政により市民の増減も関係してくると思う,50～59歳,男性
福井市,とてもそう思う,福井駅周辺に観光客が多くなったと感じたから,ややそう思う,大阪まで乗り継ぎ無しで行けるようになる,そう思う,,そう思う,,とてもそう思う,,どちらともいえない,,どちらかと言えば好ましい,,"観光客の消費によって飲食業や宿泊業が潤う, まちに賑わいが生まれる, 地域の知名度が上がる",,特に心配はない,,"トイレ・休憩所等の整備及びユニバーサル化, 宿泊施設、土産物屋, 体験施設",4,4,,7,,7,,50～59歳,男性
福井市,そう思う,関東方面への移動、並びに関東方面からの移動が楽になる,ややそう思う,関東方面への移動、並びに関東方面からの移動が楽になる,とてもそう思う,,そう思う,,そう思う,,評価している,,好ましい,,"観光客の消費によって飲食業や宿泊業が潤う, まちに賑わいが生まれる, 波及効果により他の地場産業が活気づく, 移住・定住のきっかけとなる",,"騒音やごみの増加, 自然破壊, 治安の悪化",,"観光スポットの案内板や標識（多言語表示）, トイレ・休憩所等の整備及びユニバーサル化, 宿泊施設、土産物屋",4,4,,7,,7,,60～69歳,男性
福井市,とてもそう思う,福井でお金を使ってもらえるから,ややそう思う,特にはないですが、新しいお店ができたりする事は嬉しいです,そう思う,県外の人にもっと福井を知ってもらえるから,そう思う,北陸の中でも田舎っぽいから福井に来てくれてありがとうです,そう思う,美味しい食も豊富だからです,どちらかといえば評価している,取り組んでるように思えるから,好ましい,街が賑わってほしいから,"観光客の消費によって飲食業や宿泊業が潤う, まちに賑わいが生まれる, 波及効果により他の地場産業が活気づく, 地域の知名度が上がる, 移住・定住のきっかけとなる, ガイドなど市民参加の場が広がる",,交通渋滞や路上駐車などの交通環境の悪化,心配されないよう準備するべき,"観光マップやパンフレット, 飲食施設, 駐車場",2,3,お店とかが多いほうではないので,8,普通が一番大事,7,遊びに行けるところが増えているかわからないから,50～59歳,女性
福井市,ややそう思う,福井駅前の人出が増えたと思うから,あまりそうは思わない,"大阪、名古屋、神奈川方面に行くのが面倒になった
",ややそう思う,東京からの流れが増えたから,そう思う,,ややそう思う,,どちらともいえない,,どちらともいえない,,"観光客の消費によって飲食業や宿泊業が潤う, まちに賑わいが生まれる, 波及効果により他の地場産業が活気づく, 地域の知名度が上がる",,"騒音やごみの増加, 交通渋滞や路上駐車などの交通環境の悪化",,"観光スポットの案内板や標識（多言語表示）, トイレ・休憩所等の整備及びユニバーサル化, 障害者や高齢者への配慮（バリアフリー）, 観光マップやパンフレット",2,3,,7,,5,,70歳以上,女性
福井市,とてもそう思う,,ややそう思う,,とてもそう思う,,とてもそう思う,,とてもそう思う,,評価している,,とても好ましい,,"観光客の消費によって飲食業や宿泊業が潤う, まちに賑わいが生まれる, 波及効果により他の地場産業が活気づく, 地域の知名度が上がる, 観光客との交流が生まれる, 歴史文化資源の保存活用につながる, 移住・定住のきっかけとなる, ガイドなど市民参加の場が広がる",,特に心配はない,,"観光スポットを結ぶ交通機関, 宿泊施設、土産物屋",5,5,,9,,9,,60～69歳,男性
鯖江市,あまりそうは思わない,通過するだけで、利用しにくい,あまりそうは思わない,東京より大阪へよくでかけるのですが、鯖江駅からの特急もなくなり、ハピラインで武生駅に行っても新幹線の駅へのアクセスが悪い,そう思う,観光客は増えた気がする,とてもそう思う,福井県の経済が良くなって欲しい,そう思う,他県の人からの認知度が低いから寂しいから,どちらともいえない,観光地が一丸となり切れていない。熊本の黒川温泉などは街が一体として同じ雰囲気を漂わせているので湯めぐりもワクワクするが、芦原温泉は個々にバラバラな感じがして、湯めぐりのワクワクが得られない。ほか、朝倉遺跡に関してももう少し、時代感を損なわないいろいろなお店があったりした方がいいと感じる。テーマパーク感や活気が欲しい。,好ましい,福井県の経済に活気が出るから,"観光客の消費によって飲食業や宿泊業が潤う, まちに賑わいが生まれる, 波及効果により他の地場産業が活気づく, 地域の知名度が上がる, ガイドなど市民参加の場が広がる",,"騒音やごみの増加, 歴史文化資源の破壊, 自然破壊",,"観光スポットを結ぶ交通機関, 飲食施設, 宿泊施設、土産物屋, 観光案内所、観光ガイド, 体験施設",3,3,,7,若いひとが、大学をでると有名企業がないことや、大卒に見合った給料がもらえないことを理由に出て行ってしまうことが残念です。もう少し経済的にも活気があり若者が希望を持って福井で働く環境を作ってほしい。,8,私的年金が出るようになり、仕事で60歳以降賃金が減ってもなんとかなりそうだから。,50～59歳,女性
坂井市,そう思う,とても早く来られるようになったので。先日東京に行きましたが、3時間ほどで到着できるのは驚きました。（しかも座席の間が広いです。）,そう思う,関東方面に行きやすくなったと思います。,そう思う,それほど悪い影響が見当たらないため。,そう思う,経済面でよくなるとおもうため。,ややそう思う,今の福井県がとても好きだから。,評価している,様々なキャンペーンをしていて、活用したくなるため。,好ましい,福井の良さを知ってほしいため。,"観光客の消費によって飲食業や宿泊業が潤う, 歴史文化資源の保存活用につながる, 移住・定住のきっかけとなる",,治安の悪化,,"観光スポットを結ぶ交通機関, トイレ・休憩所等の整備及びユニバーサル化, 観光イベント, 飲食施設",4,4,住みやすさという点ではすばらしいと思うため。（食・住）,8,うきうきするようなイベントはあまりないかもしれないが、ほっこりする安心はたくさんあると思うため。,8,交通が便利になるといいと思う。車がないと生活できない。,50～59歳,女性
福井市,ややそう思う,,あまりそうは思わない,特にない,ややそう思う,経済効果と知名度アップ,ややそう思う,経済効果と知名度アップ,ややそう思う,経済効果と知名度アップ,どちらかといえば評価している,,どちらかと言えば好ましい,経済効果と知名度アップ,"観光客の消費によって飲食業や宿泊業が潤う, まちに賑わいが生まれる, 波及効果により他の地場産業が活気づく, 地域の知名度が上がる, 歴史文化資源の保存活用につながる",,"騒音やごみの増加, 交通渋滞や路上駐車などの交通環境の悪化, 治安の悪化",,"観光スポットを結ぶ交通機関, 観光スポットの案内板や標識（多言語表示）, トイレ・休憩所等の整備及びユニバーサル化, 観光マップやパンフレット, 飲食施設, 宿泊施設、土産物屋, 観光案内所、観光ガイド, 駐車場, 体験施設",3,3,,7,,6,,60～69歳,女性
永平寺町,ややそう思う,,ややそう思う,関東方面のアクセスが良くなった,ややそう思う,,ややそう思う,,ややそう思う,,どちらともいえない,組織的な取組みが不足している,どちらともいえない,受入れの側の、インフラやサービスが進化していない,"観光客との交流が生まれる, 歴史文化資源の保存活用につながる",,交通渋滞や路上駐車などの交通環境の悪化,,"観光スポットを結ぶ交通機関, 観光スポットの案内板や標識（多言語表示）, トイレ・休憩所等の整備及びユニバーサル化, 駐車場",3,2,,3,交通網、文化施設など整備が不十分,3,市街地と郊外の住み分けで、生活環境や行政サービスを充実さたコンパクトな街づくりが必要,60～69歳,男性
鯖江市,全くそうは思わない,鯖江市には新幹線の駅が無くて、JRもハピラインになり、特急電車も無くなった為,とてもそう思う,東京までのアクセスが良くなった為,とてもそう思う,経済的に潤う,とてもそう思う,,とてもそう思う,恐竜博物館を中心として、恐竜の街の訴求をより一層図って世界中から観光客を誘致すると良いと思うから,どちらともいえない,具体的な対策が実感出来ていないから,とても好ましい,経済的に潤うから,"観光客の消費によって飲食業や宿泊業が潤う, まちに賑わいが生まれる, 地域の知名度が上がる, 観光客との交流が生まれる",,特に心配はない,都会でなどで心配されるようなオーバーツーリズムは福井では現実的に起きないと思うから,"観光スポットを結ぶ交通機関, 宿泊施設、土産物屋",4,5,,10,,10,,60～69歳,男性
福井市,ややそう思う,東京方面へのアクセスの便がかなり良くなった。一方、大阪方面のアクセスは悪くなり不満。,全くそうは思わない,生活は県内で完結するので影響ない。,とてもそう思う,福井の魅力をより多くの方に知っていただきたい。,とてもそう思う,福井の魅力をより多くの方に知っていただきたい。,とてもそう思う,そう思うが、そのためには現状維持では難しいと感じる。,とても評価している,宿泊施設や観光施設を増やす取り組みを感じている。,どちらかと言えば好ましい,福井県の発展につながる。,"まちに賑わいが生まれる, 観光客との交流が生まれる",いろんな文化の人と交流し刺激を受け、人も地域も成長することを期待する。,"騒音やごみの増加, 交通渋滞や路上駐車などの交通環境の悪化, 歴史文化資源の破壊, 自然破壊, 治安の悪化",,"観光スポットを結ぶ交通機関, 観光スポットの案内板や標識（多言語表示）, トイレ・休憩所等の整備及びユニバーサル化, 駐車場",5,5,観光地は少ないが自分自身が福井を魅力に感じていることは伝わるはず。,10,,10,,30～39歳,男性
坂井市,ややそう思う,よく分からない,そう思う,なんとなく,ややそう思う,,ややそう思う,,あまりそうは思わない,,どちらともいえない,,どちらともいえない,,地域の知名度が上がる,,"騒音やごみの増加, 歴史文化資源の破壊, 治安の悪化",,"観光スポットを結ぶ交通機関, トイレ・休憩所等の整備及びユニバーサル化, 飲食施設, 駐車場",1,3,,4,,3,,20～29歳,無回答
敦賀市,あまりそうは思わない,乗り換えなく東京から来れるということで、取材などが増えたように思う。そのおかげで観光客はほんとうに若干、増えてはいる。でもリピーターはいないと思う。日曜日休業日のお店が多すぎ。せっかくの新幹線開通が全く活かせていないと思う。,あまりそうは思わない,特急がなくなり、不便。,あまりそうは思わない,来県者が増えて、魅力ある街になって欲しい。観光地になると、収入が増え、労働も増える。若い人が出ていかなくなる。,とてもそう思う,きて良かった、楽しかった、と思って欲しいから。,ややそう思う,リピーターが増えて欲しい,どちらともいえない,活動内容をよく知らないし、観光客のためになっているのかも分からない。レンタサイクルなど、ヘルメットはどうしているのか。,好ましい,施設、商店、交通機関など、利用者が増えることで、地元民にも便利になるといいな、と思うから。,"観光客の消費によって飲食業や宿泊業が潤う, まちに賑わいが生まれる, 波及効果により他の地場産業が活気づく, 歴史文化資源の保存活用につながる, 移住・定住のきっかけとなる",,"騒音やごみの増加, 交通渋滞や路上駐車などの交通環境の悪化, 自然破壊, 治安の悪化",,"観光スポットを結ぶ交通機関, 観光イベント, 障害者や高齢者への配慮（バリアフリー）, 飲食施設, 駐車場, 体験施設",3,2,定休日、早い時間の終了が多い,8,問題ないが、つまらないと思うこともある。,9,少しずつ良い方向へ向かっていって欲しいと思います。,50～59歳,女性
坂井市,そう思う,,ややそう思う,東京へ乗り換えなしで行ける,そう思う,,そう思う,,ややそう思う,,評価している,,好ましい,,"観光客の消費によって飲食業や宿泊業が潤う, まちに賑わいが生まれる, 波及効果により他の地場産業が活気づく",,交通渋滞や路上駐車などの交通環境の悪化,,"観光スポットを結ぶ交通機関, 障害者や高齢者への配慮（バリアフリー）, 飲食施設",2,3,,8,,8,,60～69歳,男性
あわら市,あまりそうは思わない,通過点にしかならないから,あまりそうは思わない,関係がないから,そう思う,よくない観光客が増えて治安が悪くなる,あまりそうは思わない,関係ないから,そうは思わない,地元のインフラ（街頭、公共交通機関、施設）を整えてから観光を整えるべきだと思うから,どちらかと言えば評価していない,あわら駅前にわざわざどこにでもあるマックを作るのは頭がおかしいと思う。せっかく新幹線があるならもっと他にいろんな選択肢があったのでは？,どちらかと言えば好ましくない,治安が悪化する…騒音とかゴミのポイ捨てとか,特に効果は期待できない,観光場所も施設も飲食店もとくにめぼしいものがないから,"騒音やごみの増加, 交通渋滞や路上駐車などの交通環境の悪化, 治安の悪化, 日常生活に影響が出るほどの不安",温泉街に住んでいるが夜中に観光客が騒いでいて非常にうるさいから,"観光スポットを結ぶ交通機関, その他",1,2,めぼしい場所がない。唯一夜のライトアップくらい,3,,3,県外によく旅行に行くがインフラが整ってないと感じるから,30～39歳,女性
大野市,ややそう思う,公共交通機関が少ないので穴場スポット的になっている感じがする。多少は観光客が増えているみたいに感じる,ややそう思う,悪いとは言わないが、よいとも思わない,あまりそうは思わない,受け皿として整っていない,ややそう思う,地元のマナーを守ってもらえる観光客は歓迎したいが、なんでもOK な観光客は遠慮してもらいたい,ややそう思う,観光地として整備してあるところはいいが、受け入れが整っていないところに目的地にされるのは破壊としか思えない,どちらともいえない,関連団体がわからない,どちらともいえない,人口減少に観光客が増加しても対応できるのか疑問,"まちに賑わいが生まれる, 移住・定住のきっかけとなる",,"騒音やごみの増加, 交通渋滞や路上駐車などの交通環境の悪化, 歴史文化資源の破壊, 自然破壊, 治安の悪化, 日常生活に影響が出るほどの不安",,"観光スポットを結ぶ交通機関, 観光スポットの案内板や標識（多言語表示）, 飲食施設, 宿泊施設、土産物屋, 観光案内所、観光ガイド, 駐車場",4,3,,5,,5,,60～69歳,男性
越前市,ややそう思う,交通の便が良くなった,ややそう思う,関東方面に行きやすくなった,ややそう思う,福井の魅力が分かってもらえる,ややそう思う,経済効果が見込める,ややそう思う,福井の活性化につながる,どちらともいえない,,どちらかと言えば好ましい,,"観光客の消費によって飲食業や宿泊業が潤う, 地域の知名度が上がる",,交通渋滞や路上駐車などの交通環境の悪化,,"観光スポットを結ぶ交通機関, 飲食施設, 宿泊施設、土産物屋",2,2,,8,,6,,50～59歳,無回答
越前町,ややそう思う,カニ,あまりそうは思わない,ない,ややそう思う,カニ,ややそう思う,カニ,そう思う,カニ,どちらかといえば評価している,カニ,どちらかと言えば好ましい,税金,"観光客の消費によって飲食業や宿泊業が潤う, まちに賑わいが生まれる, 観光客との交流が生まれる",ない,騒音やごみの増加,マナー,"観光スポットを結ぶ交通機関, トイレ・休憩所等の整備及びユニバーサル化",4,4,カニ,7,ない,8,ない,40～49歳,男性
福井市,そう思う,観光客が増えて、経済の活性化にはつながっていると思います。,そう思う,東京へ行くのが楽になった。,とてもそう思う,SNSなどを通じて、福井の知名度や関心が高くなったから。,そう思う,福井の良さを知ってもらうことは良いこと。特に子ども達には、もっと来てもらいたい。,そう思う,問５の理由と同じ。,どちらかといえば評価している,PRなどの情報発信はもう少しするべきだ。,どちらかと言えば好ましい,概ね好ましいが、環境や治安が悪化しては困るので、その対策も十分に考慮すべき。,"観光客の消費によって飲食業や宿泊業が潤う, まちに賑わいが生まれる, 波及効果により他の地場産業が活気づく, 地域の知名度が上がる, 歴史文化資源の保存活用につながる, 移住・定住のきっかけとなる, ガイドなど市民参加の場が広がる",,"騒音やごみの増加, 交通渋滞や路上駐車などの交通環境の悪化, 治安の悪化",,"観光スポットを結ぶ交通機関, トイレ・休憩所等の整備及びユニバーサル化, 障害者や高齢者への配慮（バリアフリー）, 宿泊施設、土産物屋, 駐車場, 体験施設",3,3,魅力は豊富だが、行政の情報発信力が弱い。,7,概ね暮らしやすいが、公共交通などが全然不足している。,7,公共交通などがもっと整備されれば、より住みやすくなるだろうが、現状では進展はあまり期待できない。,60～69歳,男性
福井市,そう思う,,そうは思わない,,そう思う,,とてもそう思う,,とてもそう思う,,評価している,,とても好ましい,,"観光客の消費によって飲食業や宿泊業が潤う, まちに賑わいが生まれる, 波及効果により他の地場産業が活気づく, 地域の知名度が上がる, 歴史文化資源の保存活用につながる, 移住・定住のきっかけとなる",,騒音やごみの増加,,"観光スポットを結ぶ交通機関, 観光スポットの案内板や標識（多言語表示）, 宿泊施設、土産物屋, 観光案内所、観光ガイド",3,3,,7,,5,,60～69歳,女性
鯖江市,そうは思わない,県外に行くの不便になった,全くそうは思わない,,ややそう思う,恩恵が無い,そう思う,遠方から来たお客さんは歓迎したい。,とてもそう思う,地元民としては当然,評価している,,好ましい,少しでも経済効果があればいいがマナーが悪くなるのでは！？懸念もある,"波及効果により他の地場産業が活気づく, 観光客との交流が生まれる, 移住・定住のきっかけとなる",移住定住のきっかけになれば良い,"騒音やごみの増加, 交通渋滞や路上駐車などの交通環境の悪化, 治安の悪化",,"観光スポットを結ぶ交通機関, 障害者や高齢者への配慮（バリアフリー）, 宿泊施設、土産物屋",3,3,,3,新店舗出来ても県民は初期だけ殺到して直ぐに飽きる県民性を改善したい,3,,40～49歳,男性
坂井市,とてもそう思う,関東からの観光客が増えた,そう思う,東京に行きやすくなった,とてもそう思う,インバウンドが増える,そう思う,歓迎したいが、マナーが気になる,そう思う,,評価している,,好ましい,,"観光客の消費によって飲食業や宿泊業が潤う, まちに賑わいが生まれる, 地域の知名度が上がる, 観光客との交流が生まれる, 移住・定住のきっかけとなる",,"騒音やごみの増加, 交通渋滞や路上駐車などの交通環境の悪化, 自然破壊, 治安の悪化",観光客のマナー,"観光スポットを結ぶ交通機関, 観光スポットの案内板や標識（多言語表示）, トイレ・休憩所等の整備及びユニバーサル化, 観光イベント, 障害者や高齢者への配慮（バリアフリー）, 観光マップやパンフレット, 飲食施設, 宿泊施設、土産物屋, 観光案内所、観光ガイド, 駐車場, 体験施設",3,3,,5,都会の生活にあこがれがある,5,いなか,50～59歳,男性
越前市,ややそう思う,県外からの観光客が来てると思う,ややそう思う,東京まで直に行けるようになった,ややそう思う,,そう思う,,そう思う,,どちらともいえない,,どちらかと言えば好ましい,,"観光客の消費によって飲食業や宿泊業が潤う, まちに賑わいが生まれる, 地域の知名度が上がる",,特に心配はない,,"観光スポットを結ぶ交通機関, 観光スポットの案内板や標識（多言語表示）, トイレ・休憩所等の整備及びユニバーサル化, 観光イベント, 障害者や高齢者への配慮（バリアフリー）, 観光マップやパンフレット, 飲食施設, 宿泊施設、土産物屋",3,3,,8,,8,,60～69歳,女性
越前市,そう思う,"旅行者が増えている気がする
いくつか新しい店舗ができたりした",ややそう思う,"駅が近くなりハピラインと分散することで
よくなった面もあるが
関西方面への移動がややこしくなってしまった",そう思う,"単純に観光客は増えてほしい
金沢ほど増えてしまうとそれはそれで悪い影響も増えてしまいそう",とてもそう思う,いいところがいっぱいあるのでもっと知ってほしい,そう思う,"ホテルや公共交通機関を考えると
観光客が今の2倍とかになってしまうと
扱えなくなると思う

ただそれを見越して施設を作っても
それを維持する力はないと思う",どちらかと言えば評価していない,"新幹線開業以外で呼びこめている施策はないと思う
もしこの状態を試作を行なったからだと捉えているのであれば
これ以上観光客が増えることはないと思う",好ましい,"ただし増えても今の1.5倍程度までだと思う
それ以上を扱うキャパはない","まちに賑わいが生まれる, 波及効果により他の地場産業が活気づく, 地域の知名度が上がる",,"交通渋滞や路上駐車などの交通環境の悪化, 自然破壊",,"観光スポットを結ぶ交通機関, トイレ・休憩所等の整備及びユニバーサル化, 駐車場",2,4,"本当に歴史が好きな人には
かなり興味を持ってもらえる神社仏閣が多い

住んでいる人からすると普通の営みでも
それがかなり宗教や歴史と紐づいていたりする

ただ来るまではその事を知らず
実際に見てみてびっくりすると言うことが多い",9,不満がない,9,不満がない,40～49歳,男性
福井市,ややそう思う,"駅周辺は好影響は見られるが限定的
観光客向け店舗が増え割高感も感じる
今後の観光客増加を考えると、駅周辺の賑わいと話題性を高める必要があり、地元が利用したいと集まる環境にしていかないといけないと感じる",あまりそうは思わない,遠方への鉄道利用のコストアップ、利便性は行く方面で良くも悪くもなった,ややそう思う,"宿泊のメインが芦原温泉と福井駅に集中しているが受け入れ人数は限られている
そのためオーバーツーリズムとなることは少ないと思うが、観光需要を期待しすぎるのは危険と感じる
二次交通の面で車、レンタカー利用での観光が主となるが、各観光スポットでの駐車場確保が整っていないと感じ、周辺住民の生活に影響が起こりえると感じる",そう思う,食や伝統工芸、自然など知られていない魅力が多いと思うので、また来たいと思ってもらえるように接していきたい,そう思う,旅の目的を持ち訪れてくれる人はきっとファンになり、リピーター、移住、定住となる関係人口に繋がっていくと思うから,どちらかといえば評価している,"恐竜を前面に押し出しているため、他の魅力が伝わりにくいのが課題
それでも新幹線開業と合わせて福井県の認知が上がったと感じる",好ましい,関係人口を増やすためにも観光に訪れてもらうことは重要と思うから,"観光客の消費によって飲食業や宿泊業が潤う, 地域の知名度が上がる, 歴史文化資源の保存活用につながる, 移住・定住のきっかけとなる",,"交通渋滞や路上駐車などの交通環境の悪化, 歴史文化資源の破壊, 自然破壊",,"観光スポットを結ぶ交通機関, 観光スポットの案内板や標識（多言語表示）, トイレ・休憩所等の整備及びユニバーサル化, 観光イベント, 障害者や高齢者への配慮（バリアフリー）, 観光マップやパンフレット, 飲食施設, 宿泊施設、土産物屋, 観光案内所、観光ガイド, 駐車場, 体験施設",4,4,地元以外の人からの評価が自信に繋がり、より良いものを生み出すと思うから,7,賃金が低いとは感じるが、生活に困ることは少ないから,5,定年を迎えているため、今の生活とは変わる面があると思うのでどちらとも言えない,50～59歳,男性
鯖江市,そうは思わない,鯖江市には駅が無い。,そうは思わない,生活には全く関係が無い。,そう思う,観光客は増えているし、東京から日帰り出来る分アーティスト等のコンサート等増えているし、大物アーティストも目立つようになっている。,そう思う,福井県を全国区にしたい。,とてもそう思う,今まで金沢の通過県、若しくおまけとの認識。福井を目的として選ばれる県に成らなければならない。,どちらかと言えば評価していない,まだまだPR不足。恐竜、個人的には朝倉史跡関連、西山公園をPRして欲しい。朝倉関連は出来れば大河ドラマ化するべき。,好ましい,福井県に落ちるお金が増えれば県が潤い、社会福祉や公共施設の充実に役立つ。,"観光客の消費によって飲食業や宿泊業が潤う, まちに賑わいが生まれる, 波及効果により他の地場産業が活気づく, 地域の知名度が上がる, 歴史文化資源の保存活用につながる, 移住・定住のきっかけとなる",,"騒音やごみの増加, 交通渋滞や路上駐車などの交通環境の悪化, 治安の悪化",,"観光スポットを結ぶ交通機関, トイレ・休憩所等の整備及びユニバーサル化, 観光イベント, 障害者や高齢者への配慮（バリアフリー）, 宿泊施設、土産物屋, 駐車場, 体験施設",5,4,鯖江市は、伝統産業(メガネ、漆器)、西山公園等主力の観光資源と桃源清水、吉川ナス、山ウニ等未だ知られていない魅力ある物が多く有るので是非県外者に知ってほしい。,7,夏の蒸し暑さ、冬の湿った雪等気候的な事とレジャー施設が無い公共交通機関の貧弱さがマイナス。,7,今から劇的に良くなるとは感じないから。,60～69歳,男性
福井市,ややそう思う,開通した時点では生きていないかも…,ややそう思う,,そう思う,,ややそう思う,,ややそう思う,福井の良さを知ってほしい,どちらかと言えば評価していない,PR不足,どちらかと言えば好ましい,,"観光客の消費によって飲食業や宿泊業が潤う, 地域の知名度が上がる, 移住・定住のきっかけとなる",,"騒音やごみの増加, 交通渋滞や路上駐車などの交通環境の悪化, 治安の悪化",,"観光スポットを結ぶ交通機関, トイレ・休憩所等の整備及びユニバーサル化, 障害者や高齢者への配慮（バリアフリー）, 観光マップやパンフレット, 飲食施設, 宿泊施設、土産物屋, 駐車場",3,3,,7,自然豊か,6,交通機関が不充分,50～59歳,男性
福井市,そう思う,駅前の賑わいは増えた,あまりそうは思わない,中京・関西方面のアクセスがめんどうになった,ややそう思う,人は増えた,ややそう思う,民度低い人も増えたから,ややそう思う,小浜以南開業したら富山みたいになりそう,どちらかといえば評価している,,どちらかと言えば好ましい,,"観光客の消費によって飲食業や宿泊業が潤う, 地域の知名度が上がる",,"騒音やごみの増加, 交通渋滞や路上駐車などの交通環境の悪化, 自然破壊, 治安の悪化",,"障害者や高齢者への配慮（バリアフリー）, 飲食施設, 宿泊施設、土産物屋, 駐車場",4,4,,8,,8,,50～59歳,女性
鯖江市,ややそう思う,鯖江には停まらないから,そう思う,東京に旅行に行けた,とてもそう思う,観光客が増えた,ややそう思う,駅前にホテルばかりでつまらない,そう思う,福井県の認知度をあげて欲しい,どちらともいえない,税関係が他の市町より高い,どちらかと言えば好ましい,迷惑観光客でなければOKです(?′???),"観光客の消費によって飲食業や宿泊業が潤う, 地域の知名度が上がる",,"騒音やごみの増加, 交通渋滞や路上駐車などの交通環境の悪化, 治安の悪化, 日常生活に影響が出るほどの不安",,"観光スポットを結ぶ交通機関, 観光スポットの案内板や標識（多言語表示）, トイレ・休憩所等の整備及びユニバーサル化, 観光イベント, 飲食施設, 駐車場",3,3,医療の中身が劣っている,9,住めば都,6,医療の低さが怖い,50～59歳,女性
若狭町,あまりそうは思わない,逆に他の都市に行く気がするから。また福井から大阪に行くのに特急がないので不便。,そうは思わない,敦賀から東京にいくのは、東海道新幹線の方が安い。,ややそう思う,福井が恐竜で有名になったから,そう思う,福井県を知らない人が多いので、認知されるといいと思う,ややそう思う,温泉もあり、海の幸も美味しいから。,どちらかといえば評価している,色んなイベントをし、県外からの呼び込みをしてるから,どちらかと言えば好ましい,人が多ければ、色んな種類の店舗が多くなり、活気が出るから,"観光客の消費によって飲食業や宿泊業が潤う, まちに賑わいが生まれる, 波及効果により他の地場産業が活気づく, 地域の知名度が上がる, 移住・定住のきっかけとなる",,"交通渋滞や路上駐車などの交通環境の悪化, 自然破壊, 治安の悪化",,"観光スポットを結ぶ交通機関, 観光スポットの案内板や標識（多言語表示）, トイレ・休憩所等の整備及びユニバーサル化, 観光イベント, 障害者や高齢者への配慮（バリアフリー）, 飲食施設, 宿泊施設、土産物屋, 観光案内所、観光ガイド, 駐車場",1,3,三方五湖、瓜破の水、小浜の海産物など風光明媚で民宿などお魚が美味しい,3,コストコがない、イオンがない、遊べるところがない,7,5年後７０になるので、治安の安定した福井は暮らしやすいと思う。もうどこにも行く気力も無くなっているだろうから。,60～69歳,女性
福井市,とてもそう思う,県外客が増えることで、観光地の活性化や物販の上昇、特産品などが周知されたり、後の移住候補になったりと色んな経済効果に繋がると思います。,あまりそうは思わない,"
変わらず物価高が長く続くせいで、倒産・犯罪も増えたように思います。
給与は若い人しか上がりませんし、上がってなお都会と比べると少なく、また福井は職業の選択肢も少なく魅力が無いです。人手不足のはずなのに、高卒や外国人の求人は多いですが、大卒の求人は依然少なく県外へ就職・転職するしか無いです。
子育て世代の補助も多子世帯に限定され、高校・大学生を養う家庭への補助はまだ十分とは言えず、かと言って利子ありの奨学金は子供に背負わせられません。また、奨学金の制度が分かりにくいです。",とてもそう思う,まだ当分は、自民党政権下での少子高齢化が続くと思うので、起こりうる問題への対策も事前に十分検討実施を行った上で、観光を活性化させて福井の経済を回して欲しいです。,とてもそう思う,仕事上は歓迎しますし、福井のおもてなしを喜んで欲しいです。福井での観光が良い思い出になれば良いと思います。,とてもそう思う,発展はしなくとも、衰退はしないよう維持できたら良いと思います。,どちらかといえば評価している,,とても好ましい,来て貰うだけでなく、気持ちよくお金を使って貰うために、県民ができる事を模索するのも大事だと思います。他県の二番煎じではいけないと思いますが、良い所は真似して、失敗だと思うところは教訓にして事前に対策を行うべきだと思います。,"観光客の消費によって飲食業や宿泊業が潤う, 波及効果により他の地場産業が活気づく, 歴史文化資源の保存活用につながる, 移住・定住のきっかけとなる, ガイドなど市民参加の場が広がる",,"騒音やごみの増加, 交通渋滞や路上駐車などの交通環境の悪化, 歴史文化資源の破壊, 自然破壊, 治安の悪化, 日常生活に影響が出るほどの不安, その他",外国人に限らず、道端や公共の場のポイ捨てが増えたり分別が出来てなかったり、物が壊されたり傷付けられたりと言ったマナーが守られてなかったり、小さなトラブルをよく聞くようになりました。これらが大きな問題に発展しない事を願うばかりです。人が増えればこうなる事は予想がつくので、もっとAIを活用し、注意喚起ができるよう整備して欲しいです。,"観光スポットを結ぶ交通機関, 観光スポットの案内板や標識（多言語表示）, トイレ・休憩所等の整備及びユニバーサル化, 障害者や高齢者への配慮（バリアフリー）, 体験施設",3,2,田舎は特に女性の負担が依然男性より多く、結婚に伴うリスクが断然女性の方が重いと感じます。東京などの都会と違い、地元で育った男性に根付いた、本人も気づかないような男尊女卑の考えはなかなか払拭されません。,5,,5,幸せ度ランキングは下がったようですし、犯罪、倒産、県内大卒の就職難は増えてますので、どうなるか予想が付かないです。高齢者がまだまだ増えることによる先の見えない負担への不安もあります。,40～49歳,無回答
坂井市,そう思う,東京からのアクセスが良くなったから,あまりそうは思わない,,ややそう思う,,そう思う,,そう思う,,どちらかといえば評価している,,どちらかと言えば好ましい,,"観光客の消費によって飲食業や宿泊業が潤う, まちに賑わいが生まれる, 波及効果により他の地場産業が活気づく, 歴史文化資源の保存活用につながる",,"騒音やごみの増加, 交通渋滞や路上駐車などの交通環境の悪化",,"観光スポットを結ぶ交通機関, 飲食施設, 宿泊施設、土産物屋, 体験施設",2,3,,8,,8,,50～59歳,女性
鯖江市,あまりそうは思わない,今まで停まっていた特急も停まらなくなり、新幹線では、ただの通過地点になってしまっているから,そう思う,新幹線を使えば今までよりも早く目的地に着くのでよいが、京都、愛知、大阪へは乗り換えが必要となり、不便と感じる,そう思う,県内の観光地に観光客が多くなったと思うから,ややそう思う,海外の観光客のマナーが気になる。マナーよく訪れてくれるなら大歓迎,そう思う,それに伴って、経済効果があると思うから,どちらともいえない,特によいなと感じたことがないから,どちらかと言えば好ましい,交通渋滞などで迷惑がなければよいと思っているから,"観光客の消費によって飲食業や宿泊業が潤う, まちに賑わいが生まれる, 波及効果により他の地場産業が活気づく, 地域の知名度が上がる",,"騒音やごみの増加, 交通渋滞や路上駐車などの交通環境の悪化, 治安の悪化, 日常生活に影響が出るほどの不安",,"観光スポットを結ぶ交通機関, 観光スポットの案内板や標識（多言語表示）, 観光イベント, 観光マップやパンフレット, その他",3,3,,10,程よく人がいないので、混雑などに合わず、自然豊かな環境で過ごせるから,10,,50～59歳,女性
越前町,全くそうは思わない,北陸新幹線で越前武生駅で降りてる人を余り見かけないから,全くそうは思わない,越前市は、恩恵がない,そう思う,敦賀は潤ってる様な気がするから,とてもそう思う,経済効果の為,とてもそう思う,お金を落として欲しいから,まったく評価していない,越前市は、商売が下手やと思う,とても好ましい,福井の潤いの為,"観光客の消費によって飲食業や宿泊業が潤う, まちに賑わいが生まれる, 波及効果により他の地場産業が活気づく, 地域の知名度が上がる, 観光客との交流が生まれる, 歴史文化資源の保存活用につながる, 移住・定住のきっかけとなる, ガイドなど市民参加の場が広がる",,"騒音やごみの増加, 交通渋滞や路上駐車などの交通環境の悪化, 歴史文化資源の破壊, 自然破壊, 治安の悪化",,"観光スポットを結ぶ交通機関, 観光スポットの案内板や標識（多言語表示）, トイレ・休憩所等の整備及びユニバーサル化, 観光イベント, 障害者や高齢者への配慮（バリアフリー）, 観光マップやパンフレット, 飲食施設, 宿泊施設、土産物屋, 観光案内所、観光ガイド, 体験施設",4,2,,4,交通便が悪いバスがなくなり、病院に行くのが大変、高齢者には酷やと思う,1,高齢者になると、病院に行く頻度が増えると思う、それに伴い運転もできなくなり返納したら、バスがない地域は辛い,50～59歳,女性
坂井市,そう思う,関東圏に行きやすくなった,あまりそうは思わない,自身の生活には余り関係ない,あまりそうは思わない,特に悪い影響を感じた事はない,ややそう思う,多くの人に好まれる福井であってほしい,そう思う,観光地としての賑わいは、サービス業の活性化に繋がると思う,どちらともいえない,余り知らない,どちらかと言えば好ましい,県外の人も福井にきて良さを知ってほしい,"観光客の消費によって飲食業や宿泊業が潤う, まちに賑わいが生まれる, 地域の知名度が上がる, 歴史文化資源の保存活用につながる",,"騒音やごみの増加, 交通渋滞や路上駐車などの交通環境の悪化, 自然破壊, 治安の悪化",,"観光スポットを結ぶ交通機関, 観光スポットの案内板や標識（多言語表示）, 観光イベント, 障害者や高齢者への配慮（バリアフリー）, 宿泊施設、土産物屋",3,4,丸岡城や東尋坊、永平寺他自然が美しい あと食べ物、魚介類がとても美味しい,7,,7,,60～69歳,女性
小浜市,あまりそうは思わない,小浜を通り、大阪に届かないた意味がない。,あまりそうは思わない,小浜を通り、大阪に届かないと意味がない。,そうは思わない,よくわからない,そう思う,歓迎するのは当たり前,あまりそうは思わない,観光を産業とはしてほしくない,どちらかといえば評価している,一時的なものになりがち,どちらかと言えば好ましい,"生活環境や治安に不安がある
","まちに賑わいが生まれる, 地域の知名度が上がる",,"騒音やごみの増加, 交通渋滞や路上駐車などの交通環境の悪化, 自然破壊, 治安の悪化",,観光マップやパンフレット,3,4,尋ねられたら、教えてあげたい,7,なんとも言えない,4,静かに暮らしていきたい,60～69歳,男性
福井市,とてもそう思う,,とてもそう思う,,とてもそう思う,,とてもそう思う,,とてもそう思う,,どちらともいえない,,とても好ましい,,"観光客の消費によって飲食業や宿泊業が潤う, まちに賑わいが生まれる, 歴史文化資源の保存活用につながる, 移住・定住のきっかけとなる",,"騒音やごみの増加, 交通渋滞や路上駐車などの交通環境の悪化",,"観光スポットを結ぶ交通機関, 観光イベント, 宿泊施設、土産物屋, 観光案内所、観光ガイド, 駐車場",5,5,,10,,10,,60～69歳,男性
敦賀市,あまりそうは思わない,電車が不便になった,全くそうは思わない,,そうは思わない,,ややそう思う,,そう思う,,どちらともいえない,観光地に店がない,とても好ましい,,"観光客の消費によって飲食業や宿泊業が潤う, まちに賑わいが生まれる, 地域の知名度が上がる, 移住・定住のきっかけとなる",,"騒音やごみの増加, 治安の悪化",,"観光スポットを結ぶ交通機関, 観光スポットの案内板や標識（多言語表示）, トイレ・休憩所等の整備及びユニバーサル化, 観光イベント, 観光マップやパンフレット",2,2,,7,,7,,40～49歳,女性
福井市,ややそう思う,現に関東在住の知り合い達が遊びに来やすくなったと言っていたので、以前より足を運びやすくなったということではないかと思います。その結果観光客が増えているとも思います。,あまりそうは思わない,仕事上もプライベートでもあまり関わらないので。,とてもそう思う,メディアでも目にする機会が増えた気がするので。,とてもそう思う,,とてもそう思う,,どちらともいえない,よく知らないから,とても好ましい,もっともっと活性化していいと思うから。,"観光客の消費によって飲食業や宿泊業が潤う, まちに賑わいが生まれる, 波及効果により他の地場産業が活気づく, 地域の知名度が上がる",,"交通渋滞や路上駐車などの交通環境の悪化, 自然破壊, 治安の悪化",,"観光スポットを結ぶ交通機関, トイレ・休憩所等の整備及びユニバーサル化, 観光イベント, 飲食施設, 宿泊施設、土産物屋, 観光案内所、観光ガイド, 駐車場, 体験施設",4,4,車がないとだめだけど、あれば、動きやすい、生活しやすいと思うので。,7,もっとこうだったら……という点は挙げたらキリがないけれど、特に不便なく生活できているので。,7,良くも悪くも特に変わっていないと思うから。,40～49歳,女性
福井市,そう思う,"福井駅の旅行者の数が増えていると思うから。
えちてつでも旅行者が目立つ",とてもそう思う,東京へ行くのが便利になった。,とてもそう思う,賑やかになって福井を知ってもらう機会が増えて良かったと思う。,とてもそう思う,今まで認知度が低過ぎたので、少しでも知ってもらえたら。,ややそう思う,"推しの観光地が少ないと思う。　
新幹線開業が遅れたにもかかわらず、いろいろな観光場所の作り方に魅力がない。",どちらかといえば評価している,恐竜博物館だのみになっているのが気がかり。,好ましい,福井の経済の活性化につながるから,"観光客の消費によって飲食業や宿泊業が潤う, まちに賑わいが生まれる, 波及効果により他の地場産業が活気づく, 地域の知名度が上がる",必然だと思いますが。,特に心配はない,,"観光スポットを結ぶ交通機関, 観光イベント, 観光マップやパンフレット, 飲食施設, 宿泊施設、土産物屋, 観光案内所、観光ガイド, 駐車場",5,3,交通の便が悪い,6,総合大学がなかったことが若者の流出を止めることができなかったのでは？,6,もう歳なので、そんなには変わらないかな。,60～69歳,女性
福井市,あまりそうは思わない,,全くそうは思わない,,あまりそうは思わない,,ややそう思う,,ややそう思う,,どちらかと言えば評価していない,,どちらともいえない,,地域の知名度が上がる,,"騒音やごみの増加, 交通渋滞や路上駐車などの交通環境の悪化, 歴史文化資源の破壊, 自然破壊, 治安の悪化, 日常生活に影響が出るほどの不安",,"観光スポットを結ぶ交通機関, 観光スポットの案内板や標識（多言語表示）, トイレ・休憩所等の整備及びユニバーサル化, 観光イベント, 障害者や高齢者への配慮（バリアフリー）, 観光マップやパンフレット, 飲食施設, 宿泊施設、土産物屋, 観光案内所、観光ガイド, 駐車場, 体験施設",1,1,,5,,5,,50～59歳,無回答
福井市,とてもそう思う,東京が近い,とてもそう思う,,とてもそう思う,,とてもそう思う,,とてもそう思う,アピールすべきです,どちらかといえば評価している,,とても好ましい,,"波及効果により他の地場産業が活気づく, 地域の知名度が上がる, 歴史文化資源の保存活用につながる",,"交通渋滞や路上駐車などの交通環境の悪化, 特に心配はない",,"観光スポットを結ぶ交通機関, 障害者や高齢者への配慮（バリアフリー）, 駐車場",5,4,,8,,8,,70歳以上,男性
福井市,そう思う,移動時間の短縮,そう思う,移動時間の短縮,ややそう思う,関東圏から乗り換えなしで来れる反面中京・関西圏からは不便,そう思う,,ややそう思う,いいところがいっぱいある？,どちらともいえない,どの様な取り組みをしているかよく知らない,好ましい,,観光客の消費によって飲食業や宿泊業が潤う,,交通渋滞や路上駐車などの交通環境の悪化,,観光スポットを結ぶ交通機関,3,3,,7,,7,,70歳以上,男性
越前市,全くそうは思わない,,全くそうは思わない,,そう思う,,そう思う,,そう思う,,どちらかといえば評価している,,どちらかと言えば好ましい,,"観光客の消費によって飲食業や宿泊業が潤う, まちに賑わいが生まれる, 波及効果により他の地場産業が活気づく, 移住・定住のきっかけとなる",,"騒音やごみの増加, 交通渋滞や路上駐車などの交通環境の悪化, 歴史文化資源の破壊, 自然破壊, 治安の悪化",,"観光スポットを結ぶ交通機関, 観光スポットの案内板や標識（多言語表示）, トイレ・休憩所等の整備及びユニバーサル化, 観光イベント, 障害者や高齢者への配慮（バリアフリー）, 観光マップやパンフレット, 飲食施設, 宿泊施設、土産物屋, 観光案内所、観光ガイド, 駐車場, 体験施設",3,3,,7,,7,,50～59歳,男性
福井市,そう思う,観光客の増加など、人的交流の増加など,そう思う,公共交通の利便性向上など,そう思う,オーバーツーリズムの実感はない,そう思う,福井の良さを多くの方に知ってもらいたい,そう思う,そうなるとよいとの期待を含め,どちらともいえない,取り組みがみえないので,どちらかと言えば好ましい,地域の活性化が図られる,まちに賑わいが生まれる,地域が活性化すると思われるので,"騒音やごみの増加, 交通渋滞や路上駐車などの交通環境の悪化, 治安の悪化",キャパを超えると心配される,"観光スポットを結ぶ交通機関, 観光スポットの案内板や標識（多言語表示）, トイレ・休憩所等の整備及びユニバーサル化, 観光イベント, 障害者や高齢者への配慮（バリアフリー）, 観光マップやパンフレット",4,4,,9,,9,,60～69歳,男性
福井市,そう思う,,ややそう思う,,あまりそうは思わない,,そう思う,,そう思う,,どちらともいえない,,好ましい,,観光客の消費によって飲食業や宿泊業が潤う,,"騒音やごみの増加, 交通渋滞や路上駐車などの交通環境の悪化",,"観光スポットを結ぶ交通機関, 宿泊施設、土産物屋",3,2,,7,,7,,30～39歳,女性
越前市,そう思う,関東が近くなった気がする,ややそう思う,,そう思う,関東からの国内旅行や、関東の空港からの外国人が、増えてきていると感じる,そう思う,福井は知名度は低いが、来たら良いとこが多い,そう思う,,どちらかといえば評価している,,好ましい,,"観光客の消費によって飲食業や宿泊業が潤う, まちに賑わいが生まれる, 地域の知名度が上がる, 歴史文化資源の保存活用につながる",,"自然破壊, 治安の悪化",,"観光スポットの案内板や標識（多言語表示）, 観光イベント, 宿泊施設、土産物屋, 観光案内所、観光ガイド, 駐車場, 体験施設",5,4,,9,,8,,50～59歳,男性
敦賀市,とてもそう思う,駅前に人が増えて賑わっている,そう思う,鉄道の移動が便利になった,そう思う,人が集まる施設が増えた,ややそう思う,道に困っている人を見て案内してあげたくなる,そう思う,見どころや美味しい食べ物が沢山ある,評価している,観光面に力を入れていることを実感できる,好ましい,県全体が賑わう,"観光客の消費によって飲食業や宿泊業が潤う, まちに賑わいが生まれる, 波及効果により他の地場産業が活気づく, 観光客との交流が生まれる, 歴史文化資源の保存活用につながる, その他",交通インフラの利便性の向上,"騒音やごみの増加, 交通渋滞や路上駐車などの交通環境の悪化, 歴史文化資源の破壊, 自然破壊, 治安の悪化",,"観光スポットを結ぶ交通機関, 観光スポットの案内板や標識（多言語表示）, 観光イベント, 観光マップやパンフレット, 宿泊施設、土産物屋, 観光案内所、観光ガイド, 駐車場, 体験施設",5,5,歴史的価値のある場所や美味しいお店が沢山ある,8,すべてにおいて満たしている,8,今と変わりなく生活できていると思う,50～59歳,男性
越前市,そう思う,越前市からの電車による予定が組み難くなる,全くそうは思わない,越前市に降りる人が減少する,全くそうは思わない,越前市がスルーされる,とてもそう思う,まだ外国人による悪影響が少ない,あまりそうは思わない,外国人による治安低下が問題,どちらかと言えば評価していない,努力していると思うが見えてこない,全く好ましくない,治安低下になる,"観光客の消費によって飲食業や宿泊業が潤う, まちに賑わいが生まれる, 波及効果により他の地場産業が活気づく, 地域の知名度が上がる",,"騒音やごみの増加, 交通渋滞や路上駐車などの交通環境の悪化, 歴史文化資源の破壊, 自然破壊, 治安の悪化, 日常生活に影響が出るほどの不安",,"観光スポットを結ぶ交通機関, トイレ・休憩所等の整備及びユニバーサル化",1,1,特に進める所が思い浮かばない,5,普通,4,治安が低下していそう,40～49歳,男性
福井市,とてもそう思う,"駅前の再開発がされ、駅前に活気が戻った
芦原温泉駅も同様",あまりそうは思わない,,そう思う,,そう思う,,そう思う,,とても評価している,,好ましい,,"観光客の消費によって飲食業や宿泊業が潤う, まちに賑わいが生まれる, 波及効果により他の地場産業が活気づく, 地域の知名度が上がる",,"騒音やごみの増加, 交通渋滞や路上駐車などの交通環境の悪化, 歴史文化資源の破壊, 自然破壊, 治安の悪化",,"観光スポットを結ぶ交通機関, 観光スポットの案内板や標識（多言語表示）, トイレ・休憩所等の整備及びユニバーサル化, 観光イベント, 障害者や高齢者への配慮（バリアフリー）, 観光マップやパンフレット, 観光案内所、観光ガイド, 駐車場",4,4,,9,,9,,50～59歳,男性
福井市,とてもそう思う,人が多くなった,あまりそうは思わない,ゴミが出る,あまりそうは思わない,やはりゴミ、ガラの悪い人達,そう思う,ほんと良いところだから,ややそう思う,あまり観光客が増えてほしくない,どちらともいえない,あまり感じない,どちらかと言えば好ましくない,街が汚くなりそう,"観光客の消費によって飲食業や宿泊業が潤う, まちに賑わいが生まれる, 波及効果により他の地場産業が活気づく, 地域の知名度が上がる, 観光客との交流が生まれる",,"騒音やごみの増加, 自然破壊",そのままの意味,観光スポットを結ぶ交通機関,4,4,福井は良いところだから,8,良いところだから,8,今の所いい感じで過ごしてる,50～59歳,男性
坂井市,ややそう思う,観光地が近いから,ややそう思う,観光客が来ればお店増えそうだから,とてもそう思う,栄える,とてもそう思う,いい所だから,そう思う,都会から来た時に癒される田舎でありたい,どちらともいえない,取り組みが表向きにわからない,好ましい,栄えるから,"観光客の消費によって飲食業や宿泊業が潤う, まちに賑わいが生まれる, 地域の知名度が上がる",遊びれた街が活気を取り戻すから,"騒音やごみの増加, 交通渋滞や路上駐車などの交通環境の悪化, 歴史文化資源の破壊, 自然破壊, 治安の悪化",観光客を見てて思うから,"観光スポットを結ぶ交通機関, 観光スポットの案内板や標識（多言語表示）, トイレ・休憩所等の整備及びユニバーサル化, 観光イベント, 障害者や高齢者への配慮（バリアフリー）, 観光マップやパンフレット, 飲食施設, 宿泊施設、土産物屋, 観光案内所、観光ガイド, 駐車場",5,3,まだまだ田舎だから。目指せ北陸1位,9,賃金がなぁ?、、、。,8,交通の弁が悪くなってそう,40～49歳,女性
福井市,あまりそうは思わない,,全くそうは思わない,サンダーバードがなくなって、関西方面の移動が大変不便になった。,ややそう思う,,とてもそう思う,,とてもそう思う,,評価している,,とても好ましい,,"観光客の消費によって飲食業や宿泊業が潤う, 波及効果により他の地場産業が活気づく, 地域の知名度が上がる, 観光客との交流が生まれる, 歴史文化資源の保存活用につながる, 移住・定住のきっかけとなる, ガイドなど市民参加の場が広がる",,"騒音やごみの増加, 治安の悪化",,"観光イベント, 体験施設",3,3,,7,,8,,40～49歳,女性
福井市,とてもそう思う,県外の方が気軽に福井に来れるようになり、経済効果も生まれるから,とてもそう思う,経済効果が高まるから,とてもそう思う,,とてもそう思う,福井の良さをもっと県外の方に知ってもらいたい,とてもそう思う,,とても評価している,,とても好ましい,,"観光客の消費によって飲食業や宿泊業が潤う, まちに賑わいが生まれる, 波及効果により他の地場産業が活気づく, 地域の知名度が上がる, 観光客との交流が生まれる, 歴史文化資源の保存活用につながる, 移住・定住のきっかけとなる",,"騒音やごみの増加, 交通渋滞や路上駐車などの交通環境の悪化, 自然破壊, 治安の悪化",,"観光スポットを結ぶ交通機関, 観光スポットの案内板や標識（多言語表示）, トイレ・休憩所等の整備及びユニバーサル化, 観光イベント, 障害者や高齢者への配慮（バリアフリー）, 観光案内所、観光ガイド, 駐車場",4,5,,10,自然に恵まれお米や水も豊富で､今のところ大きな地震や災害もなく､不満はありません。これ以上の贅沢な暮らしはないです,9,,60～69歳,女性
小浜市,あまりそうは思わない,敦賀からの交通が不便,あまりそうは思わない,車で行ける距離なので,ややそう思う,新幹線が開通した事で足を運んでみようと思う,ややそう思う,知らないことを知ってもらいたい,あまりそうは思わない,アピールがうまく行っていない,どちらかと言えば評価していない,アピールが遅い,どちらかと言えば好ましい,経済効果,"観光客の消費によって飲食業や宿泊業が潤う, 波及効果により他の地場産業が活気づく, 移住・定住のきっかけとなる",,"騒音やごみの増加, 交通渋滞や路上駐車などの交通環境の悪化",,"観光スポットを結ぶ交通機関, トイレ・休憩所等の整備及びユニバーサル化, 観光イベント, 観光マップやパンフレット, 飲食施設, 観光案内所、観光ガイド",3,3,住んでいると当たり前になっているからわからない,5,わからない,7,願望,50～59歳,女性
坂井市,とてもそう思う,家族旅行の人や、ビジネスマンが増えている,ややそう思う,街に活気が出てきている,そう思う,観光客が増えている印象,とてもそう思う,リピーターを増やしたい,とてもそう思う,,評価している,,とても好ましい,,"観光客の消費によって飲食業や宿泊業が潤う, まちに賑わいが生まれる, 波及効果により他の地場産業が活気づく, 地域の知名度が上がる, 観光客との交流が生まれる, 歴史文化資源の保存活用につながる, 移住・定住のきっかけとなる, ガイドなど市民参加の場が広がる",,特に心配はない,,"観光スポットを結ぶ交通機関, 観光スポットの案内板や標識（多言語表示）, トイレ・休憩所等の整備及びユニバーサル化, 観光イベント, 障害者や高齢者への配慮（バリアフリー）, 観光マップやパンフレット",5,4,,8,,8,,60～69歳,男性
越前市,そう思う,来やすい都市,とてもそう思う,東京や長野等への往来がしやすく、福井へも来安くなったと思う。,とてもそう思う,立ち寄りやすくなり、観光を進めて行く上でPRしやすい。,そう思う,人が動き、活気が出る。福井の良い所に脚光が浴びる,そう思う,観光資源はあるので、食べ物も美味しいし、知名度を上げたい。,どちらともいえない,"お盆やお正月に観光で来られても、その時期は、公的施設の休館や休店が多いため、行く所が少ない。
また取り組みが各市町だけに留まり（行事が重なっている）単発的で、小さな県なので年間的に福井県全体で取り組んでいく必要があると思う。
以前、東京で福井県のPRを見たことあるが、インパクトが弱く、「恐竜」だけが特化され、「福井」というワードが見えなかった（伝わらなかった）とても一生懸命されているのに、残念だった。",好ましい,知名度も上がるし、それぞれの分野が賑わっていく。沢山の人が公共交通機関を利用する事によって交通の便も良くなると思う。,"観光客の消費によって飲食業や宿泊業が潤う, まちに賑わいが生まれる, 波及効果により他の地場産業が活気づく, 地域の知名度が上がる",,"騒音やごみの増加, 交通渋滞や路上駐車などの交通環境の悪化, 歴史文化資源の破壊, 自然破壊",,"観光スポットを結ぶ交通機関, 観光マップやパンフレット, 体験施設, その他",2,3,人口が少ないので仕方がない事だが、交通の便も悪く、観光用の案内板や地元名産品が少なく、人も賑わってない。イベントも少ない。,8,食べ物も美味しいし、自然豊かで、車も混まずに移動でき、買い物しやすい。,6,車の運転ができなければ、バス停や電車の駅まで遠く、移動が困難で、不便な生活を余儀なくされる。,60～69歳,女性
福井市,とてもそう思う,駅前など人が増え活性化された,そう思う,子供達が県外に住んでいるので、新幹線で行きやすくなった,とてもそう思う,福井の認知度が上がった,とてもそう思う,又、福井に来て欲しいから,とてもそう思う,,評価している,,とても好ましい,,"観光客の消費によって飲食業や宿泊業が潤う, まちに賑わいが生まれる, 地域の知名度が上がる, 移住・定住のきっかけとなる",,治安の悪化,,"観光スポットを結ぶ交通機関, トイレ・休憩所等の整備及びユニバーサル化, 障害者や高齢者への配慮（バリアフリー）, 観光マップやパンフレット, 飲食施設, 宿泊施設、土産物屋, 駐車場, 体験施設",5,5,食べ物は美味しいし、住みやすいと思う,9,交通機関がもっと充実して欲しい,9,,50～59歳,女性
坂井市,ややそう思う,観光客の増加,あまりそうは思わない,オーバーツーリズムのため,ややそう思う,観光業が潤うため,ややそう思う,もてなしたいとは思う,あまりそうは思わない,魅力があれば観光客は勝手に来ると思うため,どちらかといえば評価している,取り組みされていると思うが具体的な施策がわからないため,どちらかと言えば好ましくない,オーバーツーリズムのため,"観光客の消費によって飲食業や宿泊業が潤う, 移住・定住のきっかけとなる",,"騒音やごみの増加, 交通渋滞や路上駐車などの交通環境の悪化, 歴史文化資源の破壊, 自然破壊, 治安の悪化",,"観光スポットを結ぶ交通機関, 観光マップやパンフレット, 駐車場",3,4,福井には愛着があるため,7,交通渋滞が少ないため,6,将来はよく分からないことから現状と同じと想定したため,40～49歳,男性
福井市,そう思う,関東からのアプローチは便利になったと思う。,あまりそうは思わない,"北回りで関東はへは楽になった。特に長野へは便利で快適。
その反面新潟や関西、名古屋方面へは非常に不便になり行く気が全くしなくなってしまった。",ややそう思う,何となくとしか分からない。,とてもそう思う,福井のよいイメージを持って帰って欲しいから！,ややそう思う,目的地になって欲しいが　観光客にとって現地での交通の便がとても不便に思う。車がないと移動が不便で　気の毒な思いの方が高い。,どちらともいえない,,とても好ましい,にぎわいは嬉しく思う。,"観光客の消費によって飲食業や宿泊業が潤う, まちに賑わいが生まれる, 波及効果により他の地場産業が活気づく, 観光客との交流が生まれる, 移住・定住のきっかけとなる",,特に心配はない,,"観光スポットを結ぶ交通機関, 飲食施設, 宿泊施設、土産物屋, 観光案内所、観光ガイド, 駐車場",4,2,他の地域に比べてそれぞれの規模が全てイマイチな感じがする。来てガッカリ！とならない様なモノが欲しい。,8,"車がないととても不便だが　その分何についても混雑の心配がなく快適
時間に縛られない！",5,正直分からない。高齢者なので車の運転が出来なくなった時の暮らしの不便さを憂う。,70歳以上,女性
越前町,あまりそうは思わない,変化を感じない,あまりそうは思わない,業界　業種的にも関係が薄いから,とてもそう思う,需要（消費）が増える。経済活性化につながる。,とてもそう思う,街に賑わいが出る。経済が活性化し県全体が潤うと思う,とてもそう思う,福井県が生き残る道,どちらともいえない,"もっと、的を絞ったPR　あれもこれもと分散したらダメ　恐竜１本に絞るとか突き抜けるべき
",とても好ましい,,"観光客の消費によって飲食業や宿泊業が潤う, まちに賑わいが生まれる, 波及効果により他の地場産業が活気づく, 地域の知名度が上がる",,特に心配はない,,"観光スポットを結ぶ交通機関, 観光スポットの案内板や標識（多言語表示）, トイレ・休憩所等の整備及びユニバーサル化, 観光イベント, 観光マップやパンフレット",4,4,,5,,2,人口が減って、さびれていることが想定されるから,60～69歳,男性
福井市,そう思う,ヒト・モノ・カネの流れが更に活発になり、より賑やかになると思うから。,そう思う,これまでになかった交流が生まれたりするきっかけになると思うから。,そう思う,様々な懸念もあると思うが、期待される良い面に目を向けたいと思うから。,とてもそう思う,大好きな福井の魅力を存分に味わってほしいし、リピーターになってほしいから。,とてもそう思う,一度では味わいし尽くせない魅力が沢山あるから。,評価している,創意工夫を凝らして尽力されていると思うから。,とても好ましい,これまでになかった新たな発想やきっかけが生まれたりするから。,"観光客の消費によって飲食業や宿泊業が潤う, まちに賑わいが生まれる, 波及効果により他の地場産業が活気づく, 地域の知名度が上がる, 観光客との交流が生まれる, 歴史文化資源の保存活用につながる, 移住・定住のきっかけとなる, ガイドなど市民参加の場が広がる",,"騒音やごみの増加, 交通渋滞や路上駐車などの交通環境の悪化, 歴史文化資源の破壊, 自然破壊, 治安の悪化",,"観光スポットを結ぶ交通機関, 観光スポットの案内板や標識（多言語表示）, トイレ・休憩所等の整備及びユニバーサル化, 観光イベント, 障害者や高齢者への配慮（バリアフリー）, 観光マップやパンフレット, 飲食施設, 宿泊施設、土産物屋, 観光案内所、観光ガイド, 駐車場, 体験施設",4,5,魅力満点の大好きな地域だから。,7,ほどよく幸せを感じているから。,7,現在とどれくらい変わっているか分からないが、変わらず程よく幸せを感じていると思うから。,30～39歳,女性
坂井市,ややそう思う,少しは観光客増えると思いますが、交通の便が悪すぎて大した影響はないと思います,ややそう思う,関東へ行きやすくなった,ややそう思う,"観光地から観光地、観光地からホテルなどの移動が不便なため、印象が悪くなることも考えられます、長期的に見れば
いまはまだ観光客は増えるでしょうけど",とてもそう思う,いい所がたくさんあるので、来て欲しいです,そう思う,ほとんどの人が福井県の事を知らないので、いいとこを知って欲しい,どちらともいえない,"丸岡城見てたらこれでいいのかなー？と思います
",どちらかと言えば好ましい,自動車が増えて渋滞するのはいやですが、観光地の店がうるおうならいいと思います,"観光客の消費によって飲食業や宿泊業が潤う, まちに賑わいが生まれる, 地域の知名度が上がる",,"騒音やごみの増加, 交通渋滞や路上駐車などの交通環境の悪化",,"観光スポットを結ぶ交通機関, 観光スポットの案内板や標識（多言語表示）, トイレ・休憩所等の整備及びユニバーサル化, 飲食施設, 宿泊施設、土産物屋, 駐車場",4,4,食べ物も美味しいし、自然も豊富にあるから,7,,7,,50～59歳,男性
越前市,ややそう思う,他県から人が来る,ややそう思う,自分の仕事に関係ない,そうは思わない,,そう思う,福井県に誇りがある,そう思う,見所はある,どちらかといえば評価している,アピールが下手,どちらかと言えば好ましい,,"観光客の消費によって飲食業や宿泊業が潤う, 波及効果により他の地場産業が活気づく, 地域の知名度が上がる, 移住・定住のきっかけとなる, ガイドなど市民参加の場が広がる",,"交通渋滞や路上駐車などの交通環境の悪化, 自然破壊, 治安の悪化",,"観光スポットを結ぶ交通機関, 観光スポットの案内板や標識（多言語表示）, 観光イベント, 障害者や高齢者への配慮（バリアフリー）, 宿泊施設、土産物屋, 駐車場, 体験施設",4,4,,7,,6,,50～59歳,男性
福井市,そう思う,県外の旅行客が増えた,ややそう思う,東京へ行くのが楽になった,そう思う,観光客が増えれば街もにぎやかになる,そう思う,福井の魅力をみんながSNSで発信してくれるから,とてもそう思う,まだまだ福井の魅力は尽きないから,どちらともいえない,取り組みをよく知らないから,好ましい,県外の人の認知度が上がる　移住する人もいるかも,"観光客の消費によって飲食業や宿泊業が潤う, まちに賑わいが生まれる, 波及効果により他の地場産業が活気づく, 地域の知名度が上がる, 観光客との交流が生まれる, 移住・定住のきっかけとなる",,"騒音やごみの増加, 交通渋滞や路上駐車などの交通環境の悪化, 治安の悪化",,"観光スポットを結ぶ交通機関, 観光スポットの案内板や標識（多言語表示）, トイレ・休憩所等の整備及びユニバーサル化, 観光イベント, 障害者や高齢者への配慮（バリアフリー）, 飲食施設, 宿泊施設、土産物屋",2,3,近くには特に何もないから,7,水も空気も美味しいから,8,そうなりたいという希望を込めて,50～59歳,女性
福井市,とてもそう思う,県外からのお客様が多数いらっしゃるから,ややそう思う,直接東京方面へ行けるから,とてもそう思う,新幹線な乗って沢山のお客様がいらっしゃるから,とてもそう思う,福井や他北陸の観光地や温泉地が大いに盛り上がるから,とてもそう思う,寂れた印象を払拭して欲しいから,とても評価している,新たな若い石田知事が手腕を奮って福井県をPRして新たなる福井県を創ろうとしている事が目に見えて分かるから,とても好ましい,観光地として潤い全国的にアピール出来るから,"観光客の消費によって飲食業や宿泊業が潤う, まちに賑わいが生まれる, 波及効果により他の地場産業が活気づく, 地域の知名度が上がる, 観光客との交流が生まれる, 歴史文化資源の保存活用につながる",,"騒音やごみの増加, 交通渋滞や路上駐車などの交通環境の悪化, 治安の悪化",,"観光スポットを結ぶ交通機関, 観光スポットの案内板や標識（多言語表示）, トイレ・休憩所等の整備及びユニバーサル化, 観光イベント, 障害者や高齢者への配慮（バリアフリー）, 観光マップやパンフレット, 飲食施設, 宿泊施設、土産物屋, 観光案内所、観光ガイド, 駐車場, 体験施設",5,3,福井県としてのPR度がまだ足りないと感じる,10,公共機関も以前よりは発展して乗り易くなり､車での移動でも日常の渋滞も無く､割りと何処へでもスムーズに移動出来る、,7,これからの政治のやり方次第です！,60～69歳,男性
敦賀市,そう思う,観光客　福井駅前がにぎやかになった,あまりそうは思わない,特に変化なし,ややそう思う,悪いことは聞かないから,そう思う,福井に来てくれたこと、関心を持ってくれたことが嬉しい,そう思う,活気づくから,評価している,,どちらかと言えば好ましい,,"観光客の消費によって飲食業や宿泊業が潤う, まちに賑わいが生まれる, 波及効果により他の地場産業が活気づく, 地域の知名度が上がる, 移住・定住のきっかけとなる",,特に心配はない,今、問題になっていないから,"観光スポットを結ぶ交通機関, 観光スポットの案内板や標識（多言語表示）, 観光イベント, 宿泊施設、土産物屋",4,3,際立ってこれというものが見当たらない,8,医療の発展を望む,8,,50～59歳,女性
越前市,あまりそうは思わない,駅から主要観光地へのアクセスが良くないように思う。,あまりそうは思わない,実感がない,あまりそうは思わない,オーバーツーリズムとかはどんな感じなんだろう。,ややそう思う,マナーが良ければお客様だけど、,あまりそうは思わない,県民にとっては生活の場なので荒らされたくはない。,どちらかといえば評価している,,どちらともいえない,,"観光客の消費によって飲食業や宿泊業が潤う, 地域の知名度が上がる, 観光客との交流が生まれる",,"騒音やごみの増加, 交通渋滞や路上駐車などの交通環境の悪化, 歴史文化資源の破壊, 自然破壊, 治安の悪化, 日常生活に影響が出るほどの不安",,"観光スポットを結ぶ交通機関, 障害者や高齢者への配慮（バリアフリー）, 飲食施設, 駐車場, その他",3,3,,7,,6,,50～59歳,女性
福井市,あまりそうは思わない,,あまりそうは思わない,,あまりそうは思わない,,あまりそうは思わない,,あまりそうは思わない,,どちらともいえない,,どちらともいえない,,特に効果は期待できない,,"騒音やごみの増加, 交通渋滞や路上駐車などの交通環境の悪化, 治安の悪化, 日常生活に影響が出るほどの不安",,観光スポットを結ぶ交通機関,2,2,,2,,2,,50～59歳,女性
鯖江市,あまりそうは思わない,鯖江に新幹線の駅がないから。駅がないのにわざわざ鯖江にくるかわからないから。,ややそう思う,,あまりそうは思わない,ゴミのポイ捨てなど悪影響があるから,とてもそう思う,,そう思う,,どちらかといえば評価している,,どちらかと言えば好ましい,,"観光客の消費によって飲食業や宿泊業が潤う, まちに賑わいが生まれる, 地域の知名度が上がる",,"騒音やごみの増加, 交通渋滞や路上駐車などの交通環境の悪化, 治安の悪化",,"観光スポットを結ぶ交通機関, 観光スポットの案内板や標識（多言語表示）",3,2,,7,,7,,40～49歳,女性
小浜市,とてもそう思う,乗客だけでなく、農産物の速い輸送が可能になるから。,とてもそう思う,嶺南地方も観光地としての取り組みが活発になると思うから。,とてもそう思う,観光客による消費等で、潤う業者も出てくると思うから。,とてもそう思う,自然と食を満喫して、リフレッシュして戴きたいと思います。,とてもそう思う,受け入れる施設等も充実してきていると思うので。,とても評価している,「サバ缶宇宙へ行く」では特需と言うべき売上があったと思うから。,とても好ましい,まだ、観光公害と言うようなことが起きていないと思うので。,"観光客の消費によって飲食業や宿泊業が潤う, まちに賑わいが生まれる, 波及効果により他の地場産業が活気づく, 地域の知名度が上がる, 観光客との交流が生まれる, 歴史文化資源の保存活用につながる, 移住・定住のきっかけとなる, ガイドなど市民参加の場が広がる",,"騒音やごみの増加, 交通渋滞や路上駐車などの交通環境の悪化, 歴史文化資源の破壊, 自然破壊, 治安の悪化",,"観光スポットを結ぶ交通機関, 観光スポットの案内板や標識（多言語表示）, トイレ・休憩所等の整備及びユニバーサル化, 障害者や高齢者への配慮（バリアフリー）, 観光マップやパンフレット, 宿泊施設、土産物屋, 駐車場, 体験施設",5,5,リフレッシュできる歴史や文化があるため。,10,今年は申し分ないと思う必要があると思う。,10,幸せに思うように努力する必要がある。,60～69歳,男性
美浜町,そうは思わない,身近な変化が無い,そうは思わない,メリットが無い,そう思う,何処も人が増えた,あまりそうは思わない,サラリーマンにはメリットが無いし、交通マナーが悪くなった,そうは思わない,観光は一時的で、多々触っている人が儲けるだけでそんな人は、所得が無いと申請して税金を払わない,評価していない,サラリーマンの税金を無駄に浪費するだけ,好ましくない,普通に買い物出来なくなって来た,"観光客の消費によって飲食業や宿泊業が潤う, 特に効果は期待できない",,"騒音やごみの増加, 交通渋滞や路上駐車などの交通環境の悪化, 治安の悪化",,駐車場,1,2,地元の観光地に行くのにお金と時間を取られる,1,私たちには、救済が無い,1,生活出来るから,60～69歳,男性
福井市,そう思う,関東方面からの来る人が多くなる,あまりそうは思わない,福井の観光地へ出かける事が少ない為,ややそう思う,観光地が混み合い、また、交通状況も混み合う,ややそう思う,県民の売上あがる,ややそう思う,"人は徐々に増えて来る分良いが一過性で急に増えるのはいやだ
",どちらかといえば評価している,頑張っていると思ってる,どちらかと言えば好ましい,徐々に増える分は、大変良いと思う,"観光客の消費によって飲食業や宿泊業が潤う, まちに賑わいが生まれる",,"騒音やごみの増加, 交通渋滞や路上駐車などの交通環境の悪化",外国人関係の方は、ルールを守ってくれない人が多い,"観光スポットを結ぶ交通機関, 観光スポットの案内板や標識（多言語表示）, 駐車場",1,1,周りに観光地になるところが無い,7,人が少ないから,7,,70歳以上,男性
敦賀市,とてもそう思う,観光客が増えた,とてもそう思う,便利になった,とてもそう思う,認知度が上がる,とてもそう思う,福井を好きになってほしい,とてもそう思う,にぎやかになる,どちらともいえない,何をしているか知らない,とても好ましい,にぎやかになる,"観光客の消費によって飲食業や宿泊業が潤う, まちに賑わいが生まれる, 地域の知名度が上がる",,特に心配はない,,"観光スポットの案内板や標識（多言語表示）, 観光イベント, 宿泊施設、土産物屋, 駐車場",3,3,特筆すべき観光施設がない,7,,7,,60～69歳,男性
敦賀市,とてもそう思う,人が多く来るようになった,ややそう思う,人気に人が多く来るようになった,そう思う,,そう思う,街にお金がおちるから,そう思う,,評価している,,好ましい,,"観光客の消費によって飲食業や宿泊業が潤う, まちに賑わいが生まれる, 波及効果により他の地場産業が活気づく, 地域の知名度が上がる",,"騒音やごみの増加, 交通渋滞や路上駐車などの交通環境の悪化, 歴史文化資源の破壊, 治安の悪化",,"観光スポットを結ぶ交通機関, 観光スポットの案内板や標識（多言語表示）, トイレ・休憩所等の整備及びユニバーサル化, 観光イベント",4,3,,8,,8,,60～69歳,男性
坂井市,ややそう思う,坂井市に駅は無いが、観光に訪れていると思うから,そう思う,実家へ帰りやすくなった,そう思う,他県の人が来る事により、刺激や関わりが増える事での影響があると思う,そう思う,移住者として、ネット情報だけではなく住んでいるからこその情報提供できるのではないかと思う,そう思う,良い所が沢山あるので、是非アピールをもっとして欲しい,どちらかといえば評価している,あまり首都圏へ帰省しても、福井の情報を目にする機会がないから,好ましい,県民にとって刺激があるから,"観光客の消費によって飲食業や宿泊業が潤う, まちに賑わいが生まれる, 波及効果により他の地場産業が活気づく, 地域の知名度が上がる, 観光客との交流が生まれる, 移住・定住のきっかけとなる",移住者の1人ではあるが、正直移住まえの福井の事をほとんど知らなかった,特に心配はない,特になし,観光スポットを結ぶ交通機関,5,5,住みやすく、食べ物も美味しい,10,ほとんど不自由がないから,10,住みやすい環境なので,40～49歳,男性
敦賀市,とてもそう思う,テレビやSNSの影響か分からないが、地域の知名度が上がり、新幹線のお客さんだけでなく、市内を県外車が多く走っているようになった,そう思う,飲食店が増えた,全くそうは思わない,,とてもそう思う,,とてもそう思う,,とても評価している,,とても好ましい,,"観光客の消費によって飲食業や宿泊業が潤う, まちに賑わいが生まれる, 波及効果により他の地場産業が活気づく, 地域の知名度が上がる, 歴史文化資源の保存活用につながる",,騒音やごみの増加,,"観光スポットを結ぶ交通機関, 観光イベント, 障害者や高齢者への配慮（バリアフリー）, 宿泊施設、土産物屋, 駐車場, 体験施設",5,5,,10,,8,,50～59歳,女性
福井市,ややそう思う,駅前に人が増えたから。,そうは思わない,,そう思う,,そう思う,,ややそう思う,,どちらかといえば評価している,,どちらかと言えば好ましい,,"観光客の消費によって飲食業や宿泊業が潤う, まちに賑わいが生まれる, 波及効果により他の地場産業が活気づく, 地域の知名度が上がる",,"騒音やごみの増加, 交通渋滞や路上駐車などの交通環境の悪化, 治安の悪化",,"観光スポットを結ぶ交通機関, 観光スポットの案内板や標識（多言語表示）, トイレ・休憩所等の整備及びユニバーサル化, 障害者や高齢者への配慮（バリアフリー）, 飲食施設, 駐車場",2,2,,5,,5,,40～49歳,無回答
鯖江市,そうは思わない,"鯖江の駅にサンダーバードの特急がとまらなくなったから
",あまりそうは思わない,新幹線を利用する機会がないから,ややそう思う,観光で人が福井に訪れるひとが増えると、福井も活気つくかと思うから,そう思う,福井の良さを知ってほしいから,ややそう思う,地味な県であるから、少しは知名度を上げなければならないと思うから,どちらともいえない,飛躍的に観光客が増えていないから,好ましい,訪れる人が増え福井が活気付く機会になるから,"まちに賑わいが生まれる, 波及効果により他の地場産業が活気づく",,特に心配はない,,"観光スポットを結ぶ交通機関, 宿泊施設、土産物屋, 駐車場",3,3,自信をもってお勧めするべき観光が少ない,6,便利ではないが、暮らすには問題がないからがないから,4,冬の寒さがこのままであれば、年をとればとるほど厄介に感じるから,50～59歳,女性
あわら市,そう思う,関東圏の往来が気軽になった,あまりそうは思わない,中京方面の移動が多いが非常に煩わしくなった,そう思う,通過地点の要素が芦原温泉に泊まって恐竜博物館を見学してというように滞在時間が増えたのではないかと思う,とてもそう思う,歴史も自然も他県に負けず誇れるのでお伝えしたい,とてもそう思う,観光地の点と点を繋ぐツールを充実させて都会並みの利便性持って発信したい,評価している,映画のロケ地にしたり、他県の若い人の意見を聞いたり招いたりしている,とても好ましい,ひょっとして福井が好きになり移住に繋がるかもしれない,"観光客の消費によって飲食業や宿泊業が潤う, まちに賑わいが生まれる, 波及効果により他の地場産業が活気づく, 地域の知名度が上がる, 観光客との交流が生まれる, 移住・定住のきっかけとなる, ガイドなど市民参加の場が広がる",良い方向に歯車が周り始めたら色んな相乗効果が望めると思う,"騒音やごみの増加, 交通渋滞や路上駐車などの交通環境の悪化, 治安の悪化",色んな人が居るのでそんな事も有るだろうと想像する,"観光スポットを結ぶ交通機関, 観光イベント, 障害者や高齢者への配慮（バリアフリー）, 駐車場, 体験施設",4,4,"居住するには費用が安い
のんびりしている",8,まあまあ、不便なく不幸な感じも無く日々を暮らしている,7,"1人で自由に全てできるか自信が持てない
日常生活にはそんなに困らないと思う",60～69歳,女性
越前市,そうは思わない,越前市には引き付ける魅了がない,全くそうは思わない,"名古屋経行くのには不便
大阪方面に行くのも乗り換えが大変",あまりそうは思わない,福井県事態がまだあまり知られていない,ややそう思う,,ややそう思う,,どちらともいえない,,どちらともいえない,,地域の知名度が上がる,,"騒音やごみの増加, 交通渋滞や路上駐車などの交通環境の悪化, 自然破壊",,"観光スポットを結ぶ交通機関, 宿泊施設、土産物屋, 駐車場",2,2,,2,,2,,70歳以上,女性
越前市,あまりそうは思わない,駅が新幹線とハピラインで離れているためハピライン武生駅前が寂しくなった。,そうは思わない,米原名古屋方面が不便に。,ややそう思う,,ややそう思う,,ややそう思う,,どちらかといえば評価している,,どちらかと言えば好ましい,,"観光客の消費によって飲食業や宿泊業が潤う, 波及効果により他の地場産業が活気づく",,"騒音やごみの増加, 交通渋滞や路上駐車などの交通環境の悪化, 自然破壊",,"観光スポットを結ぶ交通機関, トイレ・休憩所等の整備及びユニバーサル化, 障害者や高齢者への配慮（バリアフリー）, 駐車場",3,4,,8,雪さえ降らなければいいのですが。,8,,60～69歳,男性
越前市,あまりそうは思わない,駅が街中から少し離れてるから,ややそう思う,関東に行く時一本で行けるのはありがたい,そう思う,,ややそう思う,,ややそう思う,,どちらともいえない,,どちらかと言えば好ましい,,"観光客の消費によって飲食業や宿泊業が潤う, 歴史文化資源の保存活用につながる, 移住・定住のきっかけとなる",,"騒音やごみの増加, 交通渋滞や路上駐車などの交通環境の悪化, 治安の悪化",,"観光スポットを結ぶ交通機関, 観光マップやパンフレット, 体験施設",4,4,,7,,7,,20～29歳,女性
坂井市,とてもそう思う,観光客が増えたから,ややそう思う,敦賀までは速く行けるようになった,とてもそう思う,福井旅行をした人の楽しかった様子がネットで流れてくる,とてもそう思う,地味だけど、もっと良さが広まって欲しい,とてもそう思う,他県の人が行きたいと思うって事は、魅力のある土地だと思うから,とても評価している,東尋坊や三国のまちや、あわら温泉の観光には力を入れてくれてるように見える,とても好ましい,賑やかになって良い,"観光客の消費によって飲食業や宿泊業が潤う, まちに賑わいが生まれる, 地域の知名度が上がる, 移住・定住のきっかけとなる",,"騒音やごみの増加, 交通渋滞や路上駐車などの交通環境の悪化, 歴史文化資源の破壊",,"観光スポットを結ぶ交通機関, 観光スポットの案内板や標識（多言語表示）, 宿泊施設、土産物屋, 駐車場",4,3,移動の便が悪すぎる,5,実家があるから暮らしているだけで、特別魅力があるから居るわけじゃない,5,,40～49歳,女性
坂井市,そう思う,観光地の集客,あまりそうは思わない,東京へは行きやすくなったが、名古屋や大阪には非常に行きづらくなった,そう思う,経済効果が大きい,とてもそう思う,福井によい印象を持ってもらいたい,とてもそう思う,豊かな自然が多く、古い街並みがあり、多くの人に知ってもらいたい,評価している,坂井市の取り組みの情報はよく発信されていると思う,好ましい,悪い影響もあると思うが、やはり経済効果が大きいと思う,"観光客の消費によって飲食業や宿泊業が潤う, まちに賑わいが生まれる, 地域の知名度が上がる, 歴史文化資源の保存活用につながる",,"交通渋滞や路上駐車などの交通環境の悪化, 治安の悪化",,"観光スポットを結ぶ交通機関, 飲食施設, 宿泊施設、土産物屋",4,4,かなりおすすめではあるが、地域の人々の意識がいまいちだと思うので４,8,交通機関が発達していないので、幸せ満点ではない,8,５年後も今と変わらない、１４番と同じ,60～69歳,女性
敦賀市,ややそう思う,関東へのアクセスが良くなった,あまりそうは思わない,良治する機会がほとんどない,あまりそうは思わない,恐竜、恐竜って推してますが、福井市だけ,そう思う,来られる方には、サポートします,あまりそうは思わない,癒やしを求めてくるんだから、都会と同じ事をしても意味ない,どちらともいえない,結構、空振りしている感じがみれる,どちらともいえない,そんなに、いいの？,特に効果は期待できない,県内交通インフラが全くダメなんで、どこに行くにも、車、車、人が歩いていく場所ではない,交通渋滞や路上駐車などの交通環境の悪化,,観光スポットを結ぶ交通機関,3,2,"嶺北重視の観光対策、インフラ整備
福井市だけやっても、ダメ
福井市ばかり無駄な設備が多すぎる
中途半端なアリーナいる？
キャパが小さすぎて、コンサートも出来ない",5,,5,,50～59歳,男性
敦賀市,ややそう思う,福井県への観光客の増加が期待出来るから,ややそう思う,東京や長野などへ遊びに行き易くなったから,そう思う,観光客が県内でお金を使ってくれるから,とてもそう思う,福井県の良い所を知ってほしいです,ややそう思う,お勧めできるものが他県に比べて少ない,とても評価している,地元の振興の為に動いている方々には頭が上がりません。,とても好ましい,経済が回るから,"観光客の消費によって飲食業や宿泊業が潤う, まちに賑わいが生まれる, 波及効果により他の地場産業が活気づく",,特に心配はない,,"観光イベント, 飲食施設, 宿泊施設、土産物屋, 体験施設",4,3,他県と比べると誇れるものが多く有るとは言い難いです,9,おろし蕎麦が美味しいから,9,5年後もきっとおろし蕎麦は美味しいから,40～49歳,女性
福井市,そう思う,,全くそうは思わない,東京方面への移動はほぼ無く、関西方面への移動が主なので、不便になっただけ。,そう思う,,そう思う,,そう思う,,どちらかといえば評価している,,どちらかと言えば好ましい,,"観光客の消費によって飲食業や宿泊業が潤う, まちに賑わいが生まれる, 波及効果により他の地場産業が活気づく, 地域の知名度が上がる",,その他,駅前駐車場の料金が上がってきて、利用しづらくなっている。,"観光スポットを結ぶ交通機関, 観光マップやパンフレット, 飲食施設, 駐車場, 体験施設",3,4,医療や子育ては安心して行えること。,7,,7,,50～59歳,男性
高浜町,あまりそうは思わない,高浜町が嶺南の端の為、新幹線利用するのも遠いため今までと変わらない,あまりそうは思わない,便利にはなったが、利用するのも遠いから,あまりそうは思わない,敦賀までは便利が良くなったから,ややそう思う,自然や文化に触れてもらいたいから,そう思う,美味しい食べ物や、自然に触れて欲しいし、福井を守り続けなくてはいけないと思うから,評価している,知事も福井県をＰＲしてくれているのがとてもと思う。,好ましい,活気が出る,"観光客の消費によって飲食業や宿泊業が潤う, まちに賑わいが生まれる, 波及効果により他の地場産業が活気づく, 観光客との交流が生まれる",,"騒音やごみの増加, 交通渋滞や路上駐車などの交通環境の悪化",,"観光スポットを結ぶ交通機関, 観光スポットの案内板や標識（多言語表示）, トイレ・休憩所等の整備及びユニバーサル化, 障害者や高齢者への配慮（バリアフリー）, 飲食施設, 宿泊施設、土産物屋, 観光案内所、観光ガイド, 体験施設",4,4,住みやすい町だから,8,"自然に恵まれて子供から大人まで住みやすいと思うから
",9,環境も整えられてもっと住みやすくなっていると思うから。,50～59歳,女性
敦賀市,とてもそう思う,観光客がお金を使ってくれるから,あまりそうは思わない,新幹線に乗れないから,そう思う,,そう思う,,そう思う,,どちらかといえば評価している,,好ましい,,"観光客の消費によって飲食業や宿泊業が潤う, まちに賑わいが生まれる",,"騒音やごみの増加, 交通渋滞や路上駐車などの交通環境の悪化, 歴史文化資源の破壊, 自然破壊, 治安の悪化",,"観光スポットの案内板や標識（多言語表示）, 観光案内所、観光ガイド, 体験施設",4,3,,8,,3,年を取ることに不安がある,60～69歳,女性
福井市,あまりそうは思わない,市や県がどこを向いているのかと思う,そうは思わない,不便になった,ややそう思う,もう駅前にお金かけるの諦めたらいいと思う。,ややそう思う,観光政策への評価とは別に、訪れる人を歓迎すること自体は当然だと思う。,そうは思わない,カニ食べたら素通りでは,まったく評価していない,観光以外に先にお金をかけるべきところがあるはず。学校のトイレや水道が１年以上壊れたままだったり。最低限の地元住民の生活を担保してからでは？,どちらともいえない,商工系の方が儲かるのは悪くはないと思うが、それまで。,"観光客の消費によって飲食業や宿泊業が潤う, まちに賑わいが生まれる, 波及効果により他の地場産業が活気づく, 地域の知名度が上がる",期待はできるけど、それが住民幸福に直結するとは言ってない,"騒音やごみの増加, 交通渋滞や路上駐車などの交通環境の悪化, 自然破壊",,"観光スポットを結ぶ交通機関, トイレ・休憩所等の整備及びユニバーサル化, 観光案内所、観光ガイド, 駐車場",2,3,来てもらうなら最低限のインフラをちゃんとしないと,5,「福井で暮らすこと自体」と「県・市の政策への不満」は別採点なので参考値にはならないかと,5,,50～59歳,女性
越前市,あまりそうは思わない,,ややそう思う,,ややそう思う,,ややそう思う,,ややそう思う,,どちらともいえない,,どちらかと言えば好ましい,,観光客の消費によって飲食業や宿泊業が潤う,,"騒音やごみの増加, 治安の悪化",,観光スポットを結ぶ交通機関,3,3,,5,,5,,50～59歳,女性
福井市,そう思う,東京とのアクセスが良くなった,あまりそうは思わない,年金生活者なので、あまり感じない,あまりそうは思わない,前向きに考えたい,とてもそう思う,活性化につながってほしい。価値観の相違を感じてほしい。,そう思う,そうしないと未来がないから,どちらかと言えば評価していない,特に何もしていないから,好ましい,,"まちに賑わいが生まれる, 歴史文化資源の保存活用につながる",,治安の悪化,,"観光スポットを結ぶ交通機関, 観光マップやパンフレット",1,3,,5,,5,,60～69歳,女性
福井市,そう思う,観光客が増えて活性化するから,ややそう思う,街が活性化すると、お店が増えて便利になるから,そう思う,悪い影響があまり見当たらないから,そう思う,たくさんの人に福井の魅力を知って欲しい,そう思う,福井の良いところを知って欲しいから,どちらともいえない,あまり何をしているかわからない,好ましい,賑わうから,"観光客の消費によって飲食業や宿泊業が潤う, まちに賑わいが生まれる",,騒音やごみの増加,,観光スポットを結ぶ交通機関,3,3,,8,,7,,20～29歳,女性
福井市,そう思う,,そう思う,,そう思う,,そう思う,,そう思う,,どちらかといえば評価している,,どちらかと言えば好ましい,,"観光客の消費によって飲食業や宿泊業が潤う, まちに賑わいが生まれる",,"騒音やごみの増加, 治安の悪化",,"観光スポットを結ぶ交通機関, 観光スポットの案内板や標識（多言語表示）",2,3,,5,,5,,50～59歳,男性
鯖江市,そう思う,関東甲信越の友人が来福しやすくなった。,そう思う,"関東甲信越へ行きやすくなった
",そう思う,観光客が県内にお金を落とす。お金が回る。,そう思う,賑やかになる。でも金沢を目指すべきではない,そう思う,賑やかになる。でも金沢を目指すべきではない,どちらかといえば評価している,,好ましい,,"観光客の消費によって飲食業や宿泊業が潤う, まちに賑わいが生まれる, 波及効果により他の地場産業が活気づく, 地域の知名度が上がる, 観光客との交流が生まれる",,"騒音やごみの増加, 交通渋滞や路上駐車などの交通環境の悪化, 歴史文化資源の破壊, 自然破壊, 治安の悪化",,"観光スポットを結ぶ交通機関, 観光スポットの案内板や標識（多言語表示）",4,4,恐竜と眼鏡を出せば福井を理解してもらえる,7,特に不便はない,6,わからない,60～69歳,男性
大野市,そうは思わない,大野からだとあまり実感がないです。,そう思う,金沢へよくいくので早くて助かります。,そう思う,福井の良さを知ってもっと気軽にきて貰えたり、地元の人にも刺激が与えられるから。,そう思う,いい印象を持ってほしい。,そう思う,福井が寂れてしまわないように。,どちらともいえない,県外の方にきてもらえるような取り組みは少ない気がします。,好ましい,福井を知らなかった方々が良さを知って貰えるから。,"波及効果により他の地場産業が活気づく, 地域の知名度が上がる, 移住・定住のきっかけとなる",,特に心配はない,,観光スポットを結ぶ交通機関,4,4,自然や、観る土地が案外多くあると思います,7,大野の雪に心配がなければといつも思います。,7,仕事があるかなと少し心配です。,60～69歳,女性
福井市,全くそうは思わない,何か変わったかと聞かれても特に何も変わったように思わない,全くそうは思わない,大阪や名古屋に電車で行くのがとても面倒になった。中途半端な延伸で何のメリットもない。不便である。,ややそう思う,そもそも福井が観光を全面に推していけるほど何かある訳でもないし魅力がそもそも無いので、観光に来る人口が大きく増えたり減ったりしているイメージがない。,ややそう思う,経済的な面では来てもらう分には歓迎ではあるため,あまりそうは思わない,何も無いため。福井の良い所が特に無い。,評価していない,何の取り組みをしているのか知らないため。,どちらともいえない,,観光客の消費によって飲食業や宿泊業が潤う,,"騒音やごみの増加, 交通渋滞や路上駐車などの交通環境の悪化, 治安の悪化",,観光イベント,1,1,何も無い。本当に何も無い。年寄りくらいしかウケる物がない。ただでさえ年寄りが多くて日常的に迷惑なのに、年寄りがたくさん来ても邪魔でしかない。,1,"下らない地域内のしがらみ
車での移動がメインなのに危ない運転の年寄りが多くて迷惑
外の世界を知らないから幸福度が高いだけのしょうもない県",1,"今まで何もできていない行政が、たった5年ほどで何が変わるのか？
何に期待できると思うのか？",30～39歳,無回答
福井市,とてもそう思う,福井駅周辺に観光客が増えて、賑わいがでて活気がある感じなった。,とてもそう思う,新幹線が開通し東京方面へのアクセスが向上した。しかし、関西、中京方面への利便性はやや低下したが、ハピラインや名古屋方面高速バスの利便性が向上しており大きな問題にはならなくなってきている,とてもそう思う,観光で福井県に訪れる方が増えれば経済も活性化するので影響は大きい,とてもそう思う,住み慣れた福井に、観光として来られた方に福井の良さを感じて頂きたいので歓迎したい。,とてもそう思う,人気の観光地はオーバーツーリズムで混雑しているので、福井県の良さを最大限にPRすることで福井県の良さが伝わるのではと思う,どちらかと言えば評価していない,個別の市町では頑張っていると思うが、福井県全体で取り組んでいるかといえば、出来ていない印象。新知事がトップセールスを行い、福井県全体で観光誘致キャンペーンを強化して、魅力を伝え、はぴコイン等を利用して観光客に対してメリットを提供するといいのではと感じる,とても好ましい,観光客が増加することにより、福井県の経済が活性化するため,"観光客の消費によって飲食業や宿泊業が潤う, まちに賑わいが生まれる, 波及効果により他の地場産業が活気づく, 地域の知名度が上がる, 観光客との交流が生まれる, 歴史文化資源の保存活用につながる, 移住・定住のきっかけとなる",観光客が増加することで、経済が活性化することで、都市部の一極集中が緩和されるのではと思う,治安の悪化,外国人観光客が増えるとことによる、治安の悪化が考えられる。,"観光スポットを結ぶ交通機関, 観光イベント",5,5,東京に住んでいて戻ってきたが、福井の良さに気づいたので、県外の方に福井の良さを知ってほしいと思う,10,新幹線が開通し東京方面や関西・中京方面ともアクセスが良く、治安もいいので住みやすい,8,,50～59歳,男性
おおい町,とてもそう思う,観光客が増えて新しいお店や施設が増えた,とてもそう思う,福井県がテレビで取り上げてもらうことが増えた,とてもそう思う,人が増えるのは良いことだと思う,とてもそう思う,人口増加に期待する,ややそう思う,沢山の人に訪れて欲しいから,評価している,,とても好ましい,町が活性化するから,"観光客の消費によって飲食業や宿泊業が潤う, まちに賑わいが生まれる, 地域の知名度が上がる, 移住・定住のきっかけとなる",,"騒音やごみの増加, 交通渋滞や路上駐車などの交通環境の悪化, 治安の悪化",交通事故が増えそう,観光スポットを結ぶ交通機関,3,3,,9,とても幸福に感じているが人口減少や病院が少ない事に不安がある,8,今以上な高齢者が増えそう,40～49歳,女性
敦賀市,ややそう思う,関東の方を取り込める,あまりそうは思わない,東京へ行くのは、米原経由を使うため,ややそう思う,活性化につながる,あまりそうは思わない,静かな福井県が良い。自然を破壊して欲しくない。,そうは思わない,治安が悪くなる,まったく評価していない,目先の事しか考えていない。,好ましくない,物価や土地が上がる,特に効果は期待できない,,"騒音やごみの増加, 交通渋滞や路上駐車などの交通環境の悪化, 自然破壊, 治安の悪化",,"観光スポットを結ぶ交通機関, 駐車場",2,3,田舎の魅力がある,7,自然災害が少ない,5,,60～69歳,男性
坂井市,そう思う,"東京が近くなりました。
新幹線は時短になります。",そう思う,新幹線魚が始まっているが、首都圏へ福井の美味しいものを届けることができるようになりました。,そう思う,多くの方に知ってもらえることで、福井が注目されて誘客につながっている。,とてもそう思う,福井を選んでくれたことがありがたい。これを機に再訪したいと思っていただきたい。,とてもそう思う,ディスティネーションレストランやホテルができて、福井に来たい人が増えて欲しい,評価している,観光課やDMOが頑張っている。,好ましい,誇りに思う、,"波及効果により他の地場産業が活気づく, 歴史文化資源の保存活用につながる",文化財の価値を再確認し、保護継承に努めたい,自然破壊,一方通行を逆走する車を見ることが増えた。,"観光スポットを結ぶ交通機関, 観光スポットの案内板や標識（多言語表示）, トイレ・休憩所等の整備及びユニバーサル化",5,3,2次交通の整備が整っておらず、外国語表記もない。観光客目線で整えたい。,7,水、米、空気は美味しい物価が高い,7,あまり変化がないと予測する,60～69歳,女性
美浜町,あまりそうは思わない,あまり変わってるかわからない,ややそう思う,東京に行きやすくなった,ややそう思う,関東圏の人が来てくれる,ややそう思う,マナーのいい人なら,ややそう思う,観光地だけなら,どちらともいえない,,どちらともいえない,観光地施設に人が増えるのはいいこと。生活圏に来られると困るかな,"観光客の消費によって飲食業や宿泊業が潤う, まちに賑わいが生まれる, 波及効果により他の地場産業が活気づく",,"騒音やごみの増加, 交通渋滞や路上駐車などの交通環境の悪化, 歴史文化資源の破壊, 自然破壊, 治安の悪化",,"観光スポットを結ぶ交通機関, トイレ・休憩所等の整備及びユニバーサル化, 飲食施設, 宿泊施設、土産物屋",3,3,これといってなにもない,4,,4,,40～49歳,女性
敦賀市,そう思う,人の出入りが、多くなった,そう思う,地域がニギヤカになります,そうは思わない,沢山の人の出入りにより、地域が活性化する,そう思う,地域が活性化する,そう思う,日本海が、裏日本にならないため,どちらかといえば評価している,色々工夫して取り組んでいる,好ましい,地域が活性化するので,まちに賑わいが生まれる,,"騒音やごみの増加, 交通渋滞や路上駐車などの交通環境の悪化",特にコンビニ等での、夜間の不法駐車,トイレ・休憩所等の整備及びユニバーサル化,4,2,観光客の受け入れ体制が、未熟,5,自分の事で、精一杯です,5,どちらも、精一杯です,70歳以上,男性
福井市,とてもそう思う,関東方面からの観光客が、以前のように金沢止まりでなく福井まで南下するようになったと思うから。,全くそうは思わない,京都、大阪へ福井からサンダーバード1本で行けなくなったから。,ややそう思う,福井駅前で恐竜をバックに写真を撮っている観光客をよく見るようになったから,とてもそう思う,福井をもっと知ってほしいから。,そう思う,食べ物が美味しいから,どちらかといえば評価している,福井といえば恐竜というのが、随分定着してきているように思うから,とても好ましい,美味しいものがたくさんあることを知ってほしいから,"観光客の消費によって飲食業や宿泊業が潤う, 波及効果により他の地場産業が活気づく, 地域の知名度が上がる, 移住・定住のきっかけとなる",,"歴史文化資源の破壊, 自然破壊",,"観光スポットを結ぶ交通機関, 観光スポットの案内板や標識（多言語表示）, トイレ・休憩所等の整備及びユニバーサル化, 障害者や高齢者への配慮（バリアフリー）, 飲食施設, 宿泊施設、土産物屋, 観光案内所、観光ガイド, 駐車場",3,2,良いところもあるが、規模が小さく、まだ有名ではない。,5,食べ物が美味しいことは最近感じている。が、雪が大変。公共交通機関がどんどん縮小している。将来が心配。現在は福井市在住だが、坂井市の実家に戻ろうとしても、周りに何もなくなった。路線バスが減り、店も減り、じふんが年を取っていくのにふだんの生活が心配で、戻れない。,3,自分が車を運転しないと生活ができなさそうだから。,60～69歳,女性
勝山市,そうは思わない,京都に行く時敦賀で乗り換えがひつようになったから,そうは思わない,京都に行く時敦賀で乗り換えがひつようになったから,あまりそうは思わない,,とてもそう思う,,そう思う,,どちらかといえば評価している,,好ましい,,"観光客の消費によって飲食業や宿泊業が潤う, まちに賑わいが生まれる, 移住・定住のきっかけとなる, ガイドなど市民参加の場が広がる",,"騒音やごみの増加, 交通渋滞や路上駐車などの交通環境の悪化",,"観光スポットを結ぶ交通機関, 飲食施設, 体験施設",5,5,,9,,9,,60～69歳,男性
福井市,とてもそう思う,県外からの観光客増えた,あまりそうは思わない,"あまり利用しない
",とてもそう思う,,とてもそう思う,,とてもそう思う,,評価している,,とても好ましい,,"観光客の消費によって飲食業や宿泊業が潤う, 観光客との交流が生まれる, 歴史文化資源の保存活用につながる",,特に心配はない,,"観光スポットを結ぶ交通機関, 駐車場",5,5,,10,,10,,60～69歳,男性
鯖江市,とてもそう思う,福井への観光が増えたと思う,とてもそう思う,子供達が帰りやすくなった,そう思う,友人達から福井へ行きたいと多く聞くようになった,とてもそう思う,地元を誇らしく思えるから,とてもそう思う,活気づくと思う,どちらかといえば評価している,情報があまり入ってこないからよくわからない,とても好ましい,活気づくと思うから,"観光客の消費によって飲食業や宿泊業が潤う, まちに賑わいが生まれる, 地域の知名度が上がる, 観光客との交流が生まれる, 歴史文化資源の保存活用につながる, 移住・定住のきっかけとなる",県外の方ともっと交流が増えると嬉しいから,"騒音やごみの増加, 交通渋滞や路上駐車などの交通環境の悪化, 自然破壊",他の地方での問題点を聞いたことがある,"トイレ・休憩所等の整備及びユニバーサル化, 観光イベント, 観光マップやパンフレット, 飲食施設, 宿泊施設、土産物屋, 観光案内所、観光ガイド, 駐車場",5,4,土産品がまだ乏しい,7,冬積雪の心配がある,7,冬問題はずっとある,50～59歳,女性
福井市,そう思う,福井に来やすくなった,ややそう思う,東京に行きやすくなった,そう思う,遠くからでも観光しやすい,ややそう思う,福井をもっと知ってほしい,ややそう思う,,どちらともいえない,,どちらかと言えば好ましい,,"地域の知名度が上がる, 観光客との交流が生まれる",,交通渋滞や路上駐車などの交通環境の悪化,,"観光スポットを結ぶ交通機関, 観光マップやパンフレット",3,3,,3,,3,,50～59歳,無回答
福井市,とてもそう思う,人流が盛んになることで金回りが良くなる,とてもそう思う,乗り換え無しで東京に行けるようになった,とてもそう思う,より多くの人に福井を知ってもらえる,とてもそう思う,,とてもそう思う,観光産業は製造業よりも初期投資が少なくて経済効果が得られると言われている。,まったく評価していない,広域連携が苦手だと思う,とても好ましい,,"観光客の消費によって飲食業や宿泊業が潤う, まちに賑わいが生まれる, 波及効果により他の地場産業が活気づく, 地域の知名度が上がる, 移住・定住のきっかけとなる",,特に心配はない,,観光スポットを結ぶ交通機関,5,3,,5,,3,北陸新幹線の延伸工事が滞り、関西中京地区との交流が少なくなる。,40～49歳,男性
大野市,そう思う,観光客が増えた,そう思う,東京へは行きやすくなった,そう思う,経済効果,そう思う,町の活性化,ややそう思う,若い人が増えてほしい,どちらかといえば評価している,,どちらかと言えば好ましい,,"観光客の消費によって飲食業や宿泊業が潤う, まちに賑わいが生まれる, 波及効果により他の地場産業が活気づく, 地域の知名度が上がる, 移住・定住のきっかけとなる",,"騒音やごみの増加, 交通渋滞や路上駐車などの交通環境の悪化",,"観光スポットを結ぶ交通機関, トイレ・休憩所等の整備及びユニバーサル化",3,2,,4,,1,,60～69歳,女性
福井市,そう思う,関東地方に住む親戚が法事などで来福するときに、便利になった、乗り換えがなく楽だった、アクセスが良く気軽に来ることが出来るなど、福井への心理的距離が縮まった。,そう思う,関東地方の出張と中京や関西地方の出張を比較すると、関東地方の出張ならよろこんで行きたいと思うようになった。,そう思う,地元にいると、当たり前すぎてその良さに気づきにくいが他県から、お米や魚が美味しい海山が近い、自然が豊かなど、その良さ発信してくれると改めてその価値に気付かされる。,そう思う,地元の良さを発信してるれるから。,ややそう思う,観光も大切だか、観光以外、ビジネス、産業、ものづくりなども大切だと思う。,どちらかといえば評価している,ある程度評価するが、伸びしろはまだまだあると思う。,好ましい,たくさんの気づきや発信など、刺激になる。,"観光客の消費によって飲食業や宿泊業が潤う, まちに賑わいが生まれる, 地域の知名度が上がる, 移住・定住のきっかけとなる",,治安の悪化,,"観光スポットを結ぶ交通機関, 体験施設",4,4,県外の人が福井のいい所や食べ物を美味しいと言ってくれると、自信が持てる。,8,関東方面はアルセスが良くなったが、中京や関西方面はアルセスが悪くなった。,8,国内や海外含めて、人、物、文化の交流がよりさかんになり、便利になり、価値観が多様化していくと思うが、やっぱり福井はいいな、福井には原風景があるな、原体験ができるな、そんなにふるさとを感じる地域であってほしい。,50～59歳,女性
坂井市,そう思う,,とてもそう思う,いつかは乗りたい！と夢を見ている。家から見えるから､いいなぁーと思っている。,とてもそう思う,テレビの有名人が来られて、色々紹介しているから。,とてもそう思う,,とてもそう思う,,とても評価している,,とても好ましい,,"観光客の消費によって飲食業や宿泊業が潤う, まちに賑わいが生まれる, 地域の知名度が上がる",,"交通渋滞や路上駐車などの交通環境の悪化, 治安の悪化",,"観光スポットを結ぶ交通機関, 障害者や高齢者への配慮（バリアフリー）, 観光マップやパンフレット, 駐車場",5,5,,9,,10,そうでありたい！,40～49歳,女性
小浜市,あまりそうは思わない,敦賀からかなり離れてるから,あまりそうは思わない,"新幹線の利用がないから！
東京へは遠回りになる",そう思う,たくさんの人に福井の魅力を感じてほしい。,そう思う,街が活気付く,そう思う,,どちらともいえない,小浜市はそれ程変わらない,どちらかと言えば好ましい,街の発展のために,"観光客の消費によって飲食業や宿泊業が潤う, まちに賑わいが生まれる, 波及効果により他の地場産業が活気づく, 地域の知名度が上がる, 移住・定住のきっかけとなる",,"交通渋滞や路上駐車などの交通環境の悪化, 治安の悪化",,"観光スポットを結ぶ交通機関, 観光スポットの案内板や標識（多言語表示）, 観光イベント, 飲食施設, 宿泊施設、土産物屋, 観光案内所、観光ガイド",3,3,特別紹介したい場所がない,7,小浜は関西に近いのが良い,5,特別変わらないと思う,70歳以上,女性
鯖江市,あまりそうは思わない,駅がローカル路線になり利便性が低下した,ややそう思う,東京へ行きやすくなった,ややそう思う,関東方面からの観光客が増えた,そう思う,他県にはない素晴らしいコンテンツが有りますが、生かし切れていないので、是非、来福頂きたいです,ややそう思う,他県にはない魅力が有るからです,どちらかと言えば評価していない,まだまだアピール不足だと感じます。,好ましい,まだオーバーツーリズムというほどの増加でもなく、どんどん増えて欲しいです,"観光客の消費によって飲食業や宿泊業が潤う, まちに賑わいが生まれる, 波及効果により他の地場産業が活気づく, 地域の知名度が上がる, 観光客との交流が生まれる, 歴史文化資源の保存活用につながる, ガイドなど市民参加の場が広がる",地元だけではな成長出来ない面を観光客でカバーして欲しいです,特に心配はない,まだまだ影響が出るレベルではないと思います。,"観光イベント, 観光マップやパンフレット, 飲食施設, 宿泊施設、土産物屋, 観光案内所、観光ガイド, 体験施設",3,3,他にはない魅力が有る,4,娯楽が少ない,5,結局、今と劇的に変わらないのではと思います,50～59歳,男性
鯖江市,ややそう思う,鯖江に駅が無いから,そうは思わない,新幹線を使く機会があまり無いから,そう思う,経済的に潤うから,あまりそうは思わない,観光客が増えても私には関係ないから,ややそう思う,,どちらともいえない,あまり伝わってこない,どちらともいえない,事件・事故が増える,"まちに賑わいが生まれる, 波及効果により他の地場産業が活気づく",,"騒音やごみの増加, 交通渋滞や路上駐車などの交通環境の悪化, 自然破壊, 治安の悪化, 日常生活に影響が出るほどの不安",,"観光スポットを結ぶ交通機関, 観光スポットの案内板や標識（多言語表示）, トイレ・休憩所等の整備及びユニバーサル化",3,2,,5,雪が降らなければ10点,5,あまり変わらない,60～69歳,男性
福井市,そう思う,福井駅にたくさんの人が来るようになった為,そう思う,東京へ行くのが楽になった,とてもそう思う,都会から観光にくる人の人口が増えたため、お土産や観光地が潤ってると思う,そう思う,福井の良いイメージにつながって欲しいから,そう思う,福井県の人口は少ない為、観光客にお金を落としてもらわないと財政的に無理だと思う。,どちらともいえない,"ＰＲが下手。
歴史好きとして、とても有名な人がいるのに生かしてきれていないのが残念。県庁がお堀に建っている時点で残念です。",好ましい,交通の便をよくしない限り、観光客は増えないので，むちゃくちゃ増える事はむずかしいと思う。努力してもらいたい。,"観光客の消費によって飲食業や宿泊業が潤う, まちに賑わいが生まれる, 波及効果により他の地場産業が活気づく, 歴史文化資源の保存活用につながる",,特に心配はない,,観光スポットを結ぶ交通機関,3,2,"私が住んでるところは、40年も前から景色が変わっていない。
全面緑しかＰＲする事ができない為、自信持ってはおすすめできない。",4,自然の面では、かなり豊かなので、良いが、車を運転できなくなった時や、冬雪が降ることをがんがえると、不便でしかなく、将来が不安になる。,2,田舎なので、屋敷もでかく、交通の便は悪く、近所を見渡しても限界集落なのではと不安になる。歳を重ねることで、家の処分や畑の土地の問題山積みだなの先がおもいやられる。,50～59歳,女性
大野市,ややそう思う,関東方面へのアクセスが早く便利になった。,ややそう思う,北陸新幹線利用の旅行が生きやすくなった。,ややそう思う,関東へのアクセスは良くなったものの関西・中京方面・静岡方面へは乗換が多くなり、不便となった。,そう思う,県内在住の自分でも２度、３度と行きたいところがたくさんある。,そう思う,地味かもしれないが、混雑せずゆっくり過ごせて美味しいものがある隠れ家的旅先として。,どちらかといえば評価している,宣伝先行で派手にすれば一時のブームを呼ぶが、いつかは廃れてしまう。いつ来ても心安らぐ地であるようこまめに地道に情報発信していってほしい。,どちらかと言えば好ましい,オーバーツーリズムは困るが、福井県内に興味を持ってにぎやかになってくれると嬉しい。,"観光客の消費によって飲食業や宿泊業が潤う, まちに賑わいが生まれる, 地域の知名度が上がる, 歴史文化資源の保存活用につながる, ガイドなど市民参加の場が広がる",良いところがあってもまだまだ無名なものが多いと思うので、来てもらう人が増えれば地元の人も元気になると思う。,"交通渋滞や路上駐車などの交通環境の悪化, 自然破壊",交通問題というよりも旅行者目線の受け入れ態勢が整っていないように思う。,"観光スポットを結ぶ交通機関, 観光スポットの案内板や標識（多言語表示）, トイレ・休憩所等の整備及びユニバーサル化, 障害者や高齢者への配慮（バリアフリー）, 飲食施設, 宿泊施設、土産物屋, 観光案内所、観光ガイド, 駐車場",4,4,田舎で人も少なくて活気も弱いが、ゆったりと暮らすにはほぼほぼ不便さは感じない。,8,人口、特に子ども・若者が少なくなって活気がないように感じるが、地下水をはじめ自然環境は良いと思う。,8,人口が少ないのは寂しい面もあるが、都会のように人混みでアクセクすることがない。みな暖かく親切な人ばかり。,60～69歳,男性
福井市,ややそう思う,イベントが増えて、県外からの観光客が増えたのでは？とおもう。,あまりそうは思わない,以前、大阪に行くとき、乗り換えないと行けなかったこと。本数が減ったこと。,そう思う,観光客が増えて、観光や飲食、お土産など経済効果があるとおもうから,とてもそう思う,福井のいいところをたくさん知ってほしい,とてもそう思う,金沢と京都の間で、通過地点ではなく、目的地になってほしい,どちらともいえない,いろいろ企画やイベントをしているが、継続できていないから,好ましい,イベントが定着すると、それに向けて人がくるから。,"観光客の消費によって飲食業や宿泊業が潤う, まちに賑わいが生まれる, 波及効果により他の地場産業が活気づく, 地域の知名度が上がる, 歴史文化資源の保存活用につながる, ガイドなど市民参加の場が広がる",,"騒音やごみの増加, 交通渋滞や路上駐車などの交通環境の悪化, 歴史文化資源の破壊, 治安の悪化",イベントがあれば、人や車が増える。環境が整っていなければ、渋滞や混雑、トラブルは増えるとおもうから。,"観光スポットを結ぶ交通機関, 観光スポットの案内板や標識（多言語表示）, トイレ・休憩所等の整備及びユニバーサル化, 障害者や高齢者への配慮（バリアフリー）, 観光マップやパンフレット, 飲食施設, 宿泊施設、土産物屋, 駐車場, 体験施設",3,3,もっと環境や人が育つといいと思う,5,かもなくふかもなく。,5,,40～49歳,女性
福井市,そう思う,便利が良くなった,そう思う,,そう思う,,とてもそう思う,福井県はにぎわう,そう思う,,評価している,,とても好ましい,,まちに賑わいが生まれる,,特に心配はない,,トイレ・休憩所等の整備及びユニバーサル化,3,3,,5,,5,,60～69歳,女性
小浜市,そう思う,観光客が増えているように思う,そう思う,関東へ行く際の選択肢が増えた,とてもそう思う,,とてもそう思う,,とてもそう思う,,評価している,,とても好ましい,,"観光客の消費によって飲食業や宿泊業が潤う, まちに賑わいが生まれる, 波及効果により他の地場産業が活気づく, 歴史文化資源の保存活用につながる, 移住・定住のきっかけとなる",,交通渋滞や路上駐車などの交通環境の悪化,,"観光スポットを結ぶ交通機関, 観光イベント, 観光マップやパンフレット",4,5,,10,,10,,30～39歳,男性
福井市,そう思う,,そう思う,乗り換え無しで東京に,そう思う,,そう思う,,ややそう思う,,どちらかといえば評価している,,どちらかと言えば好ましい,,"観光客の消費によって飲食業や宿泊業が潤う, 歴史文化資源の保存活用につながる",,"騒音やごみの増加, 交通渋滞や路上駐車などの交通環境の悪化, 治安の悪化",,"飲食施設, 宿泊施設、土産物屋, 駐車場, 体験施設",4,4,,8,,8,,60～69歳,女性
福井市,あまりそうは思わない,,そう思う,週に1回、名古屋に行くのに利用している。,そう思う,,ややそう思う,,そう思う,,どちらかといえば評価している,,とても好ましい,,"観光客の消費によって飲食業や宿泊業が潤う, まちに賑わいが生まれる, 波及効果により他の地場産業が活気づく, 地域の知名度が上がる, 観光客との交流が生まれる, 歴史文化資源の保存活用につながる, 移住・定住のきっかけとなる, ガイドなど市民参加の場が広がる",,"騒音やごみの増加, 交通渋滞や路上駐車などの交通環境の悪化, 歴史文化資源の破壊, 自然破壊, 治安の悪化",,"観光スポットを結ぶ交通機関, トイレ・休憩所等の整備及びユニバーサル化, 観光イベント, 障害者や高齢者への配慮（バリアフリー）, 観光マップやパンフレット, 飲食施設, 宿泊施設、土産物屋, 観光案内所、観光ガイド, 駐車場",5,4,,7,,7,,60～69歳,女性
坂井市,ややそう思う,福井に観光に来る人が増えると思うから,ややそう思う,,そう思う,他県の人が来やすいと思うから,とてもそう思う,福井県を楽しんで欲しいから,とてもそう思う,魅力ある県であることは、いろんな面で良いと思うから。,どちらかといえば評価している,,とても好ましい,経済効果が得られるから,"観光客の消費によって飲食業や宿泊業が潤う, まちに賑わいが生まれる, 波及効果により他の地場産業が活気づく, 地域の知名度が上がる, 観光客との交流が生まれる, 移住・定住のきっかけとなる",県全体が活気づくので、大変良いことだと思うから,交通渋滞や路上駐車などの交通環境の悪化,場所によっては影響が出ると思うから,"観光スポットを結ぶ交通機関, 観光スポットの案内板や標識（多言語表示）, トイレ・休憩所等の整備及びユニバーサル化, 観光イベント, 障害者や高齢者への配慮（バリアフリー）, 観光マップやパンフレット, 飲食施設, 宿泊施設、土産物屋, 観光案内所、観光ガイド",3,3,せっかく良い観光地があっても１カ所だけでは、県外からわざわざ来ても魅力がない。福井は観光地から観光地までの交通手段も無いのが一番ダメだと思う。,9,自然豊かだから,4,高齢になり免許返納後の生活を考えると、とても不安だから。もっと高齢者に優しい交通手段をなんとか考えて欲しい！,50～59歳,女性
越前市,そう思う,えちぜん武生駅の駐車場がいつもいっぱい,あまりそうは思わない,"駅が遠くなった
敦賀乗換が面倒",そう思う,,そう思う,,ややそう思う,,どちらかといえば評価している,,どちらかと言えば好ましい,,"観光客の消費によって飲食業や宿泊業が潤う, まちに賑わいが生まれる, 地域の知名度が上がる, 歴史文化資源の保存活用につながる",,特に心配はない,,"観光スポットを結ぶ交通機関, 観光スポットの案内板や標識（多言語表示）, トイレ・休憩所等の整備及びユニバーサル化",5,3,,8,,8,,60～69歳,女性
福井市,ややそう思う,特に無し,あまりそうは思わない,関係ない,そう思う,特に無し,そう思う,特に無し,そう思う,特に無し,評価している,特に無し,好ましい,特に無し,"観光客の消費によって飲食業や宿泊業が潤う, まちに賑わいが生まれる, 波及効果により他の地場産業が活気づく, 地域の知名度が上がる",特に無し,"騒音やごみの増加, 交通渋滞や路上駐車などの交通環境の悪化",特に無し,"観光スポットを結ぶ交通機関, 観光スポットの案内板や標識（多言語表示）, トイレ・休憩所等の整備及びユニバーサル化, 観光イベント, 観光マップやパンフレット, 飲食施設, 宿泊施設、土産物屋, 観光案内所、観光ガイド, 駐車場",4,4,特に無し,8,特に無し,8,特に無し,60～69歳,男性
あわら市,あまりそうは思わない,新幹線が開通したことで、市のお金がなくなったから,あまりそうは思わない,京都方面に行きにくくなったから,ややそう思う,,そう思う,福井には知られていないいいとかがたくさんあるから,あまりそうは思わない,オーバーツーリズムが起きるのが好ましくないから,とても評価している,インスタなどを上手く活用しているから,どちらともいえない,観光客が増加すると普通の生活が壊されそうだから,"観光客の消費によって飲食業や宿泊業が潤う, 波及効果により他の地場産業が活気づく, 地域の知名度が上がる, 歴史文化資源の保存活用につながる, 移住・定住のきっかけとなる",,"騒音やごみの増加, 交通渋滞や路上駐車などの交通環境の悪化, 自然破壊, 治安の悪化, 日常生活に影響が出るほどの不安",,"観光スポットを結ぶ交通機関, 障害者や高齢者への配慮（バリアフリー）, 観光案内所、観光ガイド",3,5,,5,公共交通機関が少ないから,8,落ち着いた暮らしができるから,～19歳,女性
敦賀市,ややそう思う,,あまりそうは思わない,,ややそう思う,,ややそう思う,,ややそう思う,,どちらともいえない,,どちらともいえない,,観光客の消費によって飲食業や宿泊業が潤う,,騒音やごみの増加,,駐車場,3,3,,7,,6,,40～49歳,女性
鯖江市,そう思う,コンサートなどお客さんが増えた,そう思う,旅行に行きやすくなった,とてもそう思う,まちが活気づく,とてもそう思う,場所とか聞かれたら気持ちよく答えたい。私も県外に行くとそういう場面があった,とてもそう思う,越前海岸はほかの県より景色がいいから,どちらかといえば評価している,鯖江はあまりしていないと思う,とても好ましい,全ての人の楽しみに貢献する,まちに賑わいが生まれる,,特に心配はない,心配するほどは増えてもこない,"観光スポットを結ぶ交通機関, 観光イベント, 飲食施設",4,3,聞かれても答えられない,8,特別なものがなくても平穏だから,5,年をとって車に乗れなくなると交通が不便,50～59歳,女性
福井市,とてもそう思う,駅前の活性化,とてもそう思う,"県外へ行きやすい
富山には4回は行ってる",とてもそう思う,認知度が上がって移住者増えるから,とてもそう思う,駅前などで独自のイベントが多くなる,とてもそう思う,コンパクトの駅前と恐竜博物館と自然や昔の町並みを歩いたりお酒と食も美味しい,とても評価している,,とても好ましい,,"観光客の消費によって飲食業や宿泊業が潤う, まちに賑わいが生まれる, 波及効果により他の地場産業が活気づく, 地域の知名度が上がる, 移住・定住のきっかけとなる",,"騒音やごみの増加, 治安の悪化",,"観光スポットを結ぶ交通機関, 観光イベント, 観光マップやパンフレット, 観光案内所、観光ガイド",5,5,,10,,10,,30～39歳,男性
坂井市,そう思う,福井県全体で盛り上げようってしてるのを感じる,あまりそうは思わない,大阪へ行くのが不便すぎる,そう思う,関西方面の観光客が減ってる気がする,とてもそう思う,福井良いところがたくさんある,ややそう思う,そうするには寂しい気がする,評価している,頑張ってるのがわかる,好ましい,県にお金が入るのは嬉しい,"まちに賑わいが生まれる, 波及効果により他の地場産業が活気づく, 歴史文化資源の保存活用につながる",お金を色々なところに回せる,"自然破壊, 治安の悪化",マナーを守って欲しい,体験施設,4,4,福井生まれではないから,7,女性が我慢しすぎる,7,女性の立場はそれほど変わってないように思う,50～59歳,女性
福井市,とてもそう思う,県外からの人が増えた,とてもそう思う,駅前が賑やかになった,とてもそう思う,良さを知ってもらえる,とてもそう思う,,とてもそう思う,,評価している,,とても好ましい,,"観光客の消費によって飲食業や宿泊業が潤う, まちに賑わいが生まれる, 波及効果により他の地場産業が活気づく, 地域の知名度が上がる, 移住・定住のきっかけとなる",,特に心配はない,,"観光スポットを結ぶ交通機関, 観光スポットの案内板や標識（多言語表示）, 飲食施設, 宿泊施設、土産物屋",3,3,,7,,7,,40～49歳,男性
鯖江市,あまりそうは思わない,"
新幹線の駅がなくスルーされているのでは",あまりそうは思わない,県外に行くのに不便になった,そうは思わない,一部の地域は良かったみたいだが、大多数の地域は変わっていない。,そう思う,生まれ育った場所を知って欲しいから,そう思う,地域の活性化のため,どちらともいえない,効果があまり上がっていないように思う,どちらかと言えば好ましい,地域の経済活動に良い影響がある,"観光客の消費によって飲食業や宿泊業が潤う, 波及効果により他の地場産業が活気づく, 地域の知名度が上がる, 歴史文化資源の保存活用につながる",,特に心配はない,,"観光スポットを結ぶ交通機関, 飲食施設, 宿泊施設、土産物屋, 観光案内所、観光ガイド, 駐車場",1,2,地場産業メガネ、漆器があるが、経済規模的に大きいものではない。県外からの観光客を引きつけるものがない。,7,長年暮らしていて、ほどほど満足している,5,年齢的にもう最終コーナーをまわって、最後の直線コースを走っている。あとはゆっくり静かに過ごすことが一番だと思っている。,70歳以上,男性
鯖江市,そう思う,関東圏のお客様、ビジネスマンが来やすくなったと思います。,ややそう思う,金沢始発のサンダーバードはまだ残っていて欲しかった。,とてもそう思う,他県、他国の人を呼ぶには必要なものだと思う。オーバーツーリズムにならない程度で。,そう思う,歓迎しますよ。移住者も増えるかもしれませんし。外国人ばかりだと少し困りますけど。,そう思う,,評価している,,どちらかと言えば好ましい,増えすぎるのは困る。トラブルも増えると思うから。,"観光客の消費によって飲食業や宿泊業が潤う, まちに賑わいが生まれる, 波及効果により他の地場産業が活気づく, 地域の知名度が上がる, 移住・定住のきっかけとなる",,"騒音やごみの増加, 交通渋滞や路上駐車などの交通環境の悪化, 歴史文化資源の破壊, 自然破壊, 治安の悪化, 日常生活に影響が出るほどの不安",昨今、外国人による犯罪やトラブルが多発しているので、なんでもかんでも来てもらえばいいわけじゃない。日本人にも変わった人はいますが。トラブル回避に多言語での注意書きを増やした方がいい。,"観光スポットを結ぶ交通機関, 観光スポットの案内板や標識（多言語表示）, トイレ・休憩所等の整備及びユニバーサル化, 観光イベント, 観光マップやパンフレット, 飲食施設, 宿泊施設、土産物屋, 観光案内所、観光ガイド, 駐車場, 体験施設",4,4,,7,,7,,40～49歳,無回答
福井市,そう思う,観光客、ビジネス客の増加を感じる。特にこれまで福井に少なかった外国人や関東方面の来県が増えているように思う,とてもそう思う,ビジネスの移動が楽になった,そう思う,,とてもそう思う,,そう思う,,どちらともいえない,様々な取組を行っているが、県外への周知度はもちろん、県内に住む我々自身がどのような観光振興の取組が成されているかを知らない。,好ましい,,"観光客の消費によって飲食業や宿泊業が潤う, まちに賑わいが生まれる, 歴史文化資源の保存活用につながる, ガイドなど市民参加の場が広がる",,交通渋滞や路上駐車などの交通環境の悪化,,"観光スポットを結ぶ交通機関, 観光スポットの案内板や標識（多言語表示）, 観光イベント, 駐車場, 体験施設",5,3,,7,,7,,40～49歳,男性
福井市,ややそう思う,,あまりそうは思わない,,そう思う,,とてもそう思う,,そう思う,,どちらかといえば評価している,,好ましい,,"観光客の消費によって飲食業や宿泊業が潤う, まちに賑わいが生まれる, 波及効果により他の地場産業が活気づく, 地域の知名度が上がる",,特に心配はない,,"観光スポットを結ぶ交通機関, 観光スポットの案内板や標識（多言語表示）",4,4,,8,,8,,50～59歳,女性
美浜町,ややそう思う,福井市内での飲み会に参加しても、新幹線に乗って小浜線最終電車に乗れば、その日に家に帰れるので、宿泊が不要になったから。,ややそう思う,福井市内での宿泊が減らせるようになったから。,あまりそうは思わない,恩恵を受けられる人とそうでない人との差があるから。,あまりそうは思わない,県内に住む人が、まず福井県が良いと思う人を増やす必要があるから。,あまりそうは思わない,どこにも似たような場所があるので、お客の取り合いをするのではなく、県内の人が行きたい場所を増やすことが大事だと思います。,どちらともいえない,あまり知らないから。,どちらともいえない,隣りが旅館と釣り船を経営しているが、当然休日に来る人が多いので、会社の休みの日でも自宅でゆっくりとくつろげないから。,特に効果は期待できない,,"騒音やごみの増加, 交通渋滞や路上駐車などの交通環境の悪化, 治安の悪化, 日常生活に影響が出るほどの不安",,"観光スポットを結ぶ交通機関, トイレ・休憩所等の整備及びユニバーサル化, 飲食施設, 駐車場",2,2,,3,,3,,60～69歳,男性
福井市,そう思う,,ややそう思う,,そう思う,,とてもそう思う,,とてもそう思う,,どちらかといえば評価している,,好ましい,,"観光客の消費によって飲食業や宿泊業が潤う, まちに賑わいが生まれる, 地域の知名度が上がる",,"騒音やごみの増加, 交通渋滞や路上駐車などの交通環境の悪化, 歴史文化資源の破壊",,"観光スポットを結ぶ交通機関, トイレ・休憩所等の整備及びユニバーサル化, 飲食施設, 宿泊施設、土産物屋, 駐車場",3,3,,9,,8,,30～39歳,女性
福井市,ややそう思う,,あまりそうは思わない,,ややそう思う,,ややそう思う,,ややそう思う,,まったく評価していない,交通政策がまったく出来ていない,どちらかと言えば好ましい,,"観光客の消費によって飲食業や宿泊業が潤う, まちに賑わいが生まれる, 地域の知名度が上がる",,"騒音やごみの増加, 交通渋滞や路上駐車などの交通環境の悪化, 治安の悪化",,"観光スポットを結ぶ交通機関, 宿泊施設、土産物屋",2,1,,3,,2,,50～59歳,男性
大野市,ややそう思う,福井駅まではスムーズになったがそこから大野市までの公共交通機関がとても本数が少なく不便なままである,あまりそうは思わない,新幹線を使って外出することがほぼ無くて自家用車がほとんどだから,とてもそう思う,観光客が増えて福井の良いところが全国に広まってほしいと思う,とてもそう思う,福井には美味しいものや産業　自然　地下水　良いところがたくさんある,とてもそう思う,今ある自然や良いところを守り続けて行けるように県民みんなが努力していかなくてはいけない,評価している,イベントや都会に赴いてPR活動など頑張っていると思う　県外の人に聞くとCMで福井県の観光地が流れていると言っていた,とても好ましい,福井県にいっぱい来てほしい　福井県が活気づくし財源も豊かになる,"観光客の消費によって飲食業や宿泊業が潤う, まちに賑わいが生まれる, 波及効果により他の地場産業が活気づく, 地域の知名度が上がる, 観光客との交流が生まれる, 歴史文化資源の保存活用につながる, 移住・定住のきっかけとなる, ガイドなど市民参加の場が広がる",,騒音やごみの増加,一部の海外の観光客のゴミやトイレの使用の仕方は問題になっている,"観光スポットを結ぶ交通機関, 観光スポットの案内板や標識（多言語表示）, トイレ・休憩所等の整備及びユニバーサル化, 観光イベント, 障害者や高齢者への配慮（バリアフリー）, 観光マップやパンフレット, 飲食施設, 宿泊施設、土産物屋, 観光案内所、観光ガイド, 駐車場, 体験施設",5,3,水や自然　食など誇れるところは多いのだが　家族で来て楽しめるレジャー施設やスポットが少な過ぎて楽しんでもらえない,10,高齢になってくると田舎が良く思えてくる　ふるさとの良さが感じられる,5,これは全く分からない,60～69歳,女性
福井市,とてもそう思う,,とてもそう思う,,とてもそう思う,,とてもそう思う,,とてもそう思う,,とても評価している,,とても好ましい,,"観光客の消費によって飲食業や宿泊業が潤う, まちに賑わいが生まれる, 波及効果により他の地場産業が活気づく, 地域の知名度が上がる, 観光客との交流が生まれる, 歴史文化資源の保存活用につながる, 移住・定住のきっかけとなる, ガイドなど市民参加の場が広がる",,"騒音やごみの増加, 交通渋滞や路上駐車などの交通環境の悪化, 歴史文化資源の破壊, 自然破壊, 治安の悪化, 日常生活に影響が出るほどの不安",,"観光スポットを結ぶ交通機関, 観光スポットの案内板や標識（多言語表示）, トイレ・休憩所等の整備及びユニバーサル化, 観光イベント, 障害者や高齢者への配慮（バリアフリー）, 観光マップやパンフレット, 駐車場",4,5,,5,,4,,30～39歳,男性
福井市,ややそう思う,"首都圏からのアクセスが良くなり
観光客に限らず来県者が増えたのでは無いかと思ったから",ややそう思う,東京へのアクセスが良くなったから,ややそう思う,来県者が増えれば福井の魅力が広がるから,ややそう思う,来県者が増えすぎると受け入れてのキャパを超えそうだから,ややそう思う,企業などの誘致によって労働者人口を増やすことも考えた方が人口減少に歯止めがかかると思うから,どちらともいえない,PRはされいると思うが効果が十分に得られているとは思えないから,どちらかと言えば好ましい,福井の魅力を知ってもらえるから,"観光客の消費によって飲食業や宿泊業が潤う, まちに賑わいが生まれる, 地域の知名度が上がる",,"騒音やごみの増加, 交通渋滞や路上駐車などの交通環境の悪化",海外の旅行客の場合ルールやマナーが異なると思うから,"観光スポットを結ぶ交通機関, 観光スポットの案内板や標識（多言語表示）, トイレ・休憩所等の整備及びユニバーサル化",4,4,,7,,7,,60～69歳,女性
敦賀市,ややそう思う,,ややそう思う,,ややそう思う,,そう思う,,そう思う,,どちらともいえない,,好ましい,,"観光客の消費によって飲食業や宿泊業が潤う, 波及効果により他の地場産業が活気づく",,特に心配はない,,"宿泊施設、土産物屋, 駐車場",3,3,,7,,7,,50～59歳,女性
鯖江市,そう思う,実家が京都にあるので、子供もいると新幹線での移動は負担が少なくて良い。旅行で関西へも行きやすい。,とてもそう思う,実家が京都にあるので、子供もいると新幹線での移動は負担が少なくて良い。旅行で関西へも行きやすい。,そう思う,,ややそう思う,,ややそう思う,,どちらかといえば評価している,,どちらともいえない,,"観光客の消費によって飲食業や宿泊業が潤う, まちに賑わいが生まれる, 地域の知名度が上がる",,"騒音やごみの増加, 交通渋滞や路上駐車などの交通環境の悪化",,トイレ・休憩所等の整備及びユニバーサル化,3,3,,2,,3,,20～29歳,女性
勝山市,とてもそう思う,福井の街にたくさんの人が散策してると思う,全くそうは思わない,"観光地ではないから観光客に会わない
",そう思う,お土産やさんは良いのでは？,ややそう思う,近くにいたなら　親切にしますよ,そう思う,こんなに人口が減ったら来てもらうだけ喜ばないと,どちらともいえない,良くなるのはよいことだが私にはまったく関係がない,好ましい,また、タクシーの業務やバスなど減便になっていたことが復活したりしたら良いことではないですか,"観光客の消費によって飲食業や宿泊業が潤う, まちに賑わいが生まれる",人が増えることは昔みたいになると言うことでそれをずっと維持できたらいいでしょうね,特に心配はない,勝山ですが、ここに来る人達は恐竜博や自然と戯れる人が多いので治安の悪化とかは考えられません,"観光スポットの案内板や標識（多言語表示）, 観光イベント, 観光マップやパンフレット, 飲食施設, 観光案内所、観光ガイド, 体験施設",3,4,まず、恐竜博物館と伝えるだけで今までどこに福井県って有るの？が　あそだねって、知名度向上してるなって、思ったことがあります,9,"雪さえなければ最高です。税金がなければ
もっと天国です。自然も一杯スーパーも近い道も広い。お米も美味しくて最高なんだけど…",5,減税してくれたら人口も増えてしあわせの村になってると思うけど、今と変わらないと思います,60～69歳,女性
坂井市,そう思う,簡単にいったり来たり出来るようになったから。,ややそう思う,イベントなどがあったり、いろいろなところへ行きやすくなるから。,ややそう思う,観光しやすくなるから。,あまりそうは思わない,言葉がわからなかったり、怖かったりするから。,あまりそうは思わない,団体で話していると。怖くなるから。,どちらかといえば評価している,イベントが多くなったから。,どちらかと言えば好ましくない,SNSが流行っているから。,"まちに賑わいが生まれる, ガイドなど市民参加の場が広がる",期待はしているが、SNSに書き込まれたり、残ったりするのが怖い。,"騒音やごみの増加, 交通渋滞や路上駐車などの交通環境の悪化, 歴史文化資源の破壊, 自然破壊, 治安の悪化, 日常生活に影響が出るほどの不安",負の部分もあると思う。,"観光スポットを結ぶ交通機関, トイレ・休憩所等の整備及びユニバーサル化, 観光イベント, 障害者や高齢者への配慮（バリアフリー）, 観光マップやパンフレット, 飲食施設, 宿泊施設、土産物屋, 観光案内所、観光ガイド, 駐車場",2,3,食もイベントや文化も自慢できるものだと思うから。,4,あまり、場所を離れたくないから。,4,あまりなんでも口にできないところがあったから。,50～59歳,女性
勝山市,とてもそう思う,恐竜博物館等への自家用車への混雑が少し減っているのではないかと思います,とてもそう思う,旅行に行きやすい,とてもそう思う,賑やかさが増していいと思います,そう思う,他県や他国からの観光は嬉しい,そう思う,とても自然が多く、穏やかな街だから,とても評価している,PRでも頑張っていると思う,とても好ましい,いろんな人に福井県、勝山市を知ってもらいたい,"観光客の消費によって飲食業や宿泊業が潤う, まちに賑わいが生まれる, 地域の知名度が上がる, 観光客との交流が生まれる",,交通渋滞や路上駐車などの交通環境の悪化,場所によっては、すごく混雑するところもある,"観光スポットを結ぶ交通機関, トイレ・休憩所等の整備及びユニバーサル化, 飲食施設",5,5,いいところがいっぱいある,10,とても住みやすい,10,この穏やかさ、住みやすさは、変わらないと思っているため,40～49歳,女性
小浜市,あまりそうは思わない,,あまりそうは思わない,,ややそう思う,,そう思う,,そう思う,,どちらかといえば評価している,,どちらともいえない,,"観光客の消費によって飲食業や宿泊業が潤う, まちに賑わいが生まれる, 波及効果により他の地場産業が活気づく, 地域の知名度が上がる, 観光客との交流が生まれる, 歴史文化資源の保存活用につながる",,特に心配はない,,"観光スポットを結ぶ交通機関, トイレ・休憩所等の整備及びユニバーサル化, 障害者や高齢者への配慮（バリアフリー）",4,4,,7,,7,,70歳以上,男性
福井市,そう思う,東京から乗り換えなしで来られる,ややそう思う,子どもが東京在住で、行きやすくなった。（ただし値段が高すぎる。）,そう思う,,そう思う,,ややそう思う,,どちらかといえば評価している,,どちらかと言えば好ましい,好ましい面もあるが、混雑などの良くない面もある。,"観光客の消費によって飲食業や宿泊業が潤う, まちに賑わいが生まれる, 地域の知名度が上がる",,"騒音やごみの増加, 交通渋滞や路上駐車などの交通環境の悪化, 治安の悪化",,"観光スポットを結ぶ交通機関, 観光スポットの案内板や標識（多言語表示）, 宿泊施設、土産物屋",3,4,食べ物がおいしい,6,文化的なイベントが少ない。大阪・名古屋に行きにくくなった。,5,,50～59歳,女性
坂井市,ややそう思う,県外で生活する人達の帰省が便利になった,ややそう思う,県外者の行き来が楽になったと思います,そう思う,サービス業をしていて観光の方が増えて収益に確実に繋がっていると感じているので。,そう思う,遠いところから来ていただいたことに感謝しているので,そう思う,収益を考えると県内は高齢化や場所によっては過疎化も進んでいるとのこと。それなら県外から来られる方々にお金を使っていただく方が県としても活性化されて良いと思います。,評価している,"SNSやTVなどで取り上げてもらうなど
福井県のPRを積極的にしていると思うので",好ましい,県内の景気に繋がりますし、他県の文化を知るきっかけになると思いますので。,"観光客の消費によって飲食業や宿泊業が潤う, まちに賑わいが生まれる, 波及効果により他の地場産業が活気づく, 地域の知名度が上がる, 観光客との交流が生まれる, 移住・定住のきっかけとなる","観光の方が増えることで街が活性化され
収益が増えることで、県内に住む若い人たちも未来に希望が持てる気がします。",特に心配はない,外国人観光者をよく見かけますが、皆さんマナーが良いので,"観光スポットを結ぶ交通機関, トイレ・休憩所等の整備及びユニバーサル化, 観光イベント, 障害者や高齢者への配慮（バリアフリー）",3,3,"地域のいろんな縛りがもう少し無くなると
若い年代の方たちも移住しやすいのではと思うので",5,今はプライバシー重視の時代てすが、まだ昔と同じく村社会的な感じを重視している人や会社が多い気がするので（あくまで私見です）,5,年をとって地域や社会とのつながりが無くなった時に孤立する不安があります。かと言ってつながり方を間違えるとズカズカと入って来られる懸念もあり難しいです。,60～69歳,女性
勝山市,あまりそうは思わない,駅からバスで目的地へ一直線のようで、町の中で観光客らしき人を見ることがないかろ。,全くそうは思わない,何も変わったことがない気がしています。,そう思う,観光地には活気が出ますよね。そこに出かけることになれば、一緒になって楽しませていただけそう。,とてもそう思う,"福井県に期待してくれてありがとう！！
という気持ちです。",とてもそう思う,もっと観光客をよべる方法があるはずだと思います。,どちらともいえない,どんなことをしているのか、わかっていないので。,とても好ましい,"やっぱり嬉しいものですよ！
対面するのはこわいてすが。","観光客の消費によって飲食業や宿泊業が潤う, まちに賑わいが生まれる, 波及効果により他の地場産業が活気づく, 地域の知名度が上がる",,"交通渋滞や路上駐車などの交通環境の悪化, 歴史文化資源の破壊, 自然破壊, 治安の悪化",,"観光スポットを結ぶ交通機関, 観光スポットの案内板や標識（多言語表示）, トイレ・休憩所等の整備及びユニバーサル化, 観光イベント, 障害者や高齢者への配慮（バリアフリー）, 観光マップやパンフレット, 飲食施設, 駐車場",5,5,恐竜博物館について。,9,田舎が好き。のんびりしているのが好き。少し不便なのが好き。,7,足腰が弱ってきた時に、不便を感じそう。,50～59歳,女性
福井市,あまりそうは思わない,関連がないため、実感がわかない,ややそう思う,東京は近いが大阪、名古屋が遠い,ややそう思う,,そう思う,思うが、関連が無いのでわからない,あまりそうは思わない,目的地にはむずかしいと思う,どちらともいえない,わからない,どちらかと言えば好ましい,,"波及効果により他の地場産業が活気づく, 歴史文化資源の保存活用につながる",,特に心配はない,,"観光スポットを結ぶ交通機関, 観光スポットの案内板や標識（多言語表示）, 障害者や高齢者への配慮（バリアフリー）, 体験施設",2,3,,5,生まれ育った所だからこんなもんかと思う,5,若くないから,70歳以上,女性
福井市,そう思う,関東圏の観光客が増えた,ややそう思う,首都圏に行きやすい,そう思う,福井駅周辺が活気ある状態になっている,そう思う,いい思い出にして欲しい,そう思う,収入を得ることが大切,どちらかといえば評価している,恐竜に頼りすぎ,とても好ましい,観光収入を増やしたい,"観光客の消費によって飲食業や宿泊業が潤う, まちに賑わいが生まれる, 波及効果により他の地場産業が活気づく, 地域の知名度が上がる, 観光客との交流が生まれる, 歴史文化資源の保存活用につながる, 移住・定住のきっかけとなる, ガイドなど市民参加の場が広がる",人が増えることは大事,特に心配はない,,"観光スポットを結ぶ交通機関, 観光スポットの案内板や標識（多言語表示）, トイレ・休憩所等の整備及びユニバーサル化, 観光イベント, 障害者や高齢者への配慮（バリアフリー）",4,4,,7,,7,,60～69歳,男性
坂井市,あまりそうは思わない,何も変化を感じないから,あまりそうは思わない,乗り換えが不便,そう思う,期待を込めて,そう思う,,ややそう思う,,どちらかといえば評価している,,どちらかと言えば好ましい,,"観光客の消費によって飲食業や宿泊業が潤う, まちに賑わいが生まれる, 波及効果により他の地場産業が活気づく",,"騒音やごみの増加, 交通渋滞や路上駐車などの交通環境の悪化",,"観光スポットを結ぶ交通機関, 観光スポットの案内板や標識（多言語表示）, トイレ・休憩所等の整備及びユニバーサル化, 駐車場, 体験施設",2,2,,6,,6,,40～49歳,女性
福井市,あまりそうは思わない,特急がなくなり、不便,全くそうは思わない,,ややそう思う,,ややそう思う,,そう思う,,どちらともいえない,,どちらかと言えば好ましい,,"観光客の消費によって飲食業や宿泊業が潤う, 波及効果により他の地場産業が活気づく, 歴史文化資源の保存活用につながる, 移住・定住のきっかけとなる",,"騒音やごみの増加, 交通渋滞や路上駐車などの交通環境の悪化, 自然破壊, 治安の悪化",,"観光スポットを結ぶ交通機関, トイレ・休憩所等の整備及びユニバーサル化, 障害者や高齢者への配慮（バリアフリー）",3,4,,7,,7,,40～49歳,女性
越前町,ややそう思う,関東圏が身近になったから,そうは思わない,,全くそうは思わない,,そう思う,,ややそう思う,,どちらともいえない,,どちらともいえない,,"まちに賑わいが生まれる, 観光客との交流が生まれる",,"騒音やごみの増加, 治安の悪化",,観光イベント,4,3,,6,,6,,40～49歳,女性
福井市,ややそう思う,駅前の雰囲気が良い方に変わったと感じる,ややそう思う,,そう思う,,とてもそう思う,,そう思う,,評価している,,好ましい,,"観光客の消費によって飲食業や宿泊業が潤う, 波及効果により他の地場産業が活気づく, 地域の知名度が上がる, 歴史文化資源の保存活用につながる",,治安の悪化,,駐車場,2,4,,7,,7,,40～49歳,男性
大野市,そうは思わない,福井駅からは距離もあり、公共交通機関も不便で特にこれといった施設もなく、旅行者はマイカーで来られている様に感じます。,ややそう思う,東京方面に出掛けるには便利が良くなったから。,ややそう思う,今のところ、爆発的に人気があって旅行者が増えているわけではないと思うから。オーバーツーリズムには今はなっていないと思うから。,そう思う,福井は何もない所が魅力だと思うし、ここに普通にある物はよく見ると他県には無いものもあるのでしょう。有形、無形の魅力的なものがあると思います。,あまりそうは思わない,あり続けるべき、とは思いません。こんな事を言っていると廃れていく一方だと思いますが、無理して来てもらう事もないのかと思います。,どちらかといえば評価している,割と積極的に福井の魅力を発信していると感じるから。,どちらかと言えば好ましい,地元民の生活に支障が出るので有れば好ましいとは思いませんが、今はそこまで支障が出ているとは感じていないから。,"観光客の消費によって飲食業や宿泊業が潤う, 地域の知名度が上がる, 観光客との交流が生まれる",,"騒音やごみの増加, 交通渋滞や路上駐車などの交通環境の悪化, 歴史文化資源の破壊, 自然破壊, 治安の悪化, 日常生活に影響が出るほどの不安",,"観光スポットを結ぶ交通機関, 障害者や高齢者への配慮（バリアフリー）, 観光マップやパンフレット, 飲食施設, 宿泊施設、土産物屋, 観光案内所、観光ガイド, 駐車場, 体験施設",3,4,ここに暮らしていて満足感があるから。,8,豊かな自然や食、文化も好きです。公共交通機関は不便だと思いますが、財政的にも厳しいことは承知しています。不満を言い出すとキリが無いので良い面を見て伸び代をどの様に伸ばすかを考えると良いと思います。,8,年齢を重ねるにつれ運転の不安などで公共交通機関を頼りたくなると思いますが、タクシーやバスなども時間的余裕がなければ利用できないでしょう。また、医療機関の不安もあります。,50～59歳,女性
若狭町,とてもそう思う,観光客の増加,とてもそう思う,東京が近くなって行きやすい,とてもそう思う,悪い影響を思いつかない,とてもそう思う,福井県の良さを共有したい,とてもそう思う,福井県には素晴らしい観光地がある,どちらともいえない,観光案内が少し弱いように感じる,とても好ましい,観光に来た方々ぎ定住、移住に結びついて欲しい,"観光客の消費によって飲食業や宿泊業が潤う, まちに賑わいが生まれる, 地域の知名度が上がる, 歴史文化資源の保存活用につながる, 移住・定住のきっかけとなる",,"騒音やごみの増加, 交通渋滞や路上駐車などの交通環境の悪化, 自然破壊",,"観光スポットを結ぶ交通機関, 観光スポットの案内板や標識（多言語表示）, 飲食施設, 体験施設",4,4,歴史、自然を楽しんで頂ける,6,働く場所がない、若者の流出、町の財政危機,3,今のままだと、もっと弱体化しそう,60～69歳,男性
福井市,とてもそう思う,東京に行くのが早くて便利になったから。,そう思う,都内へ簡単に行けるから,そう思う,関東方面の観光客が多くなったから,そう思う,福井県が賑やかになるから,そう思う,"観光福井県をめざす事。
",どちらともいえない,私自身直接タッチしてないから,好ましい,それはいいことです。財政が潤う。,"観光客の消費によって飲食業や宿泊業が潤う, まちに賑わいが生まれる, 観光客との交流が生まれる",,"騒音やごみの増加, 交通渋滞や路上駐車などの交通環境の悪化, 自然破壊",,"観光スポットを結ぶ交通機関, 観光スポットの案内板や標識（多言語表示）, 観光イベント, 障害者や高齢者への配慮（バリアフリー）",4,3,福井県事態のPRが不足気味では,6,生まれた時から今まで過ごしてましてこんなものかな。,6,北陸新幹線を一刻も早く開通を望む。,70歳以上,男性
あわら市,そう思う,,そう思う,県外から多くの方が来られるから,そう思う,来県者が増えるから,そう思う,福井の良さを知ってもらえるから,そう思う,食べ物が美味しいから,評価している,芦原温泉駅でのイベントが増えた,好ましい,福井の良さを知ってもらえるから,"観光客の消費によって飲食業や宿泊業が潤う, 波及効果により他の地場産業が活気づく, 地域の知名度が上がる",,特に心配はない,,"観光イベント, 飲食施設, 宿泊施設、土産物屋",4,4,食べ物が美味しい,8,住みやすいから,8,プラスしか無い,50～59歳,男性
坂井市,ややそう思う,たまに　新幹線で東京へ行ったと言う人がいた,そう思う,関東にいる孫が時々利用していて　便利とと言っています,そう思う,東尋坊　永平寺　恐竜博物館など　人出が多いから,あまりそうは思わない,個人的には何もできない,とてもそう思う,これから　福井県にいっぱい来てほしいですう,どちらかといえば評価している,丸岡城は観光客が　増えているようです,とても好ましい,そりゃあ　増えることは何よりです,"まちに賑わいが生まれる, 地域の知名度が上がる, 歴史文化資源の保存活用につながる",通過点で無いようにしてほしいです,"交通渋滞や路上駐車などの交通環境の悪化, 日常生活に影響が出るほどの不安",駐車場がいつも満車ではこまります,"観光スポットの案内板や標識（多言語表示）, 駐車場",4,5,丸岡城は誇りです,5,年金生活者ですが　なんとかがんばってます,6,やっぱり　石川県には勝てないですね,70歳以上,男性
鯖江市,あまりそうは思わない,JRの駅が遠くなったから,あまりそうは思わない,鯖江にJR駅がなくなったから,そう思う,美味しい食べ物が多く、知名度が上がるから,そう思う,経済効果,そう思う,知名度が上がって、経済効果があると嬉しい,どちらかといえば評価している,よくわからない,好ましい,,"観光客の消費によって飲食業や宿泊業が潤う, まちに賑わいが生まれる, 波及効果により他の地場産業が活気づく, 地域の知名度が上がる",,騒音やごみの増加,それほど心配はしていないが、やや気になる程度,"観光スポットを結ぶ交通機関, 観光スポットの案内板や標識（多言語表示）, トイレ・休憩所等の整備及びユニバーサル化, 観光イベント, 飲食施設, 観光案内所、観光ガイド",3,4,やはり食べ物はおいしい！,7,生活しやすいが、冬は雪が降るのが不便,7,住み慣れているから,50～59歳,女性
福井市,そう思う,観光客が、福井駅前のモニュメントなどをSNS等に挙げているのを、よく見かけるようになった。,あまりそうは思わない,自分の生活にはあまり影響を受けていない。,そう思う,福井を知ってもらえるようになった。,そう思う,にぎやかになるとよい。,ややそう思う,地域の活性化になるとよい。,どちらかといえば評価している,,どちらかと言えば好ましい,経済効果があることを願っています。,"観光客の消費によって飲食業や宿泊業が潤う, まちに賑わいが生まれる, 波及効果により他の地場産業が活気づく, 地域の知名度が上がる",,交通渋滞や路上駐車などの交通環境の悪化,コンサートなどで、８号線が、混むと、生活のうえで、不便に感じるときもある。,"トイレ・休憩所等の整備及びユニバーサル化, 駐車場",3,3,,5,,5,,50～59歳,女性
福井市,そう思う,短時間移動,そう思う,短時間移動要素,ややそう思う,首都圏からの観光客増,とてもそう思う,福井のいいところを見てほしい,とてもそう思う,福井へお金を落としてもらう事でお金的サイクルが生まれる,どちらかといえば評価している,もっと宿泊施設を増やしてほしい,好ましい,福井の経済が良くなる,"観光客の消費によって飲食業や宿泊業が潤う, まちに賑わいが生まれる, 波及効果により他の地場産業が活気づく, 地域の知名度が上がる, 移住・定住のきっかけとなる",福井が良くなる事で個人にも恩恵が生まれる,交通渋滞や路上駐車などの交通環境の悪化,渋滞が増える,"観光スポットを結ぶ交通機関, トイレ・休憩所等の整備及びユニバーサル化, 観光イベント, 飲食施設, 宿泊施設、土産物屋, 観光案内所、観光ガイド, 駐車場",5,4,うまいものが多い,8,愛着がある,8,人的流動で経済効果が好転すると思うため,50～59歳,男性
坂井市,ややそう思う,観光客増加,ややそう思う,賑わいのある雰囲気増し,とてもそう思う,多様性の受け入れにより、刺激増加,ややそう思う,,そう思う,県内だけでは、閉鎖的思考になる,どちらかといえば評価している,,とても好ましい,変化する力、自信がつく,"まちに賑わいが生まれる, 波及効果により他の地場産業が活気づく, 観光客との交流が生まれる",,治安の悪化,,"トイレ・休憩所等の整備及びユニバーサル化, 観光イベント",4,3,,3,閉鎖的,3,閉鎖的,50～59歳,女性
越前市,あまりそうは思わない,越前市の観光施設や飲食店の売上げが上がったという話が全く聞こえてこない,あまりそうは思わない,,とてもそう思う,福井を客観的に評価してもらえる,とてもそう思う,各種体験会を実施しているので県外の人を受け入れたい,とてもそう思う,,どちらかといえば評価している,,好ましい,,"まちに賑わいが生まれる, 地域の知名度が上がる, 観光客との交流が生まれる",,特に心配はない,,"トイレ・休憩所等の整備及びユニバーサル化, 観光イベント, 体験施設",5,5,,8,,8,,60～69歳,男性
福井市,そう思う,観光客が増えた,あまりそうは思わない,電車が混雑している,ややそう思う,,ややそう思う,福井の魅力を知ってもらいたいから,そう思う,活気が必要だから,どちらかといえば評価している,いろいろな企画がなされている,どちらかと言えば好ましい,,"まちに賑わいが生まれる, 波及効果により他の地場産業が活気づく",,"交通渋滞や路上駐車などの交通環境の悪化, 治安の悪化",,"観光イベント, 観光案内所、観光ガイド",4,4,,6,,5,,60～69歳,男性
越前市,あまりそうは思わない,在来線ハピラインと駅が違うから,ややそう思う,金沢、長野方面は近くなった,そう思う,観光客が増えた,とてもそう思う,町が、活気付く,とてもそう思う,経済効果が大きくなる,どちらともいえない,越前たけふ駅近辺の観光目玉がない,とても好ましい,活気付く,"まちに賑わいが生まれる, 波及効果により他の地場産業が活気づく, 地域の知名度が上がる",わくわく感が増えるから,特に心配はない,どこの観光地でもマナーはそれほど悪くない,"観光スポットを結ぶ交通機関, 観光マップやパンフレット, 観光案内所、観光ガイド",4,4,住み良い町だと思う,8,除雪が大変,7,,60～69歳,男性
あわら市,そう思う,人の往来が増えた,そう思う,東京に繋がっている安堵に,そう思う,県外の人に興味を持ってもらっている安堵感,そう思う,認知度が上がって欲しい,そう思う,人との交流は、大切だから,どちらかといえば評価している,恐竜博物館の訪問者は増えている,好ましい,活気がでる,"まちに賑わいが生まれる, 地域の知名度が上がる",,交通渋滞や路上駐車などの交通環境の悪化,,"観光スポットを結ぶ交通機関, 観光スポットの案内板や標識（多言語表示）, トイレ・休憩所等の整備及びユニバーサル化, 飲食施設, 駐車場",2,4,,5,,4,,60～69歳,男性
大野市,そう思う,首都圏から福井駅へのアクセスが良くなったため。,とてもそう思う,首都圏でも仕事をしており、開通したことにより乗り換えなしで東京まで行けるようになったから。,あまりそうは思わない,まずは知ってもらうこと、来てもらうことが大切だと感じるため。,とてもそう思う,福井はいいところなので…！,とてもそう思う,生活する人を置いてけぼりにするのは違いますが、観光客の方にも来て欲しいから。,どちらともいえない,取り組み自体は良いと思うが、実際観光しようとすると交通手段の点で大きなハードルがあると感じるため。,好ましい,知ってもらえるのはいいことだと思うから。,"観光客の消費によって飲食業や宿泊業が潤う, 地域の知名度が上がる, 移住・定住のきっかけとなる, ガイドなど市民参加の場が広がる",,"騒音やごみの増加, 自然破壊, 治安の悪化",,"観光スポットを結ぶ交通機関, 飲食施設",2,5,私自身も大野市に観光に訪れたことをきっかけにしたIターン移住者であるため。,9,住み心地が何よりも良い！,9,,20～29歳,女性
敦賀市,とてもそう思う,インバウンドの影響があると思うから,ややそう思う,市町の発展が期待できる,そう思う,具体的な理由はないが、肌感覚としてそう感じている。,そう思う,地域が発展し潤うことはいいことだと思うから。,そう思う,福井県の魅力が他県の方にも伝わって欲しいから,どちらかといえば評価している,実際に他県や、全国規模のもので福井のPR活動を見聞きして頑張ってくれていると思う一方、未だ他県の人たちにとっては福井県の存在が薄いように感じているため。,好ましい,人が集まることは市町の発展において必要不可欠だと感じているため。,"観光客の消費によって飲食業や宿泊業が潤う, まちに賑わいが生まれる, 波及効果により他の地場産業が活気づく, 地域の知名度が上がる, 観光客との交流が生まれる, 移住・定住のきっかけとなる",,"騒音やごみの増加, 交通渋滞や路上駐車などの交通環境の悪化, 自然破壊, 治安の悪化",,"観光スポットを結ぶ交通機関, 観光スポットの案内板や標識（多言語表示）, トイレ・休憩所等の整備及びユニバーサル化, 観光イベント, 障害者や高齢者への配慮（バリアフリー）, 観光マップやパンフレット, 飲食施設, 宿泊施設、土産物屋, 観光案内所、観光ガイド, 駐車場, 体験施設",4,4,都会には敵わないなと思う部分も多い一方で、田舎ならではの良さを感じられる場面もたくさんあると思うから。,8,ちょうどいい田舎具合で人とのつながりも作れる地域性のおかげで子育てもしやすいと感じているため。,9,子育て真っ只中で、子育てに関する支援に助けられていると思うから。,30～39歳,女性
坂井市,そう思う,観光客を見ることが多くなったため,あまりそうは思わない,,そう思う,悪い影響を全く聞かないため,とてもそう思う,福井はとてもよいところだから,とてもそう思う,,評価している,,好ましい,,"観光客の消費によって飲食業や宿泊業が潤う, 波及効果により他の地場産業が活気づく",,治安の悪化,,"観光マップやパンフレット, 観光案内所、観光ガイド",5,5,,9,,9,,30～39歳,男性
福井市,そう思う,,そう思う,,そう思う,,とてもそう思う,,そう思う,,どちらともいえない,,好ましい,,"観光客の消費によって飲食業や宿泊業が潤う, まちに賑わいが生まれる, 観光客との交流が生まれる",,"騒音やごみの増加, 交通渋滞や路上駐車などの交通環境の悪化, 治安の悪化",,"観光スポットを結ぶ交通機関, トイレ・休憩所等の整備及びユニバーサル化, 障害者や高齢者への配慮（バリアフリー）, 飲食施設, 体験施設",2,2,,8,,6,,60～69歳,女性
越前市,そう思う,賑やかになった。,そう思う,"東京に行きやすくなった。
ハピラインが使いやすくなった。",そう思う,観光客が増えお店が充実する。,そう思う,リピートしてほしい。,そう思う,知名度を上げたい。,どちらかといえば評価している,イベントが増えた。,好ましい,施設が充実する。,"観光客の消費によって飲食業や宿泊業が潤う, まちに賑わいが生まれる, 波及効果により他の地場産業が活気づく, 地域の知名度が上がる, 観光客との交流が生まれる, 歴史文化資源の保存活用につながる, 移住・定住のきっかけとなる, ガイドなど市民参加の場が広がる",車がないとどこにも行けないとこだから。,"騒音やごみの増加, 交通渋滞や路上駐車などの交通環境の悪化",ニュースで言っていた。,"観光スポットを結ぶ交通機関, トイレ・休憩所等の整備及びユニバーサル化, 観光イベント",3,4,食べ物が美味しい。,6,交通の便が悪い以外は暮らしやすい。,5,高齢のため先はわからない。,60～69歳,男性
福井市,あまりそうは思わない,関西圏からの直通がなくなったため,あまりそうは思わない,関西圏への直通がなくなったため,ややそう思う,19時以後も営業している店舗が極端に少ないから。20時以後も運行しているバスがないため、もっと活気が出るといい,あまりそうは思わない,マナーを守っていない人が多いから治安が悪くなったから,ややそう思う,自慢したい観光地が多いのに、点在しているため不便だ。もっと効率よい異動手段やお得感を出すといい,どちらともいえない,お得感が少ないのが残念だ,どちらともいえない,マナーを守っていない人が多いから治安が悪くなったから,"観光客の消費によって飲食業や宿泊業が潤う, 波及効果により他の地場産業が活気づく, 移住・定住のきっかけとなる",,"騒音やごみの増加, 交通渋滞や路上駐車などの交通環境の悪化, 歴史文化資源の破壊, 自然破壊, 治安の悪化, 日常生活に影響が出るほどの不安, その他",自宅敷地内への侵入や、駐車場や畑にゴミを捨てていく,"観光スポットを結ぶ交通機関, トイレ・休憩所等の整備及びユニバーサル化, 観光イベント, 観光マップやパンフレット, 宿泊施設、土産物屋, 駐車場, 体験施設",5,5,自慢したい観光地や特産品が多いから。でも点在しているため、一日では物足りない。,8,農産物も海産物、畜産物どれも安くて新鮮で多い。日常生活なら充実しているから。,8,,50～59歳,無回答
鯖江市,あまりそうは思わない,鯖江はサンダーバードが無くなり、むしろ不便になった。,あまりそうは思わない,"特に影響なし
",あまりそうは思わない,新幹線を利用することは少ない。大阪方面に乗り換えが必要になり、不便になった。,そう思う,,そう思う,,どちらかといえば評価している,,好ましい,,"観光客の消費によって飲食業や宿泊業が潤う, まちに賑わいが生まれる, 地域の知名度が上がる, 移住・定住のきっかけとなる",,"交通渋滞や路上駐車などの交通環境の悪化, 歴史文化資源の破壊, 治安の悪化",,"観光スポットを結ぶ交通機関, トイレ・休憩所等の整備及びユニバーサル化, 観光イベント, 体験施設",3,4,,7,,7,,60～69歳,女性
福井市,ややそう思う,旅行者の人を多くみかける,そうは思わない,,ややそう思う,人の流れがあるから,とてもそう思う,良さを知ってほしい,そう思う,,どちらかといえば評価している,,どちらかと言えば好ましい,,"観光客の消費によって飲食業や宿泊業が潤う, 波及効果により他の地場産業が活気づく, 地域の知名度が上がる, 移住・定住のきっかけとなる",,"騒音やごみの増加, 交通渋滞や路上駐車などの交通環境の悪化, 歴史文化資源の破壊, 治安の悪化",,"観光スポットを結ぶ交通機関, トイレ・休憩所等の整備及びユニバーサル化, 障害者や高齢者への配慮（バリアフリー）, 駐車場",2,4,,8,,8,,40～49歳,男性
坂井市,ややそう思う,,ややそう思う,,そう思う,,そう思う,,ややそう思う,,どちらともいえない,,どちらかと言えば好ましい,,"観光客の消費によって飲食業や宿泊業が潤う, 波及効果により他の地場産業が活気づく, 地域の知名度が上がる, 観光客との交流が生まれる, 歴史文化資源の保存活用につながる, 移住・定住のきっかけとなる",,特に心配はない,,"トイレ・休憩所等の整備及びユニバーサル化, 飲食施設, 宿泊施設、土産物屋, 駐車場",3,3,,8,,8,,70歳以上,女性
永平寺町,とてもそう思う,観光客が増えた,とてもそう思う,,あまりそうは思わない,,とてもそう思う,福井県を活性化したい,とてもそう思う,,とても評価している,,とても好ましい,,"観光客の消費によって飲食業や宿泊業が潤う, まちに賑わいが生まれる, 波及効果により他の地場産業が活気づく, 地域の知名度が上がる, 観光客との交流が生まれる, 移住・定住のきっかけとなる, ガイドなど市民参加の場が広がる",,騒音やごみの増加,,"観光スポットを結ぶ交通機関, 観光スポットの案内板や標識（多言語表示）, トイレ・休憩所等の整備及びユニバーサル化, 観光マップやパンフレット",5,5,,7,,7,,40～49歳,女性
大野市,とてもそう思う,大野市にも観光客が増えてます,とてもそう思う,旅行に行きやすくなりました,とてもそう思う,たくさんの方に福井県の良いところを知ってもらいたい,とてもそう思う,知らない人が多い福井県を知ってもらえる,とてもそう思う,賑やかな場所になってもらいたい,評価している,大野市もがんばってると思います,とても好ましい,どんどん過疎化しているのを歯止めしたい,"観光客の消費によって飲食業や宿泊業が潤う, まちに賑わいが生まれる, 波及効果により他の地場産業が活気づく, 地域の知名度が上がる, 観光客との交流が生まれる, 歴史文化資源の保存活用につながる, 移住・定住のきっかけとなる, ガイドなど市民参加の場が広がる",,特に心配はない,,"観光スポットを結ぶ交通機関, 観光イベント, 飲食施設, 宿泊施設、土産物屋",4,4,住んでいて良いところをアピールしたい,7,雪さえ多く降らなければいいところです,8,このままやと穏やかに暮らせそうだから,60～69歳,女性
福井市,そう思う,福井駅周辺が以前より賑わっているから,あまりそうは思わない,新幹線に乗る機会もそれほど多くないので、生活は変わらない,そう思う,たくさんの観光客が訪れて、SNSなどで福井をPRしてくれるので、良い影響が多いと思う,とてもそう思う,福井の食べ物や観光など、良いところをたくさん知って欲しいから,とてもそう思う,他の観光地に負けない魅力がたくさんあるから,どちらともいえない,具体的にどのような取り組みがあるのか知らないから,どちらかと言えば好ましい,混雑しすぎるのも考えものですが、福井が賑わうのは良いと思う,"観光客の消費によって飲食業や宿泊業が潤う, まちに賑わいが生まれる, 地域の知名度が上がる",,"騒音やごみの増加, 交通渋滞や路上駐車などの交通環境の悪化, 治安の悪化",,"トイレ・休憩所等の整備及びユニバーサル化, 観光マップやパンフレット, 宿泊施設、土産物屋, 観光案内所、観光ガイド",4,5,食べ物も美味しいし、自然も豊かで、きっと気に入ってもらえると思うから,8,子育てしやすいと思うから,7,,40～49歳,女性
福井市,ややそう思う,,あまりそうは思わない,関西へ不便,ややそう思う,外国人がいらない,ややそう思う,,ややそう思う,,どちらともいえない,,どちらかと言えば好ましくない,,特に効果は期待できない,,"騒音やごみの増加, 交通渋滞や路上駐車などの交通環境の悪化, 治安の悪化",,"観光スポットを結ぶ交通機関, 駐車場",4,2,,5,,3,,60～69歳,男性
越前市,あまりそうは思わない,駅からの二次交通が不便,とてもそう思う,東京に行きやすくなった,ややそう思う,,そう思う,自分も他県を訪れた時に歓迎されると嬉しいから,ややそう思う,"観光も大事だけれど、そんなに力を入れる必要もないような気もする
他の事で収益を生んでもいいと思う",どちらかといえば評価している,,どちらともいえない,混雑して生活に支障が出ると本末転倒だから,"観光客の消費によって飲食業や宿泊業が潤う, 地域の知名度が上がる, 移住・定住のきっかけとなる",,"騒音やごみの増加, 交通渋滞や路上駐車などの交通環境の悪化, 歴史文化資源の破壊, 自然破壊, 治安の悪化, 日常生活に影響が出るほどの不安",,"観光スポットを結ぶ交通機関, 観光イベント, 宿泊施設、土産物屋",4,3,,9,,9,,50～59歳,女性
鯖江市,ややそう思う,,ややそう思う,,あまりそうは思わない,,ややそう思う,,そう思う,,どちらかといえば評価している,,どちらともいえない,,地域の知名度が上がる,,歴史文化資源の破壊,,トイレ・休憩所等の整備及びユニバーサル化,2,3,,3,,5,,40～49歳,男性
鯖江市,ややそう思う,東京以北の人的交流が増える,あまりそうは思わない,関西圏に移動に煩わしさを感じる,ややそう思う,関東圏の関心が高まったと思う,ややそう思う,魅力を知って関心を持って欲しい,あまりそうは思わない,,どちらともいえない,富裕層に向きすぎなイメージ,どちらともいえない,生活環境が損なわれる事の心配,"観光客の消費によって飲食業や宿泊業が潤う, まちに賑わいが生まれる, 波及効果により他の地場産業が活気づく",,"騒音やごみの増加, 自然破壊, 治安の悪化",,"観光スポットを結ぶ交通機関, トイレ・休憩所等の整備及びユニバーサル化, 障害者や高齢者への配慮（バリアフリー）, 駐車場",3,3,,8,,8,,60～69歳,男性
坂井市,とてもそう思う,,そう思う,,そう思う,,そう思う,,そう思う,,どちらともいえない,,好ましい,,"観光客の消費によって飲食業や宿泊業が潤う, 波及効果により他の地場産業が活気づく",,騒音やごみの増加,,"観光スポットを結ぶ交通機関, 飲食施設",4,3,,7,,7,,70歳以上,女性
福井市,ややそう思う,関西からの日本人や外国人の旅行客,あまりそうは思わない,福井からサンダーバードで京都によく行きました。1時間20分で着いてしまいます。しかし北陸新幹線が開業して乗り継ぎをしないといけないことになり不便になりましたし、時間もかかります。京都に行く回数が減りました。,そう思う,恐竜王国福井をもっと日本中に広げ　勝山の恐竜博物館は日本一のものだと思います,とてもそう思う,福井に来られた方のインスタをよく見ます　コメント必ず送ります。福井ようこそとまたいらしてくださいとコメントします。来てもらえるととてもうれしいです。,とてもそう思う,食は水がおいしいから食がおいしい。そばがおいしい米がおいしい魚がおいしい　恐竜、王国、福井、もっと観光客に喜んでもらいたい,評価している,恐竜列車　カイリユー列車　恐竜で観光客を喜んでもらえるよう活動しています,とても好ましい,観光客に来てもらえて、隣の石川県ほどでは無いけれども、福井の良いところをもっとアピールしたいと思います,"観光客の消費によって飲食業や宿泊業が潤う, 波及効果により他の地場産業が活気づく, 地域の知名度が上がる, 観光客との交流が生まれる, 歴史文化資源の保存活用につながる, ガイドなど市民参加の場が広がる",SNSがあるので、外国人の方、県外の方に情報を提供してもらいたい,特に心配はない,騒音になるような賑わいにはならないと思う,"観光スポットを結ぶ交通機関, 観光スポットの案内板や標識（多言語表示）, 観光マップやパンフレット, 観光案内所、観光ガイド, 駐車場, 体験施設",2,2,私の住んでいるところは買い物に不便な場所なのでお勧めできません,8,食生活ではとてもおいしいものいただいています　水とお米、水とそば、鮮魚,7,今よりも、近くにコンビニなどができるといいと思います,60～69歳,女性
南越前町,あまりそうは思わない,特急がなくなり関西方面への電車移動が不便になった。,全くそうは思わない,自宅が線路に近く、夜中でも貨物列車が頻繁に走るようになり、騒音で睡眠に障害が生じている。,そう思う,,そう思う,,ややそう思う,,どちらかと言えば評価していない,レンタサイクルの推進関して、サイクリングロードが整備されておらず、道路を車と並走するリスクが軽視されているように感じる。,好ましい,サービス業従事者のため売上に影響する,"観光客の消費によって飲食業や宿泊業が潤う, まちに賑わいが生まれる, 波及効果により他の地場産業が活気づく, 地域の知名度が上がる",,"騒音やごみの増加, 交通渋滞や路上駐車などの交通環境の悪化",大量の持ち込みゴミを捨てられたり、車中泊客が駐車場にゴミを放置していったり、場合によっては駐車場や公園でテントやBBQなど火を使う可能性もあり大変迷惑で危険を感じる。マナーやルールに関して、条例など法整備をしていただきたい。,"障害者や高齢者への配慮（バリアフリー）, 駐車場",3,2,今庄宿のすぐ近くだが、宿場町としては保存されている建物が限られており、観光スポットとしては以前住んでいた長野県と比較して中途半端な印象。,8,,8,,50～59歳,男性
永平寺町,そう思う,県外へのアクセスが良くなったから,そう思う,新幹線開業に伴い様々な開発（駅前の施設など）が進んだから,そう思う,観光客による経済効果が大きいから,そう思う,もっと福井が有名になって欲しいから,そう思う,観光による経済効果が大きいと感じるから,どちらかといえば評価している,永平寺などの観光資源を積極的に活用しているから,どちらかと言えば好ましい,経済効果は見込めるが、あまりにも増えすぎると地域住民にマイナスな効果が生じるケースが散見されるから,"観光客の消費によって飲食業や宿泊業が潤う, まちに賑わいが生まれる, 地域の知名度が上がる, 歴史文化資源の保存活用につながる",,"騒音やごみの増加, 交通渋滞や路上駐車などの交通環境の悪化, 治安の悪化",,"観光スポットを結ぶ交通機関, 駐車場",4,3,,6,,6,,～19歳,男性
越前市,ややそう思う,東京に行きやすくなった,あまりそうは思わない,関西に行きにくくなった,ややそう思う,,そう思う,観光に沢山来てもらってお金を使ってもらいたいから,とてもそう思う,美味しいものや楽しいスポットが沢山あるから,どちらかと言えば評価していない,アピールが下手だと思う,好ましい,,"観光客の消費によって飲食業や宿泊業が潤う, まちに賑わいが生まれる, 波及効果により他の地場産業が活気づく, 地域の知名度が上がる",,交通渋滞や路上駐車などの交通環境の悪化,,"観光スポットを結ぶ交通機関, 観光スポットの案内板や標識（多言語表示）, 観光イベント",3,2,観光スポットがあまりないと感じるから,5,,5,,40～49歳,女性
福井市,そう思う,,あまりそうは思わない,,そう思う,,そう思う,,そう思う,,評価している,,好ましい,,"まちに賑わいが生まれる, 波及効果により他の地場産業が活気づく, 地域の知名度が上がる",,交通渋滞や路上駐車などの交通環境の悪化,,"宿泊施設、土産物屋, 駐車場",5,3,交通の便が悪いから,8,,8,,50～59歳,女性
福井市,そう思う,ミセスグリーンアップルなど、著名な人の来福が以前より増えたように感じる,そう思う,富山、長野など、少し時間をかければ行けるが日帰りだと子連れには時間が足りず一泊が必須だったが、新幹線で日帰り旅行が可能になった,そう思う,悪質観光客、悪質な外国人も増える一方で、新しいものが今までより早く福井へ入ってくる感覚があり、経済効果はあると思う,そう思う,福井市だけでなく、田舎の風景を楽しんでもらったり、地元の人とのつながりをもって癒やされてほしい,そう思う,,どちらかといえば評価している,以前よりは道の駅などで観光やキャンペーンポスター等が目に入りやすくなったが、まだまたアピールが足りなあ。見つけにくい。が当選もしやすい,好ましい,福井の名物を食べにくるだけでもいいと思う,"観光客の消費によって飲食業や宿泊業が潤う, 波及効果により他の地場産業が活気づく, 歴史文化資源の保存活用につながる, ガイドなど市民参加の場が広がる",,"騒音やごみの増加, 交通渋滞や路上駐車などの交通環境の悪化, 歴史文化資源の破壊, 治安の悪化",,"観光スポットを結ぶ交通機関, 観光スポットの案内板や標識（多言語表示）, トイレ・休憩所等の整備及びユニバーサル化, 障害者や高齢者への配慮（バリアフリー）, 観光マップやパンフレット, 観光案内所、観光ガイド, 駐車場, 体験施設",4,3,何ができるの？と問われたとき、子連れならここを体験すると！と勧める箇所がすくない。人がいない、寂れている,9,空気はおいしい。,9,空気がよければいい,40～49歳,女性
福井市,ややそう思う,観光客が増えて店の売り上げが上がる,ややそう思う,,ややそう思う,税金が増える,そう思う,賑わいがあってよい,ややそう思う,,評価している,,どちらかと言えば好ましい,,地域の知名度が上がる,,騒音やごみの増加,,観光スポットの案内板や標識（多言語表示）,2,2,,3,,3,,60～69歳,男性
南越前町,あまりそうは思わない,,そう思う,,そう思う,,そう思う,,そう思う,,どちらかといえば評価している,,どちらともいえない,,"観光客の消費によって飲食業や宿泊業が潤う, まちに賑わいが生まれる",,騒音やごみの増加,,"観光スポットを結ぶ交通機関, トイレ・休憩所等の整備及びユニバーサル化",3,3,,8,,7,,30～39歳,女性
越前市,あまりそうは思わない,,そう思う,,そう思う,,そう思う,,ややそう思う,,評価している,,好ましい,,"観光客の消費によって飲食業や宿泊業が潤う, まちに賑わいが生まれる, 歴史文化資源の保存活用につながる",,特に心配はない,,"観光スポットを結ぶ交通機関, 観光スポットの案内板や標識（多言語表示）, トイレ・休憩所等の整備及びユニバーサル化, 障害者や高齢者への配慮（バリアフリー）",1,2,,8,,8,,60～69歳,女性
福井市,そう思う,福井駅前がにぎわっている,ややそう思う,東京の方が来易くなった,あまりそうは思わない,観光業ばかりに経費を掛けすぎるから,あまりそうは思わない,道が混むし、安全が脅かされる。,あまりそうは思わない,何故観光ばかりにお金を使う？(宿泊者へのポイント経費),評価していない,問6と同じ理由,どちらかと言えば好ましくない,問5と同じ,観光客の消費によって飲食業や宿泊業が潤う,,"騒音やごみの増加, 交通渋滞や路上駐車などの交通環境の悪化, 治安の悪化, 日常生活に影響が出るほどの不安",,駐車場,1,3,目立った観光地が近くに無い,3,県からの補助が少ない。はびコインのプレミアム率が低い。,3,問14と同じ,60～69歳,男性
福井市,ややそう思う,,とてもそう思う,,とてもそう思う,,とてもそう思う,,とてもそう思う,,評価している,,とても好ましい,,"観光客の消費によって飲食業や宿泊業が潤う, まちに賑わいが生まれる, 波及効果により他の地場産業が活気づく, 地域の知名度が上がる, 観光客との交流が生まれる",,騒音やごみの増加,,"観光スポットを結ぶ交通機関, 観光イベント",4,4,,10,,10,,40～49歳,男性
敦賀市,とてもそう思う,敦賀市にも韓国客が増えた,ややそう思う,東京に行くのが便利になった。,とてもそう思う,商店街が栄える。お店が増える。,とてもそう思う,私の職場にも観光客が来るようになりました。,とてもそう思う,そうであって欲しい,評価している,地元だから。,とても好ましい,地元が栄えると、嬉しい,"観光客の消費によって飲食業や宿泊業が潤う, まちに賑わいが生まれる",,特に心配はない,,観光イベント,4,4,,8,災害が少ないところ。,7,,50～59歳,女性
福井市,とてもそう思う,駅前や観光名所に人が増え、設備も新しくなっている,とてもそう思う,都会へのアクセスが楽になった,とてもそう思う,福井が変化しているから,とてもそう思う,多くの人達に福井のことを知ってほしいから,とてもそう思う,福井が変化できるから,とても評価している,みんなで観光客を受け入れようとしているから,とても好ましい,福井が活性化していくから,"観光客の消費によって飲食業や宿泊業が潤う, まちに賑わいが生まれる, 波及効果により他の地場産業が活気づく",,特に心配はない,,"観光スポットを結ぶ交通機関, 観光スポットの案内板や標識（多言語表示）",5,5,食、自然が素晴らしい,10,自然災害が少ない,10,福井で生まれているから,60～69歳,男性
小浜市,ややそう思う,少し観光客が増えた気がするから。,ややそう思う,新幹線に乗って旅行できるのが速くて便利。,そう思う,他所の人が来ることで、案内板や対応がよくなると思うから。,そう思う,,そう思う,,どちらかといえば評価している,,どちらかと言えば好ましい,,"観光客の消費によって飲食業や宿泊業が潤う, まちに賑わいが生まれる, 波及効果により他の地場産業が活気づく, 歴史文化資源の保存活用につながる, ガイドなど市民参加の場が広がる",,"騒音やごみの増加, 交通渋滞や路上駐車などの交通環境の悪化, 自然破壊, 治安の悪化",,"観光スポットを結ぶ交通機関, 観光スポットの案内板や標識（多言語表示）, トイレ・休憩所等の整備及びユニバーサル化, 観光イベント, 観光マップやパンフレット, 飲食施設, 宿泊施設、土産物屋, 駐車場",3,3,,6,,6,,60～69歳,女性
福井市,そう思う,県内の観光地に大勢の人を誘致できるから,あまりそうは思わない,,そう思う,,とてもそう思う,,そう思う,,どちらかといえば評価している,"まだやれることは、あると思う
YouTuberとのコラボを増やす",好ましい,,"観光客の消費によって飲食業や宿泊業が潤う, まちに賑わいが生まれる, 地域の知名度が上がる, 観光客との交流が生まれる, ガイドなど市民参加の場が広がる",,"騒音やごみの増加, 交通渋滞や路上駐車などの交通環境の悪化, 治安の悪化",,"観光スポットの案内板や標識（多言語表示）, 観光イベント, 観光マップやパンフレット",3,4,,6,,6,,50～59歳,男性
越前市,ややそう思う,観光客が増える,あまりそうは思わない,新幹線に乗る事がない,そう思う,県の利益あり,そう思う,遠方より来てもらえるとうれしい,そう思う,福井県の発展の為,どちらかといえば評価している,いろいろPRしている,好ましい,知名度アップはいいこと,地域の知名度が上がる,,交通渋滞や路上駐車などの交通環境の悪化,,観光イベント,3,3,,5,,7,,60～69歳,女性
福井市,そう思う,学会開催時多くの方が県外から来られた,ややそう思う,東京は行きやすくなったが関西等には不便になった,とてもそう思う,福井の魅了がPRできる,とてもそう思う,来ていただきたいから,そう思う,観光客のマナー次第ですが,どちらともいえない,観光振興の取り組みを把握していないから,好ましい,福井県住民として活動が活発になると思う,"観光客の消費によって飲食業や宿泊業が潤う, まちに賑わいが生まれる, 波及効果により他の地場産業が活気づく",,"騒音やごみの増加, 歴史文化資源の破壊",,"観光スポットを結ぶ交通機関, 観光スポットの案内板や標識（多言語表示）, トイレ・休憩所等の整備及びユニバーサル化, 障害者や高齢者への配慮（バリアフリー）, 体験施設",5,3,,10,,9,,60～69歳,女性
越前市,あまりそうは思わない,観光客を見ることがない。,ややそう思う,旅行に、行きやすくなった。,ややそう思う,経済の活性化が見込まれると思うから。,そう思う,旅先で親切にされるのは、とても嬉しい。,そう思う,福井県のいいとろこを　大勢の人に　知って欲しい。,どちらともいえない,取組をしていることを　知らない。,どちらかと言えば好ましい,"福井県の良さを　知って欲しい。
","観光客の消費によって飲食業や宿泊業が潤う, まちに賑わいが生まれる, 波及効果により他の地場産業が活気づく, 地域の知名度が上がる, 観光客との交流が生まれる, 歴史文化資源の保存活用につながる, 移住・定住のきっかけとなる, ガイドなど市民参加の場が広がる",,"騒音やごみの増加, 歴史文化資源の破壊, 自然破壊, 治安の悪化",国によって　考え方や常識が異なる。,"観光スポットを結ぶ交通機関, 観光スポットの案内板や標識（多言語表示）, 観光案内所、観光ガイド",3,4,美味しい食べ物が、沢山ある。,8,長閑で、季節の変化を感じられ、平和であること。,8,,70歳以上,女性
越前市,ややそう思う,東京都の往来は便利になった半面、大阪都の往来が不便となったため、良い影響については「やや」と判断する。,ややそう思う,,ややそう思う,,そう思う,,あまりそうは思わない,福井が好きなので、あまり多くの人に来られて、混み合うのは困る。人数を求めるのではなく、付加価値を付け、知る人ぞ知る観光地を目指すべきと考える。,とても評価している,,どちらともいえない,,"観光客の消費によって飲食業や宿泊業が潤う, まちに賑わいが生まれる, 波及効果により他の地場産業が活気づく, 地域の知名度が上がる, 観光客との交流が生まれる, 歴史文化資源の保存活用につながる",,"騒音やごみの増加, 交通渋滞や路上駐車などの交通環境の悪化, 歴史文化資源の破壊, 自然破壊, 治安の悪化, 日常生活に影響が出るほどの不安",,"観光スポットを結ぶ交通機関, 観光マップやパンフレット, 体験施設",3,5,,7,,7,,60～69歳,男性
坂井市,そう思う,早く大阪まで走ってほしい,そう思う,息子が大阪にいるので,そう思う,"知名度があがる
町にお金がおちる
移住",そう思う,県外に親戚が多いので,そう思う,"そうしないとまちが
成り立たなくなる",どちらともいえない,理解してない,どちらかと言えば好ましい,"増えることのリスクがあるとすれば
キャパオーバーに対すること？","観光客の消費によって飲食業や宿泊業が潤う, まちに賑わいが生まれる, 波及効果により他の地場産業が活気づく, 地域の知名度が上がる, 観光客との交流が生まれる, 移住・定住のきっかけとなる",,"騒音やごみの増加, 交通渋滞や路上駐車などの交通環境の悪化, 自然破壊, 治安の悪化",,"観光スポットを結ぶ交通機関, トイレ・休憩所等の整備及びユニバーサル化, 宿泊施設、土産物屋, 駐車場",5,5,すべてもってる,10,"坂井市春江町か
大好き
暮らし安さ抜群",10,"自分が5年、10年……となった時のこと
を考えてここに引っ越し
したのですから
後悔はなし",60～69歳,女性
鯖江市,全くそうは思わない,JRがなくなり特急がなくなり、関西方面には敦賀乗り換え、関東方面には福井乗り換えで不便。いいことが全くない,ややそう思う,関西方面は全く不便、関東方面は東海道新幹線より時間がかかる。,ややそう思う,関東方面からのお客さんが増えたが、リピートするかは不明で期待できないと思う,ややそう思う,福井に来てよかった、と思ってもらいたい,ややそう思う,今のままでは観光資源が乏しいので、魅力度を上げる方策を考えてほしい,どちらかといえば評価している,それなりに頑張っているが結果に結びつかない,どちらかと言えば好ましい,オーバーツーリズムにさえならなければOK。ならないとは思いますが。,"観光客の消費によって飲食業や宿泊業が潤う, まちに賑わいが生まれる, 波及効果により他の地場産業が活気づく, 地域の知名度が上がる, 観光客との交流が生まれる, 移住・定住のきっかけとなる",,"騒音やごみの増加, 交通渋滞や路上駐車などの交通環境の悪化, 治安の悪化",,"観光スポットを結ぶ交通機関, 観光イベント, 飲食施設, 宿泊施設、土産物屋, 駐車場, 体験施設",1,1,おすすめできるモノがない,3,変化がない、交通機関が少ない、渋滞が多い、,3,活気が増えていなさそうなので。県外や都会に遊びに行くことが増える,60～69歳,男性
敦賀市,とてもそう思う,福井を知らない方が来てくれるから,とてもそう思う,東京や長野へ行った,とてもそう思う,観光客が増えたから,とてもそう思う,福井の魅力を分かって欲しい,とてもそう思う,1度だけではなく何度も何度も来たくなるような所だから,評価している,福井市はとても凄いと思うが敦賀はもっと頑張って欲しい,好ましい,嬉しいけれどマナーが悪いのが困る,"観光客の消費によって飲食業や宿泊業が潤う, まちに賑わいが生まれる, 地域の知名度が上がる",,"騒音やごみの増加, 交通渋滞や路上駐車などの交通環境の悪化, 治安の悪化",,"観光スポットを結ぶ交通機関, 観光スポットの案内板や標識（多言語表示）",5,3,敦賀はコレと言った所がない,10,暮らすには良い所,6,免許返納したら交通の便が悪くなるのが心配,50～59歳,女性
勝山市,そうは思わない,新幹線の恩恵をうけている実感が無い,そうは思わない,観光で訪れる人は車で来る人が多いと思う,あまりそうは思わない,,そう思う,,あまりそうは思わない,観光は先行きが読みづらいと思う。観光に頼らず経済をもっと活性化するべき。,どちらともいえない,,どちらともいえない,観光で潤う人がいるのも確かなのですが、ほどほどが一番良いと思います。,観光客の消費によって飲食業や宿泊業が潤う,,"騒音やごみの増加, 交通渋滞や路上駐車などの交通環境の悪化, 自然破壊, 治安の悪化",,"観光スポットの案内板や標識（多言語表示）, トイレ・休憩所等の整備及びユニバーサル化, 宿泊施設、土産物屋",3,3,,7,,7,,60～69歳,男性
若狭町,そう思う,観光客が　増えた,あまりそうは思わない,足腰に　不具合が有り　出かけるのが　億劫になっている　もっと早く　完成していたら　恩恵にあずかれたのに　残念です,そう思う,福井県の知名度が　上がり　観光客　宿泊客が多くない　経済効果が　大きく有ると思う,そう思う,各地からの観光客を　歓迎するけど　マナーの悪い一部の国の観光客がいるのは　チョイト　いただけない,そう思う,,評価している,控えめな　県民性が有ると思うが　今　頑張っておられると思います,どちらかと言えば好ましい,一時の　京都の様には　なってほしくない,"観光客の消費によって飲食業や宿泊業が潤う, 波及効果により他の地場産業が活気づく, 地域の知名度が上がる, 歴史文化資源の保存活用につながる",,"騒音やごみの増加, 交通渋滞や路上駐車などの交通環境の悪化, 治安の悪化, 日常生活に影響が出るほどの不安",,"観光スポットを結ぶ交通機関, 観光スポットの案内板や標識（多言語表示）, トイレ・休憩所等の整備及びユニバーサル化, 障害者や高齢者への配慮（バリアフリー）, 駐車場",3,3,私の住んでいる　若狭町には　自信を持って　リコメンド出来る　観光地が　無い,7,真ん中より　少しは　恵まれていると思います,5,私の　年になると　5年先は？です,70歳以上,男性
越前町,ややそう思う,県外客を見かける,そうは思わない,乗る時がないから,ややそう思う,経済が潤う,ややそう思う,福井県を知ってほしい,ややそう思う,,どちらともいえない,,どちらかと言えば好ましい,,"観光客の消費によって飲食業や宿泊業が潤う, まちに賑わいが生まれる, 移住・定住のきっかけとなる",,"騒音やごみの増加, 自然破壊",,"観光スポットを結ぶ交通機関, 観光イベント, 飲食施設",3,3,,6,,4,老後が見通しできない,50～59歳,男性
福井市,そう思う,,とてもそう思う,,ややそう思う,,とてもそう思う,,ややそう思う,,どちらかといえば評価している,,どちらともいえない,,"観光客の消費によって飲食業や宿泊業が潤う, まちに賑わいが生まれる, 波及効果により他の地場産業が活気づく",,"騒音やごみの増加, 自然破壊, 治安の悪化",,"観光スポットを結ぶ交通機関, 障害者や高齢者への配慮（バリアフリー）",3,4,,9,,9,,60～69歳,女性
鯖江市,ややそう思う,,あまりそうは思わない,,ややそう思う,,そう思う,,あまりそうは思わない,,どちらかといえば評価している,,どちらかと言えば好ましい,,"観光客の消費によって飲食業や宿泊業が潤う, 波及効果により他の地場産業が活気づく, 移住・定住のきっかけとなる",,交通渋滞や路上駐車などの交通環境の悪化,,"観光スポットを結ぶ交通機関, 宿泊施設、土産物屋, 体験施設",3,3,,7,,6,,30～39歳,無回答
大野市,あまりそうは思わない,交通の便,あまりそうは思わない,関西に行きにくい,ややそう思う,人の流れが福井の発展につながる,とてもそう思う,福井に行きたいと思ってくれた気持ちを大事にしたい,そう思う,人の流れで福井の発信がつながる,どちらともいえない,あまりピンとこない,どちらかと言えば好ましい,活気が起こる,"観光客の消費によって飲食業や宿泊業が潤う, まちに賑わいが生まれる, 波及効果により他の地場産業が活気づく, 地域の知名度が上がる, 観光客との交流が生まれる, 歴史文化資源の保存活用につながる, 移住・定住のきっかけとなる, ガイドなど市民参加の場が広がる",,特に心配はない,,"観光スポットを結ぶ交通機関, トイレ・休憩所等の整備及びユニバーサル化, 障害者や高齢者への配慮（バリアフリー）, 駐車場",3,2,良さがわからない,5,今は特にメリットを感じない,1,免許証がないと生活圏が限られる,60～69歳,女性
福井市,そう思う,SNSで福井が好きになったと言っている人を多く見かけるようになった,ややそう思う,まだ利用できていないが、落ち着いたらいろんなところへ行きたいと思っている,そう思う,,とてもそう思う,,そう思う,,評価している,,好ましい,,"観光客の消費によって飲食業や宿泊業が潤う, 波及効果により他の地場産業が活気づく, 地域の知名度が上がる, 観光客との交流が生まれる, 歴史文化資源の保存活用につながる, ガイドなど市民参加の場が広がる",,"騒音やごみの増加, 歴史文化資源の破壊, 自然破壊",,"観光スポットを結ぶ交通機関, 観光スポットの案内板や標識（多言語表示）, トイレ・休憩所等の整備及びユニバーサル化, 観光マップやパンフレット, 宿泊施設、土産物屋, 駐車場, 体験施設",4,4,,8,"住みやすいがスーパーなどは物価高め
頑張っても永遠に最低賃金の企業ばかり",7,,50～59歳,無回答
鯖江市,あまりそうは思わない,外国人労働者がとても増えていると思うが良い影響なのか分からない,あまりそうは思わない,新幹線の利用機会が無いから,ややそう思う,福井県は高齢化が進んでおり若者の興味を引ける機会となれば、移住等を期待できる,ややそう思う,魅力ある県をアピールしたい,そう思う,自然豊かで美味しいものが沢山ある。ただし移動手段がないと辿り着けない,どちらかといえば評価している,新しい施設が増えてきた,好ましい,人の行き来が増えれば産業も安定出来る,"観光客の消費によって飲食業や宿泊業が潤う, まちに賑わいが生まれる, 波及効果により他の地場産業が活気づく, 地域の知名度が上がる, 移住・定住のきっかけとなる",,"騒音やごみの増加, 交通渋滞や路上駐車などの交通環境の悪化, 歴史文化資源の破壊, 治安の悪化",,"観光スポットを結ぶ交通機関, 観光スポットの案内板や標識（多言語表示）, トイレ・休憩所等の整備及びユニバーサル化, 観光イベント, 観光マップやパンフレット, 飲食施設, 駐車場, 体験施設",3,3,,5,,3,いずれ車の使用が難しくなるから,50～59歳,女性
坂井市,ややそう思う,訪れやすくなり、首都圏からの旅行場所の対象になると思うから。,ややそう思う,東京へ乗り換えなしで行けるようになり便利になったから,ややそう思う,他県の方がたくさん訪れるようになり、身近にありすぎて気づいていなかったことや場所に注目されると、福井の魅力を再発見できると思うから。,ややそう思う,福井は良いところだと思ってもらいたいから。,ややそう思う,訪れたいと思ってもらえるような場所になるよう　努力していかなければならないと思うから。,どちらかといえば評価している,それぞれの市町が色々な形で魅力を発信していると思うが、他県の方に伝わっているのかは疑問。,どちらかと言えば好ましい,観光客が増えることは、地域が賑やかになり、地域振興にもつながり、そこに住む人にもメリットがあると思うから。,"観光客の消費によって飲食業や宿泊業が潤う, まちに賑わいが生まれる, 波及効果により他の地場産業が活気づく, 地域の知名度が上がる, 歴史文化資源の保存活用につながる, ガイドなど市民参加の場が広がる",,"騒音やごみの増加, 交通渋滞や路上駐車などの交通環境の悪化, 歴史文化資源の破壊, 治安の悪化",,"観光スポットを結ぶ交通機関, トイレ・休憩所等の整備及びユニバーサル化, 観光マップやパンフレット, 飲食施設, 駐車場",3,4,自然が豊かで海や山までの距離が近く、アウトドアを気軽に楽しめる。美味しいもの（魚、米など）がたくさんある。,7,今は、自分で車を運転して県内外のどこへでも自由に出掛けることができ、いろいろなことを体験することができるので、ある程度満足している。,5,"どの県も、魅力発信に力を入れており、PRを上手くしないと埋もれていってしまう。
旅行の目的地になるなど、選ばれる場所になっていかないと、地域が寂れ、そこに住む若者がますます他県へ流出してしまうように思う。人口減少時代のいま、5年後に現状を、維持できているかどうか不安。",50～59歳,女性
越前市,とてもそう思う,越前たけふ駅があり、観光客が増える可能性があるから。,とてもそう思う,越前たけふ駅が近く、便利だから。,とてもそう思う,,とてもそう思う,,そう思う,,とても評価している,,とても好ましい,経済が潤ってよいと思う。,"観光客の消費によって飲食業や宿泊業が潤う, まちに賑わいが生まれる, 地域の知名度が上がる, 観光客との交流が生まれる",,騒音やごみの増加,,"観光スポットを結ぶ交通機関, トイレ・休憩所等の整備及びユニバーサル化, 観光イベント, 飲食施設, 宿泊施設、土産物屋, 駐車場",5,5,,10,穏やかな街だから,10,穏やかな街だから。,20～29歳,男性
福井市,とてもそう思う,県外(特に関東圏)からの観光者数増加が見込めるから,とてもそう思う,経済の活性化、新規店舗の進出など,とてもそう思う,,とてもそう思う,住みやすさや人柄の良さを知ってもらう良い機会となり、将来的に移住に繋がるとさらに良いと思う,とてもそう思う,,とても評価している,,とても好ましい,,"観光客の消費によって飲食業や宿泊業が潤う, まちに賑わいが生まれる, 波及効果により他の地場産業が活気づく, 地域の知名度が上がる, 移住・定住のきっかけとなる",,特に心配はない,,"観光スポットを結ぶ交通機関, トイレ・休憩所等の整備及びユニバーサル化, 駐車場",5,3,,7,,8,,50～59歳,男性
越前市,そう思う,,そう思う,,とてもそう思う,観光に来て、福井の良さがさらに良く分かる,とてもそう思う,実際、わたしの地元では岐阜からの観光客の通り道になっており、おすすめのご飯屋さんや道を聞かれたこともあり、福井の良いところを知って欲しいし、おもてなしの気持ちになる,とてもそう思う,恐竜や、東尋坊、大仏など、観光地が少ないと言われるが、それ以外でも四季ごとに違う表情があり、カニや海水浴、農業体験など、県民からは普通と思われることも充分魅力的なところがある,どちらかといえば評価している,もっと盛り上げていくべき,好ましい,,"観光客の消費によって飲食業や宿泊業が潤う, まちに賑わいが生まれる, 波及効果により他の地場産業が活気づく, 移住・定住のきっかけとなる",,"騒音やごみの増加, 交通渋滞や路上駐車などの交通環境の悪化",,"観光スポットを結ぶ交通機関, 観光スポットの案内板や標識（多言語表示）, トイレ・休憩所等の整備及びユニバーサル化, 観光イベント, 飲食施設, 宿泊施設、土産物屋, 観光案内所、観光ガイド, 体験施設",5,5,越前和紙や伝統工芸など、魅力的なところがたくさんある,8,,8,,40～49歳,女性
敦賀市,ややそう思う,,ややそう思う,,ややそう思う,,ややそう思う,,ややそう思う,,どちらかと言えば評価していない,,どちらかと言えば好ましい,,"観光客の消費によって飲食業や宿泊業が潤う, まちに賑わいが生まれる",,"騒音やごみの増加, 交通渋滞や路上駐車などの交通環境の悪化, 治安の悪化",,"観光スポットを結ぶ交通機関, トイレ・休憩所等の整備及びユニバーサル化, 観光イベント",3,5,,4,,5,,50～59歳,女性
福井市,ややそう思う,"福井と敦賀間がとても早く行き来ができるのは
良い事だとおもう。",あまりそうは思わない,"通勤などで利用する機会はないので、あまり影響を感じにくい
",とてもそう思う,観光客が増える事によって、駅前周辺の飲食店に人が来るし、福井駅を降りて人がいないのは寂れた感じをうけるよりは賑わいがあるほうが、良いから,とてもそう思う,なにかしら、福井にきて良い思い出や食べ物に関して良い印象を持ってもらうことで、自分の地元に戻ってから福井の良かった事を第三者につたえる事で、福井への関係性が増すようにおもうから、,とてもそう思う,"せっかく、海、山があるので、
ここに来たいと思える場所であるべき",どちらともいえない,何をしているかよくわからないから,とても好ましい,"活気のある事は、観光業以外にも好影響があると思う
","観光客の消費によって飲食業や宿泊業が潤う, まちに賑わいが生まれる, 波及効果により他の地場産業が活気づく, 移住・定住のきっかけとなる",移住、定住も視野にいれて観光産業を広くアピールすべきだとおもう,特に心配はない,観光地といわれる場所にはちゃんと駐車場が完備されてるようにおもうから。,"観光スポットを結ぶ交通機関, トイレ・休憩所等の整備及びユニバーサル化, 駐車場, 体験施設",4,4,季節毎に楽しめる、行くべきみるべき場所がある,8,"都会ではないものの、コンパクトには
まとまっていると思う。",7,車で移動が主である地域だと思うので、地元の足問題が少し不安,50～59歳,女性
池田町,そう思う,移動が便利になったから。,ややそう思う,自分はあまり利用することがない。,そう思う,観光に来てもらわないと潤わない。,そう思う,せっかくなんで楽しく過ごしてもらいたい。,そう思う,人口減少があるので、どこまで維持できるか？,評価している,いろいろな施設が増えている。,どちらかと言えば好ましい,交通量増加により、池田町で事故が増えている。,"観光客の消費によって飲食業や宿泊業が潤う, まちに賑わいが生まれる, 波及効果により他の地場産業が活気づく",,"騒音やごみの増加, 交通渋滞や路上駐車などの交通環境の悪化, 自然破壊, 治安の悪化",,"観光スポットを結ぶ交通機関, 飲食施設, 宿泊施設、土産物屋, 駐車場",3,4,都会にはない田舎だから。,8,食べ物がおいしい。,7,運転ができなくなれば、生活の質は下がる。,40～49歳,女性
福井市,とてもそう思う,福井駅周辺にいろいろなお店か増えて、それに伴い人も増えて、にぎやかになったから,とてもそう思う,福井駅周辺にいろいろなお店か増えて、それに伴い人も増えて、にぎやかになったから,とてもそう思う,観光地やそこに向かうまでの道路や交通機関が整備されたから,とてもそう思う,福井の魅力をもっと知ってもらいたいから,とてもそう思う,,とても評価している,,好ましい,,"観光客の消費によって飲食業や宿泊業が潤う, まちに賑わいが生まれる, 波及効果により他の地場産業が活気づく, 地域の知名度が上がる",,"騒音やごみの増加, 交通渋滞や路上駐車などの交通環境の悪化, 治安の悪化",,"観光スポットを結ぶ交通機関, トイレ・休憩所等の整備及びユニバーサル化, 飲食施設, 宿泊施設、土産物屋, 駐車場",1,1,食べ物もおいしいし、自然も豊かだから,10,,10,,50～59歳,女性
福井市,ややそう思う,東京へは行きやすくなった,あまりそうは思わない,関西、中京が遠くなった,そう思う,福井の認知度が上がった,そう思う,,そう思う,,どちらかといえば評価している,,どちらかと言えば好ましい,,"観光客の消費によって飲食業や宿泊業が潤う, まちに賑わいが生まれる, 波及効果により他の地場産業が活気づく, 地域の知名度が上がる",,交通渋滞や路上駐車などの交通環境の悪化,,"観光スポットを結ぶ交通機関, 観光イベント, 飲食施設",2,3,,7,静か,7,今と変わらなければ,60～69歳,男性
福井市,とてもそう思う,東京の友人たちが、近くなったために福井に目が向いてきたのを感じる。,とてもそう思う,福井駅前に良い店がたくさんできた。東京が非常に近く感じるようになった。,とてもそう思う,,とてもそう思う,,とてもそう思う,,とても評価している,,とても好ましい,,"観光客の消費によって飲食業や宿泊業が潤う, まちに賑わいが生まれる, 地域の知名度が上がる, 歴史文化資源の保存活用につながる, 移住・定住のきっかけとなる",,特に心配はない,,"観光スポットを結ぶ交通機関, 観光スポットの案内板や標識（多言語表示）",5,5,,8,,8,,60～69歳,男性
永平寺町,全くそうは思わない,関西のアクセスご悪くなった,全くそうは思わない,ハピラインと、在来線のアクセスを良くしてほしい,ややそう思う,関東圏にはいいのかな,とてもそう思う,来ていただければ、福井の良さご解るのでは！,そう思う,金沢の途中では無く、福井は福井で良い所が沢山ある,評価していない,県は頑張っている、市町村の各地方団体は何もしていない,どちらともいえない,"観光客が増えても大変なだけ！
リピーターを増やす事がいいのでは！",観光客の消費によって飲食業や宿泊業が潤う,,"騒音やごみの増加, その他",福井の公共交通の悪さが拡散されること,観光スポットを結ぶ交通機関,2,4,永平寺とお酒の素晴らしさ,2,閉鎖的な文化がある,1,古いかんがえを持つ人が多すぎる,60～69歳,男性
越前市,ややそう思う,市内の観光客が増えたみたい,ややそう思う,娘や私の兄弟がよく利用してる,そう思う,今まで存在すら知らなかった人が観光に来ているみたい,とてもそう思う,福井県の活性化に役立つ,そう思う,経済が活発になる,どちらともいえない,越前市は宣伝が足りない,好ましい,活性化すること,"観光客の消費によって飲食業や宿泊業が潤う, まちに賑わいが生まれる, 地域の知名度が上がる",,"騒音やごみの増加, 治安の悪化",,"観光スポットを結ぶ交通機関, 観光スポットの案内板や標識（多言語表示）, 障害者や高齢者への配慮（バリアフリー）, 宿泊施設、土産物屋, 体験施設",3,3,魅力発信か不足,6,飛行場など不便もある,4,個人的に歳をとるから,60～69歳,男性
福井市,とてもそう思う,,とてもそう思う,東京への出張が便利,とてもそう思う,,とてもそう思う,良い所をたくさん知ってほしい,とてもそう思う,,どちらかといえば評価している,取り組み自体がよくわからない,好ましい,経済効果がある,"観光客の消費によって飲食業や宿泊業が潤う, まちに賑わいが生まれる, 波及効果により他の地場産業が活気づく, 地域の知名度が上がる, 移住・定住のきっかけとなる",,"交通渋滞や路上駐車などの交通環境の悪化, 自然破壊",,"観光スポットを結ぶ交通機関, 観光マップやパンフレット, 飲食施設, 宿泊施設、土産物屋, 駐車場",3,5,,8,,8,,30～39歳,女性
坂井市,そう思う,観光地に外国人観光客もいるし、テレビ撮影やロケ地などにも開業前に比べると多く選ばれている気がするから,ややそう思う,企業誘致があって、就職先が増えるのかなと思ったので,とてもそう思う,悪い影響が思い浮かばないから,そう思う,,そう思う,,とても評価している,恐竜王国として福井駅のモニュメントなど力を入れているから,好ましい,経済が回るのと、色んな人が訪れる事により相乗効果が得られると思うから,"観光客の消費によって飲食業や宿泊業が潤う, まちに賑わいが生まれる, 波及効果により他の地場産業が活気づく, 地域の知名度が上がる, 観光客との交流が生まれる, 歴史文化資源の保存活用につながる, 移住・定住のきっかけとなる, ガイドなど市民参加の場が広がる",,特に心配はない,京都などはオーバーツーリズムで大変だが、そこまでの影響はないから,"観光スポットを結ぶ交通機関, 観光スポットの案内板や標識（多言語表示）, 観光イベント, 宿泊施設、土産物屋, 駐車場, 体験施設",3,4,,5,嶺北に住んで長いですが嶺南出身なので、どうしても嶺北の言葉に慣れない,5,,50～59歳,女性
福井市,とてもそう思う,関東方面からの観光客増加,ややそう思う,関東方面へ乗換無しで行ける,そう思う,人の往来が増えた,そう思う,福井の良さを五感で味わって欲しい,そう思う,,とても評価している,,好ましい,,"観光客の消費によって飲食業や宿泊業が潤う, まちに賑わいが生まれる, 波及効果により他の地場産業が活気づく, 地域の知名度が上がる, 観光客との交流が生まれる, 歴史文化資源の保存活用につながる, 移住・定住のきっかけとなる",,特に心配はない,,"観光スポットを結ぶ交通機関, 障害者や高齢者への配慮（バリアフリー）, 宿泊施設、土産物屋",4,4,,9,冬の除雪が無ければ10点,9,変化無し,70歳以上,男性
鯖江市,そうは思わない,鯖江市は新幹線の駅が無くただの通り道で特急が無くなったので県外に行くのが大変不便になったから,あまりそうは思わない,頻回に東京へは行かないし、むしろ大阪方面には行っていたので敦賀で乗り換えが大変になったから,そうは思わない,新幹線が開業したことにより関東の方が来やすくなりたくさんの人に福井の良さが知られるようになったから,とてもそう思う,1人でも多く福井の食事や風景や空気の美味しさを知ってほしいから,とてもそう思う,まだまだ知られていない観光地があるから,評価している,市長もインスタグラムを通して発信しているから,とても好ましい,単純に嬉しいから,"観光客の消費によって飲食業や宿泊業が潤う, 地域の知名度が上がる",,"騒音やごみの増加, 交通渋滞や路上駐車などの交通環境の悪化",,"観光スポットを結ぶ交通機関, トイレ・休憩所等の整備及びユニバーサル化",4,3,,9,,9,,20～29歳,女性
坂井市,ややそう思う,移動時間が短縮できた,ややそう思う,移動時間が短縮できた,そう思う,,そう思う,福井県の良さを体感してほしいい,そう思う,,どちらともいえない,観光振興が感じられない,好ましい,,"観光客の消費によって飲食業や宿泊業が潤う, まちに賑わいが生まれる, 波及効果により他の地場産業が活気づく, 地域の知名度が上がる, 観光客との交流が生まれる, 歴史文化資源の保存活用につながる, 移住・定住のきっかけとなる, ガイドなど市民参加の場が広がる",人が動かなければ変化が期待できない,特に心配はない,先ずは増加する方法を施行してください,"観光スポットを結ぶ交通機関, 観光イベント, 飲食施設, 宿泊施設、土産物屋",3,3,北陸三県として福井県は地味ですね（福井港の活用）,7,,7,意識改革次第ですね,70歳以上,男性
福井市,とてもそう思う,,ややそう思う,,とてもそう思う,,とてもそう思う,,そう思う,,評価している,,好ましい,,"観光客の消費によって飲食業や宿泊業が潤う, 波及効果により他の地場産業が活気づく",,特に心配はない,,"観光スポットを結ぶ交通機関, 駐車場, 体験施設",5,5,,8,,7,,60～69歳,男性
福井市,ややそう思う,訪れる人が増えた,ややそう思う,"駅周辺の店舗が増えた
",ややそう思う,経済が動く,ややそう思う,経済が動く,ややそう思う,経済が動く,どちらともいえない,よくわからない,どちらともいえない,いい面も悪い面もある,観光客の消費によって飲食業や宿泊業が潤う,,"騒音やごみの増加, 交通渋滞や路上駐車などの交通環境の悪化",,"観光スポットを結ぶ交通機関, トイレ・休憩所等の整備及びユニバーサル化, 駐車場",3,3,特にない,5,どちらともいえない,5,先の事はよくわからない,60～69歳,女性
福井市,とてもそう思う,交通網の発達は、人の出入りのしやすさが増加するため、その土地の発展に当然プラスに働くと思います。,そう思う,名古屋や京都に行きやすいので、ありがたいです。,そう思う,交通の便が良くなったため。,そう思う,住んでいる土地への愛着が当然あるため。,そう思う,住んでいる土地への愛着が当然あるため。,どちらかといえば評価している,それなりに、努力されていると思うので。,どちらかと言えば好ましい,地域にプラスになるので。,"観光客の消費によって飲食業や宿泊業が潤う, まちに賑わいが生まれる, 歴史文化資源の保存活用につながる, 移住・定住のきっかけとなる",,"騒音やごみの増加, 歴史文化資源の破壊, 自然破壊, 治安の悪化",,"観光スポットを結ぶ交通機関, 観光スポットの案内板や標識（多言語表示）, トイレ・休憩所等の整備及びユニバーサル化, 観光マップやパンフレット, 観光案内所、観光ガイド, 駐車場",4,4,,7,住民への還元にも取り組まれているため。,7,何となく,50～59歳,男性
あわら市,とてもそう思う,,そう思う,,とてもそう思う,,そう思う,,とてもそう思う,,どちらかといえば評価している,,どちらかと言えば好ましい,,波及効果により他の地場産業が活気づく,,"騒音やごみの増加, 交通渋滞や路上駐車などの交通環境の悪化, 歴史文化資源の破壊",,トイレ・休憩所等の整備及びユニバーサル化,2,3,,2,,5,,60～69歳,男性
坂井市,そう思う,,ややそう思う,東京へは便利になったが、大阪、名古屋へは不便になった,ややそう思う,一部の商人が潤うだけだから,ややそう思う,上記の回答通りで、一般県民にとって街が騒がしくなるだけ　治安等を含めて,ややそう思う,上記に同じ,どちらかといえば評価している,,どちらともいえない,,観光客の消費によって飲食業や宿泊業が潤う,,"騒音やごみの増加, 交通渋滞や路上駐車などの交通環境の悪化, 歴史文化資源の破壊, 自然破壊, 治安の悪化",,"トイレ・休憩所等の整備及びユニバーサル化, 障害者や高齢者への配慮（バリアフリー）, 駐車場",4,4,,8,"車社会と言いながら、道路整備が石川県と比べ物にならないほど貧弱。
国会議員が無能なのか??",8,,60～69歳,男性
越前市,あまりそうは思わない,駅が、増えただけなんじゃ,全くそうは思わない,何も、かわらないから,ややそう思う,,あまりそうは思わない,,そうは思わない,,どちらともいえない,,どちらかと言えば好ましい,,特に効果は期待できない,,特に心配はない,,"観光スポットを結ぶ交通機関, 観光スポットの案内板や標識（多言語表示）, トイレ・休憩所等の整備及びユニバーサル化, 飲食施設, 宿泊施設、土産物屋, 観光案内所、観光ガイド",1,1,,5,,5,,60～69歳,男性
大野市,ややそう思う,,あまりそうは思わない,,そう思う,,そう思う,,そう思う,,評価している,,好ましい,,"観光客の消費によって飲食業や宿泊業が潤う, まちに賑わいが生まれる, 地域の知名度が上がる",,"騒音やごみの増加, 交通渋滞や路上駐車などの交通環境の悪化, 治安の悪化",,"観光スポットを結ぶ交通機関, トイレ・休憩所等の整備及びユニバーサル化, 観光イベント",1,2,,2,,5,,70歳以上,男性
鯖江市,そうは思わない,関西からのアクセスが悪くなった,あまりそうは思わない,何もない,あまりそうは思わない,来ても観光名所が少ないと思う,とてもそう思う,楽しんでほしい,ややそう思う,リピーターになってほしい,どちらかと言えば評価していない,アピールが足りない,どちらかと言えば好ましい,話題になり活気がでる,"波及効果により他の地場産業が活気づく, 地域の知名度が上がる, 移住・定住のきっかけとなる",福井が話題になり、活気がでる,特に心配はない,,"観光イベント, 宿泊施設、土産物屋, 体験施設",5,2,案内できる場所があまりない,3,活気がない,3,盛り上がる要素がない,50～59歳,女性
福井市,ややそう思う,そこまで利便性はない,あまりそうは思わない,そこまで利便性はない,そう思う,県収入多角化,そう思う,県に魅力を感じて欲しい,そう思う,知られていない観光資源が多い,どちらかといえば評価している,努力はされているけどもう少し集客力をあげる策、金沢ではなく福井、という視点が肝要,好ましい,県の発展,"観光客の消費によって飲食業や宿泊業が潤う, まちに賑わいが生まれる, 波及効果により他の地場産業が活気づく, 地域の知名度が上がる, 歴史文化資源の保存活用につながる, 移住・定住のきっかけとなる, ガイドなど市民参加の場が広がる",,"騒音やごみの増加, 交通渋滞や路上駐車などの交通環境の悪化, 歴史文化資源の破壊, 自然破壊, 治安の悪化",,"観光スポットを結ぶ交通機関, 観光スポットの案内板や標識（多言語表示）, トイレ・休憩所等の整備及びユニバーサル化, 観光イベント, 障害者や高齢者への配慮（バリアフリー）, 観光マップやパンフレット, 飲食施設, 宿泊施設、土産物屋, 観光案内所、観光ガイド, 駐車場, 体験施設",4,3,,6,,5,,50～59歳,男性
福井市,ややそう思う,観光客が福井に来やすい,そう思う,東京まで乗り換えなしで行ける,そう思う,飲食店などの売り上げがあがる,そう思う,いい思い出にしてほしい,そう思う,経済的に必要,どちらともいえない,取り組みをよく知らない,どちらかと言えば好ましい,,"観光客の消費によって飲食業や宿泊業が潤う, まちに賑わいが生まれる, 波及効果により他の地場産業が活気づく, 地域の知名度が上がる, 観光客との交流が生まれる, 歴史文化資源の保存活用につながる",,"騒音やごみの増加, 交通渋滞や路上駐車などの交通環境の悪化, 治安の悪化",,"観光スポットを結ぶ交通機関, トイレ・休憩所等の整備及びユニバーサル化, 観光イベント, 飲食施設, 宿泊施設、土産物屋, 観光案内所、観光ガイド, 駐車場",4,4,食べ物が美味しい,8,福井で妻と出会えた,8,,40～49歳,男性
坂井市,そう思う,人の行き来がし易いから,全くそうは思わない,新幹線に乗る機会がほぼ無いから,そう思う,,そう思う,,とてもそう思う,,どちらともいえない,,どちらともいえない,,"観光客の消費によって飲食業や宿泊業が潤う, 波及効果により他の地場産業が活気づく",,"交通渋滞や路上駐車などの交通環境の悪化, 歴史文化資源の破壊",,"観光スポットを結ぶ交通機関, 観光案内所、観光ガイド",3,3,,3,,2,,50～59歳,女性
南越前町,あまりそうは思わない,えちぜん武生駅で降車しても南越前町にお蕎麦など食べには来てくれてない感じがします。,ややそう思う,東京まで乗り換え無しで行けるのはとても良い,とてもそう思う,,とてもそう思う,福井の良い所、美味しい食事、ものづくりの街を紹介したい,とてもそう思う,嶺北、嶺南でも違う魅力がたくさんあるので色んな場所に観光に訪れて美味しい物もたくさん食べて欲しい。,どちらともいえない,,とても好ましい,,"観光客の消費によって飲食業や宿泊業が潤う, 波及効果により他の地場産業が活気づく, 地域の知名度が上がる, 観光客との交流が生まれる, 移住・定住のきっかけとなる",,"騒音やごみの増加, 交通渋滞や路上駐車などの交通環境の悪化",,"観光スポットを結ぶ交通機関, トイレ・休憩所等の整備及びユニバーサル化, 障害者や高齢者への配慮（バリアフリー）, 観光マップやパンフレット, 宿泊施設、土産物屋, 体験施設",4,5,生まれも育ちも福井県なので景色や食べ物の美味しさを当たり前だと思っていたが県外の友人が遊びにきた時、海も山も近く美味しい物がたくさんあり雪景色も最高だと言われて魅力に気づいた。,8,,8,,50～59歳,女性
越前市,あまりそうは思わない,越前たけふ駅周りに何もないから,全くそうは思わない,新幹線を利用する事があまりないから,とてもそう思う,田舎なので、観光客がたくさん来ていただけると経済が回ると思います,とてもそう思う,まだまだ福井の行った事がない場所があるから,とてもそう思う,観光客が増えると福井の経済も効果が期待されると思う,どちらともいえない,あまり、宣伝がない気がする,とても好ましい,観光客が増えると経済が回るから,観光客の消費によって飲食業や宿泊業が潤う,経済が回るから,交通渋滞や路上駐車などの交通環境の悪化,恐竜博物館までの道のりの渋滞がすごい,"観光スポットを結ぶ交通機関, 観光イベント, 飲食施設",4,4,福井の恐竜や眼鏡などいろいろ勧めれると思う,9,不満がない,9,不満がない,30～39歳,女性
あわら市,とてもそう思う,芦原温泉から新幹線で東京へ直通で行けるのが楽になった。,とてもそう思う,東京へ行く機会が増えた,とてもそう思う,芦原温泉への客が増えてあわら市が活気づいた。,とてもそう思う,愛着のある福井県を沢山の人に知って欲しい。,とてもそう思う,恐竜博、東尋坊、永平寺全国の人に訪れて欲しい。,とても評価している,グランディア芳泉の山口専務が頑張っているので応援したい。,とても好ましい,福井県が活性化する。,"観光客の消費によって飲食業や宿泊業が潤う, まちに賑わいが生まれる, 地域の知名度が上がる, 観光客との交流が生まれる, 移住・定住のきっかけとなる",,"自然破壊, 治安の悪化",,"観光スポットを結ぶ交通機関, トイレ・休憩所等の整備及びユニバーサル化, 障害者や高齢者への配慮（バリアフリー）, 宿泊施設、土産物屋",3,3,芦原温泉駅が中途半端な感じがして残念,8,石川県によく行く機会があると、つい比べてしまう。,8,5年後の今よりも発展してることを夢見て,60～69歳,女性
越前町,そうは思わない,現在東京敦賀でも、全く変わらないから,あまりそうは思わない,最寄りの駅が不便,ややそう思う,県外よりの来県者の多くは観光だから,そう思う,地元でしよ,そう思う,"質問がおかしい
当然では？",評価していない,根本的な計画がダメだと思う,とても好ましい,これまた当たり前,"観光客の消費によって飲食業や宿泊業が潤う, まちに賑わいが生まれる",,特に心配はない,,"観光スポットを結ぶ交通機関, 観光スポットの案内板や標識（多言語表示）",1,3,他の県と比べてやはり観光要素が少ない,6,まあまあ普通に暮らせるから,1,"過疎化がすすんでいくから
福井市内でも、空き家は増えるはず",50～59歳,男性
あわら市,そう思う,駅周辺が賑わう事はプラスになると思う,ややそう思う,私には少し離れた場所だが福井県が賑わうのは良いと思うから,そう思う,"特に福井の観光地は賑わう事で整備されるから
賑わいの無くなった場所が廃れていくのを見て悲しくなるから",そう思う,観光客が来てくれる事で経済や賑わいをもたらすから,そう思う,福井にはまだまだ有名でなくても良い所があると思うから,どちらかといえば評価している,頑張っている人がいるけどサポートする体制が弱いように感じる,どちらかと言えば好ましい,"人が増えれば問題も増えるが
その分　良い事も増えると思うから","観光客の消費によって飲食業や宿泊業が潤う, まちに賑わいが生まれる, 地域の知名度が上がる",,"騒音やごみの増加, 自然破壊, 治安の悪化",,"障害者や高齢者への配慮（バリアフリー）, 観光マップやパンフレット, 飲食施設, 体験施設",1,2,都会では無いがそれほど田舎でも無いと思うから,7,全て良いとは思わないが決して不便ではなく安心して暮らしていけるから,7,"特に大きな変化は望まないが少しずつ
変わるのは良いと思うから",60～69歳,男性
福井市,ややそう思う,職場で県外から新幹線で来られたと聞くことが増えた,そう思う,東京観光に行きやすくなった,そう思う,来てもらえばわかる良さが多いと思う,とてもそう思う,知名度を上げたい！,ややそう思う,恐竜以外のところも知ってほしい,どちらかといえば評価している,結果はどうであれ努力は少し認められるため,好ましい,経済的効果,"観光客の消費によって飲食業や宿泊業が潤う, 地域の知名度が上がる, 観光客との交流が生まれる, 歴史文化資源の保存活用につながる, 移住・定住のきっかけとなる",,特に心配はない,,"観光スポットを結ぶ交通機関, トイレ・休憩所等の整備及びユニバーサル化, 駐車場",2,4,自然豊かで食べ物が美味しい,7,車社会の福井で今は特別不便でもないが、高齢になってからは不安がある,6,明確な未来が見えない,50～59歳,女性
福井市,そう思う,観光客が増えたと思う,あまりそうは思わない,新幹線を利用しないので、あまり分からない,そう思う,,とてもそう思う,,そう思う,,評価している,,好ましい,,"観光客の消費によって飲食業や宿泊業が潤う, まちに賑わいが生まれる, 地域の知名度が上がる",,騒音やごみの増加,,"トイレ・休憩所等の整備及びユニバーサル化, 障害者や高齢者への配慮（バリアフリー）",4,4,,9,,9,,40～49歳,女性
鯖江市,ややそう思う,東京??福井のアクセスがよく観光に来ている、その他ライブ（サンドーム、福井県庁横広場など）とか来ている方も多いと思う,そう思う,東京に行きやすくなった（帰省、出張など）,あまりそうは思わない,混雑は困るがそれ以外はそんなに悪くないと思う,そう思う,福井を、よい！と思っもらえることはうれしい,そう思う,観光資源が多い,どちらかといえば評価している,興味深いイベントが増えたと思う,どちらかと言えば好ましい,県民としては誇らしい,"観光客の消費によって飲食業や宿泊業が潤う, まちに賑わいが生まれる",街の活性化、お店や観光地などが増える,"交通渋滞や路上駐車などの交通環境の悪化, 治安の悪化",,"観光スポットを結ぶ交通機関, 観光スポットの案内板や標識（多言語表示）, トイレ・休憩所等の整備及びユニバーサル化, 障害者や高齢者への配慮（バリアフリー）, 駐車場",4,4,おいしいものもたくさんあるし、見どころも多い,7,暮らしはよいが、もっと便利だったらと思うことも多い,7,特に大きく変わる気はしない,40～49歳,女性
あわら市,とてもそう思う,駅舎も素晴らしくなつたし、全体的に最高,あまりそうは思わない,余り敦賀方面には列車で行かず、車で行くから,そう思う,新幹線の効果は直ぐに出て来ないから,とてもそう思う,福井独自の観光地があるから,そう思う,観光客の落とすお金は最も福井県を潤すから,評価している,交通の便も良くなったしジワリジワリと浸透してくれば良い,好ましい,今や恐竜博物館から最大観光地となってすごいから今後数年に1箇所ずつアピールしてゆく,"観光客の消費によって飲食業や宿泊業が潤う, まちに賑わいが生まれる, 地域の知名度が上がる, 観光客との交流が生まれる, 歴史文化資源の保存活用につながる, ガイドなど市民参加の場が広がる",,"騒音やごみの増加, 歴史文化資源の破壊, 自然破壊, 治安の悪化",,"観光イベント, 観光マップやパンフレット, 飲食施設, 宿泊施設、土産物屋, 観光案内所、観光ガイド, 駐車場",4,4,住みやすいから,6,今迄住んで来たから,7,まあまあだ,70歳以上,男性
坂井市,ややそう思う,,あまりそうは思わない,,ややそう思う,,ややそう思う,,ややそう思う,,どちらかといえば評価している,,どちらともいえない,マナ―が悪い人もいるから,"観光客の消費によって飲食業や宿泊業が潤う, 地域の知名度が上がる",,"騒音やごみの増加, 交通渋滞や路上駐車などの交通環境の悪化",,"観光スポットを結ぶ交通機関, 観光マップやパンフレット, 駐車場",3,3,カニや新鮮な魚など食べ物が美味しく自然豊かだから。,7,,7,,60～69歳,女性
坂井市,そう思う,丸岡城に訪れた人が多い,そう思う,自分の仕事が増えたから(バスガイド),全くそうは思わない,"幸福度No.1福井県だから
",そう思う,食べ物おいしいから,そう思う,魅力があり、人も良い,とても評価している,,とても好ましい,,観光客の消費によって飲食業や宿泊業が潤う,,交通渋滞や路上駐車などの交通環境の悪化,,観光案内所、観光ガイド,5,5,,10,,10,,50～59歳,女性
越前市,とてもそう思う,海外の方が多くなったように感じる,そう思う,,そう思う,,そう思う,,そう思う,,評価している,,好ましい,,まちに賑わいが生まれる,,治安の悪化,,"観光スポットを結ぶ交通機関, 観光スポットの案内板や標識（多言語表示）, トイレ・休憩所等の整備及びユニバーサル化",4,3,,9,,9,,30～39歳,女性
坂井市,ややそう思う,,全くそうは思わない,,ややそう思う,,とてもそう思う,,とてもそう思う,,どちらともいえない,,好ましい,,"観光客の消費によって飲食業や宿泊業が潤う, まちに賑わいが生まれる, 波及効果により他の地場産業が活気づく, 地域の知名度が上がる, 歴史文化資源の保存活用につながる",,"騒音やごみの増加, 交通渋滞や路上駐車などの交通環境の悪化, 歴史文化資源の破壊, 自然破壊, 治安の悪化",,"観光スポットを結ぶ交通機関, トイレ・休憩所等の整備及びユニバーサル化, 観光イベント",4,4,,7,,7,,50～59歳,男性
鯖江市,そうは思わない,特急が停まらなくなり不便になった,そうは思わない,特急が停まらなくなり不便になった,そう思う,公共交通機関の需要が増えて、不便さが解消されていくのではないか,そう思う,案内したいところが多々ある,そう思う,観光客が旅先にしてよかったと喜ばれることが自分達の誇りにつながるのでは,どちらともいえない,観光振興の取り組みが見えにくい,どちらともいえない,オーバーツーリズムにつながるのは避けたい　,"波及効果により他の地場産業が活気づく, 歴史文化資源の保存活用につながる, 移住・定住のきっかけとなる",,"交通渋滞や路上駐車などの交通環境の悪化, 自然破壊",,"観光スポットを結ぶ交通機関, 障害者や高齢者への配慮（バリアフリー）, 駐車場",4,4,飲食店や駐車場がもっとあるとよい,9,冬の寒さだけがネック,10,他県で暮らすことは想像できない,50～59歳,女性
勝山市,ややそう思う,,ややそう思う,,ややそう思う,,ややそう思う,,ややそう思う,,どちらともいえない,,どちらかと言えば好ましい,,"観光客の消費によって飲食業や宿泊業が潤う, まちに賑わいが生まれる, 波及効果により他の地場産業が活気づく, 地域の知名度が上がる, 歴史文化資源の保存活用につながる, 移住・定住のきっかけとなる",,"騒音やごみの増加, 交通渋滞や路上駐車などの交通環境の悪化, 自然破壊, 治安の悪化",,"観光スポットを結ぶ交通機関, トイレ・休憩所等の整備及びユニバーサル化, 観光イベント, 観光マップやパンフレット, 飲食施設, 宿泊施設、土産物屋, 観光案内所、観光ガイド, 駐車場, 体験施設",2,3,,5,,5,,50～59歳,無回答
福井市,そう思う,県外からの観光客が増えて活性化するから。,あまりそうは思わない,関西、中京へのアクセスがこれまでより悪くなった。,ややそう思う,観光客が増え、福井県の認知度がアップされる。,そう思う,経済の活性化,そう思う,福井の認知度がアップされる,どちらかといえば評価している,福井駅を見れば県外からの観光客やビジネス関係者が増えた,好ましい,経済の活性化,"観光客の消費によって飲食業や宿泊業が潤う, まちに賑わいが生まれる, 地域の知名度が上がる, 移住・定住のきっかけとなる",,特に心配はない,,"観光スポットを結ぶ交通機関, 観光スポットの案内板や標識（多言語表示）, トイレ・休憩所等の整備及びユニバーサル化, 観光イベント, 飲食施設, 宿泊施設、土産物屋, 駐車場",3,3,一長一短が有る,5,良い点と悪い点と両方あるから,5,農業の将来が不安な為,70歳以上,男性
勝山市,そう思う,恐竜博物館への来客が増えたように感じるため。またそれに付随して、近隣の飲食店が賑わっている様子がよく見られるため。,ややそう思う,東京への旅行が乗り換えなしに行けるようになったため、小さい子を連れての旅行も気軽に行けるようになったため。,とてもそう思う,県外客を増やすことで経済が活性化すると思うため。,そう思う,,そう思う,,どちらかと言えば評価していない,勝山市の観光案内は不親切であるため,好ましい,,"観光客の消費によって飲食業や宿泊業が潤う, まちに賑わいが生まれる, 波及効果により他の地場産業が活気づく",,特に心配はない,,"観光スポットを結ぶ交通機関, 観光スポットの案内板や標識（多言語表示）, トイレ・休憩所等の整備及びユニバーサル化, 観光イベント, 飲食施設, 宿泊施設、土産物屋",4,4,,8,,8,,30～39歳,女性
勝山市,ややそう思う,レンタカーをよく見るようになりました,ややそう思う,東京に1本で行ける,ややそう思う,商業が潤うのでは？,とてもそう思う,いらっしゃい??,とてもそう思う,,どちらともいえない,そんなに上手くいってない気がします,とても好ましい,,"観光客の消費によって飲食業や宿泊業が潤う, まちに賑わいが生まれる",,"騒音やごみの増加, 交通渋滞や路上駐車などの交通環境の悪化",良い人ばかりでは無い,"飲食施設, 宿泊施設、土産物屋",5,5,好きです勝山。笑,6,県となるとこんなもん,5,そんなに変わってない気がします,50～59歳,男性
福井市,そう思う,観光客が増えた。新幹線に乗るために駅を利用するようになった。SNSでも福井の投稿をよく見かける。,とてもそう思う,"関東に住む子にあいに行きやすくなった。
旅行に行くハードルが下がった。",そうは思わない,観光客が増えてにぎわうとよいと思う,そう思う,街が栄えると良いと思う,そう思う,福井がもっとメジャーになるとよいと思う,評価している,催し物や都会でのイベントも増えたと思う,好ましい,福井の良さを知ってほしい　行きたいお店も増えてほしい,"観光客の消費によって飲食業や宿泊業が潤う, まちに賑わいが生まれる, 波及効果により他の地場産業が活気づく, 地域の知名度が上がる",人口が減っていくので観光客が増えて活性化するのは嬉しい,交通渋滞や路上駐車などの交通環境の悪化,イベントが開催されると混み合う,"観光スポットの案内板や標識（多言語表示）, トイレ・休憩所等の整備及びユニバーサル化, 飲食施設, 宿泊施設、土産物屋, 駐車場",4,4,海あり山ありで美味しい食べ物もある,8,食べ物も美味しいし自然もあり子どもの遊び場もある,8,年を取るから,50～59歳,女性
福井市,そう思う,観光客が増えて、よい影響がある業種の方もいらっしゃると思うので,あまりそうは思わない,,あまりそうは思わない,多くの方に来て知ってもらうことは、良いと思うから,そう思う,,そう思う,,どちらともいえない,,どちらかと言えば好ましい,,"観光客の消費によって飲食業や宿泊業が潤う, まちに賑わいが生まれる",,"騒音やごみの増加, 交通渋滞や路上駐車などの交通環境の悪化",人が増えると色々思いもよらないことが起きたり、増えたりしそう,"観光スポットを結ぶ交通機関, 駐車場",3,3,,5,,5,,40～49歳,女性
美浜町,あまりそうは思わない,"小浜線への乗り換え等
利用がないような気がする",あまりそうは思わない,まだ新幹線に乗ってどこかへ行ったことがないので,ややそう思う,観光客が増えた方が飲食店等が栄えるので,あまりそうは思わない,接点がないので,そう思う,寂れないように,どちらともいえない,わからないので,どちらかと言えば好ましい,地元にお金の流れがうまれるので,"観光客の消費によって飲食業や宿泊業が潤う, 地域の知名度が上がる",福井県を知ってもらえる,交通渋滞や路上駐車などの交通環境の悪化,生活道路を車で移動する県外車のスピードの出過ぎ,"観光スポットを結ぶ交通機関, トイレ・休憩所等の整備及びユニバーサル化, 観光案内所、観光ガイド",2,1,嶺南地方は特に観光名所がない,8,県外に遊びに行くのも行きやすい,8,なんとなく,40～49歳,女性
越前市,全くそうは思わない,越前たけふ駅は何の役にも立たないと思う。近くに村田製作所の社屋がたったため駅がかくれてしまうし、あんなところの駅から移動困難。道の駅も早い時間に閉まってしまうのでホント中途半端。悪い意見しかでてこない,あまりそうは思わない,サンダーバードやしらさきがあったほうが関西圏や中京圏に行きやすかった,そう思う,関西圏や中京圏には行きにくくなったから,そう思う,理由なんてない,そう思う,いいところ、美味しいものがいっぱいあるから,どちらともいえない,積極的にはみえない,好ましい,街の活性化,"観光客の消費によって飲食業や宿泊業が潤う, まちに賑わいが生まれる, 波及効果により他の地場産業が活気づく, 地域の知名度が上がる, 観光客との交流が生まれる, 歴史文化資源の保存活用につながる",,"騒音やごみの増加, 交通渋滞や路上駐車などの交通環境の悪化, 歴史文化資源の破壊, 自然破壊, 治安の悪化",マナー違反の人が増えたら困ると思う,"観光スポットを結ぶ交通機関, 観光スポットの案内板や標識（多言語表示）, 観光イベント, 観光マップやパンフレット, 観光案内所、観光ガイド, 体験施設",2,2,,5,,6,,50～59歳,女性
あわら市,そう思う,観光のお客様が増えた,あまりそうは思わない,利用する機会がない,そう思う,知名度が高くなると思う,そう思う,温泉地に住んでいる,そう思う,観光資源を活用するべき,評価している,特にないがそう思う,好ましい,賑わいがある,"観光客の消費によって飲食業や宿泊業が潤う, まちに賑わいが生まれる, 波及効果により他の地場産業が活気づく, 地域の知名度が上がる, 移住・定住のきっかけとなる",,"騒音やごみの増加, 交通渋滞や路上駐車などの交通環境の悪化, 治安の悪化",,"観光スポットを結ぶ交通機関, 観光スポットの案内板や標識（多言語表示）, トイレ・休憩所等の整備及びユニバーサル化, 観光イベント, 観光マップやパンフレット, 飲食施設, 宿泊施設、土産物屋, 観光案内所、観光ガイド, 駐車場",5,4,,10,,10,,70歳以上,女性
鯖江市,とてもそう思う,鯖江市なので新幹線は通過点、特急はなくなり不便になった,あまりそうは思わない,駅が遠い,そう思う,観光客のような方をよく見かける,とてもそう思う,福井の知名度があがる,とてもそう思う,観光客が増えると賑わいがある,どちらかといえば評価している,いろんな取り組みをニュースなどで見るから,とても好ましい,賑わう,"観光客の消費によって飲食業や宿泊業が潤う, まちに賑わいが生まれる, 波及効果により他の地場産業が活気づく, 地域の知名度が上がる, 移住・定住のきっかけとなる",上記の通り,騒音やごみの増加,,"観光スポットを結ぶ交通機関, トイレ・休憩所等の整備及びユニバーサル化, 宿泊施設、土産物屋",5,5,片田舎でもとてもいいところ,10,,10,,50～59歳,女性
小浜市,とてもそう思う,旅行したくなるから。,全くそうは思わない,利用しないから。,とてもそう思う,悪い影響が分からない。,そう思う,観光客が増えれば、町の活性になる。,とてもそう思う,,どちらともいえない,,とても好ましい,,"観光客の消費によって飲食業や宿泊業が潤う, まちに賑わいが生まれる, 波及効果により他の地場産業が活気づく, 地域の知名度が上がる",,"交通渋滞や路上駐車などの交通環境の悪化, 治安の悪化",,"観光スポットを結ぶ交通機関, 観光スポットの案内板や標識（多言語表示）, トイレ・休憩所等の整備及びユニバーサル化, 宿泊施設、土産物屋",2,3,,5,,6,,40～49歳,女性
越前町,あまりそうは思わない,越前町でも海寄りの浜だと少しは影響あるかも?だけど山の方の越前町はあまり影響ないと思います,あまりそうは思わない,今までと変わらないと新幹線降りてからの交通の便が悪いと思います,ややそう思う,恐竜で活気があるのではないかと思います,そう思う,是非来てほしいですが観光するところがあるのでしょうか,そう思う,街の活性化のためにはそうありたいですね,どちらかといえば評価している,美味しいお魚などは自慢できると思う,どちらともいえない,観光が増えるとゴミが増えるのでは,観光客の消費によって飲食業や宿泊業が潤う,,"騒音やごみの増加, 交通渋滞や路上駐車などの交通環境の悪化, 歴史文化資源の破壊, 自然破壊, 治安の悪化",,"トイレ・休憩所等の整備及びユニバーサル化, 観光イベント, 飲食施設",1,5,自然豊かな場所だから,10,過ごしやすい環境だから,10,年数を経ても特に変わらないと思うので,60～69歳,女性
福井市,とてもそう思う,関東からのお客さんが増えました。福井駅でまず恐竜でテンション上がり、気はわんよく市内観光してもらってると思います。ソースカツ丼の本店は、いつも開店前、行列です。あちらこちらで、よい影響があると思います。,ややそう思う,福井が元気になっていると感じられる、福井のよさを知ってもらえている、と、私が思っていることが、いいことかなと思います。,ややそう思う,観光で街が賑わうのはいいことなのでしょうが、物価が高くなった、ゴミが何となく増えた、イベントが観光客向け、など、地元住民が和める場が減った気がします。,とてもそう思う,福井に来ようと思ってくださっただけでも、ウェルカム！??です。,そう思う,何と言っても、自然豊かで人情味あふれる福井は、素晴らしいところなので、知って欲しいです。,評価している,大々的でない、ちょっとした、イベントがそこここで行われています。お得なお買い物や訪問先でのお得なプレゼントなどもあるようですね。,どちらかと言えば好ましい,たくさん来ていただきたいですが、静かに暮らしたい気持ちもあります。,"観光客の消費によって飲食業や宿泊業が潤う, まちに賑わいが生まれる, 波及効果により他の地場産業が活気づく, 地域の知名度が上がる, 観光客との交流が生まれる, 歴史文化資源の保存活用につながる, 移住・定住のきっかけとなる, ガイドなど市民参加の場が広がる",福井は何もかもが、今からの県だと思います。,"騒音やごみの増加, 交通渋滞や路上駐車などの交通環境の悪化, 歴史文化資源の破壊, 自然破壊, 治安の悪化",今までなかったこと、ほとんど全てが起こり得るともいます。,"観光スポットを結ぶ交通機関, 観光スポットの案内板や標識（多言語表示）, トイレ・休憩所等の整備及びユニバーサル化, 障害者や高齢者への配慮（バリアフリー）, 宿泊施設、土産物屋, 観光案内所、観光ガイド, 駐車場, 体験施設",5,5,いろいろな県に旅行に行きますが、美味しいものが多くて、親切な人が多くて、自然豊かで、やはり福井の方がいいと思うことがよくあります。,9,10点にしたいのですが、積雪をはじめとした、自然災害で少し心配があります。,9,どちらかというと、保守的で、守りの気質がある県だともいます。5年では大きく変わることはないかなと思います。,60～69歳,女性
あわら市,あまりそうは思わない,新幹線で来る観光客が増えたとは思わない。旅館の駐車場には県外ナンバーが並んでる。,全くそうは思わない,大阪までサンダーバード1本で行けたのが乗り換え必要になって更に高くなった為、大阪に行く回数が激減した。,ややそう思う,県外ナンバーの車が増えることにより道が混んだり、知らない道を運転するからだと思うが、かなり遅かったり、変な運転したり、ストレスに感じることがある。,そうは思わない,"福井は田舎で都会ではないので観光に来るところではないと思うし、無理に都会の真似をしても使った税金を回収できるほどの観光客は来ないと思う。中途半端に来てもらっても、県議会や市議会が勘違いしそうだからやめてほしい。
田舎は田舎なりの良さを追求してほしい。",全くそうは思わない,あり続けるべきだ。とあるが、今現在違うのに、今が目的地、旅先になっているかのような書き方をしていることに違和感がある。,まったく評価していない,子供ばかりを気にしているようだが、お金を出すのは大人です。大人中心の振興をしてほしい。,どちらともいえない,旅館等が潰れないほどは来て欲しいが、押し寄せて来てほしいとは思わない。,観光客の消費によって飲食業や宿泊業が潤う,,"騒音やごみの増加, 交通渋滞や路上駐車などの交通環境の悪化, 歴史文化資源の破壊, 自然破壊",,その他,1,4,"住んでる地域に観光客が来てほしいとは思わない。荒らされるだけ。
住むのなら勧めることができる。",8,"サンダーバードが使えなくなってから小松空港を使うようになりました。
小松空港まで車で1時間程で行けるし、近隣は車で行けるし不便はない。
この車移動に不便が生じるようになるととても困る。
なので観光客はなるべく来ないでほしい。",4,5年後福井がどうなっているか分からないから答えられない。,40～49歳,女性
越前市,そう思う,,あまりそうは思わない,,ややそう思う,,そう思う,,ややそう思う,,どちらかといえば評価している,,どちらかと言えば好ましい,,"観光客の消費によって飲食業や宿泊業が潤う, 地域の知名度が上がる",,"騒音やごみの増加, 日常生活に影響が出るほどの不安",,"観光スポットを結ぶ交通機関, トイレ・休憩所等の整備及びユニバーサル化, 宿泊施設、土産物屋",3,3,,8,,9,,60～69歳,女性
越前町,ややそう思う,東京が近くなた,そう思う,仕事が増えた,そう思う,伝統工芸の職人さんたちが元気になるから,とてもそう思う,魅力がいっぱいあるのに知られていないので,そう思う,,どちらともいえない,,どちらかと言えば好ましい,,"観光客の消費によって飲食業や宿泊業が潤う, まちに賑わいが生まれる, 歴史文化資源の保存活用につながる",,特に心配はない,,"観光スポットを結ぶ交通機関, 観光スポットの案内板や標識（多言語表示）, 飲食施設, 宿泊施設、土産物屋",3,4,,8,,8,,60～69歳,女性
福井市,とてもそう思う,,あまりそうは思わない,,あまりそうは思わない,,ややそう思う,,ややそう思う,,どちらともいえない,,どちらかと言えば好ましい,,"観光客の消費によって飲食業や宿泊業が潤う, まちに賑わいが生まれる, 波及効果により他の地場産業が活気づく",,"騒音やごみの増加, 交通渋滞や路上駐車などの交通環境の悪化",,"観光スポットを結ぶ交通機関, トイレ・休憩所等の整備及びユニバーサル化, 観光マップやパンフレット, 観光案内所、観光ガイド, 駐車場, 体験施設",3,3,,6,,6,,50～59歳,女性
越前市,ややそう思う,,そうは思わない,関西、中京方面への移動が不便になった,ややそう思う,,とてもそう思う,,ややそう思う,,どちらともいえない,,好ましい,,"観光客の消費によって飲食業や宿泊業が潤う, 波及効果により他の地場産業が活気づく",,交通渋滞や路上駐車などの交通環境の悪化,,観光スポットを結ぶ交通機関,1,3,,8,,8,,60～69歳,女性
越前市,あまりそうは思わない,,あまりそうは思わない,,そうは思わない,,ややそう思う,,ややそう思う,,どちらかといえば評価している,,好ましい,,"観光客の消費によって飲食業や宿泊業が潤う, まちに賑わいが生まれる, 地域の知名度が上がる, 観光客との交流が生まれる",,"騒音やごみの増加, 交通渋滞や路上駐車などの交通環境の悪化",,"飲食施設, 宿泊施設、土産物屋",1,1,,2,,2,,40～49歳,女性
坂井市,ややそう思う,駅はないから。,そうは思わない,利用することがないので。,とてもそう思う,都心等からも、かかる時間が短くなったから。,とてもそう思う,新幹線開通で、初めて福井県に来る人もいるから。,そう思う,目的地として、考えてくれる事で、多くの人に来てもらえる。,どちらともいえない,活動内容がわからない。,とても好ましい,地元が経済的に潤うから。,"観光客の消費によって飲食業や宿泊業が潤う, まちに賑わいが生まれる, 波及効果により他の地場産業が活気づく, 歴史文化資源の保存活用につながる, 移住・定住のきっかけとなる",,特に心配はない,,"飲食施設, 宿泊施設、土産物屋, 駐車場, その他",1,4,歴史的建造物があるので。,10,人にも、土地にも、愛着があるから。,8,人も自然も大好きだから。,60～69歳,男性
坂井市,あまりそうは思わない,,全くそうは思わない,関西方面は、乗り換えが増えて大変不便,ややそう思う,,ややそう思う,,ややそう思う,,どちらかといえば評価している,,どちらかと言えば好ましい,,"観光客の消費によって飲食業や宿泊業が潤う, まちに賑わいが生まれる, 波及効果により他の地場産業が活気づく, 地域の知名度が上がる, 観光客との交流が生まれる, 歴史文化資源の保存活用につながる",,"騒音やごみの増加, 交通渋滞や路上駐車などの交通環境の悪化, 歴史文化資源の破壊, 自然破壊, 治安の悪化",,"観光スポットを結ぶ交通機関, 観光スポットの案内板や標識（多言語表示）, トイレ・休憩所等の整備及びユニバーサル化, 観光イベント, 障害者や高齢者への配慮（バリアフリー）, 観光マップやパンフレット, 飲食施設, 宿泊施設、土産物屋, 観光案内所、観光ガイド, 駐車場, 体験施設",3,3,,6,,6,,50～59歳,女性
福井市,あまりそうは思わない,,そう思う,,あまりそうは思わない,,とてもそう思う,,とてもそう思う,,どちらかといえば評価している,,とても好ましい,,"地域の知名度が上がる, 歴史文化資源の保存活用につながる",,特に心配はない,,観光スポットを結ぶ交通機関,5,5,,9,,9,,50～59歳,女性
福井市,とてもそう思う,東京が近くなったと感じる！,とてもそう思う,ちょくちょく埼玉の実母の見舞いに行ける,そう思う,県の観光収入が増える,ややそう思う,そんなに来てくれなくても、ほどほどで良い。,ややそう思う,目的地ではなくても立ち寄りポイントでも良い,どちらかといえば評価している,具体的な活動をあまり知らない。恐竜に頼りすぎ。,どちらかと言えば好ましい,京都や鎌倉にオーバーツーリズムの末路を見るから,"観光客の消費によって飲食業や宿泊業が潤う, 波及効果により他の地場産業が活気づく, 歴史文化資源の保存活用につながる",,"騒音やごみの増加, 交通渋滞や路上駐車などの交通環境の悪化, 歴史文化資源の破壊, 自然破壊, 治安の悪化",,"観光スポットを結ぶ交通機関, 観光イベント, 駐車場",3,3,,7,,7,夏が暑すぎる,50～59歳,女性
越前市,ややそう思う,東京へのアクセスが便利になった,あまりそうは思わない,目に見えた影響がない,あまりそうは思わない,,そう思う,,ややそう思う,,どちらかと言えば評価していない,費用対効果が目に見えて発表されてない,どちらともいえない,宿泊数が伸びてないのでは！？,ガイドなど市民参加の場が広がる,,"歴史文化資源の破壊, 自然破壊",,"観光スポットの案内板や標識（多言語表示）, 障害者や高齢者への配慮（バリアフリー）",3,4,,8,,7,観光ばかりで、生活者を後回しにされる恐れ,60～69歳,男性
福井市,とてもそう思う,観光客が多い,あまりそうは思わない,関東に行くのは良くなったが、関西に行くのは不便になった。,そう思う,観光客が多いので経済効果が大きい。,そう思う,またきていただきたい。,そう思う,福井県が活性化するから,どちらかといえば評価している,福井のPRをがんばっていると思う,好ましい,にぎやかになる,"まちに賑わいが生まれる, 波及効果により他の地場産業が活気づく",,交通渋滞や路上駐車などの交通環境の悪化,,"観光スポットの案内板や標識（多言語表示）, 観光イベント, 観光マップやパンフレット, 飲食施設, 宿泊施設、土産物屋, 観光案内所、観光ガイド",3,2,福井市は県庁所在地でありながら、知名度の高い観光地がない。,8,困り感がない。,8,,50～59歳,女性
福井市,とてもそう思う,"県外からの友人、知人、観光客が短時間で移動可能になった
",とてもそう思う,県外への移動が短時間で可能になった,そう思う,福井にたくさん県外の情報、人脈が増える,そう思う,福井の住みやすやを知る事ができる,そう思う,"福井は美味しい海産物、夏は海水浴
山には美味しい山菜、冬にはウインタースポーツ",どちらかといえば評価している,"海にも山にも同じくらいの時間で行ける
交通も比較的便利",好ましい,,"観光客の消費によって飲食業や宿泊業が潤う, まちに賑わいが生まれる, 波及効果により他の地場産業が活気づく, 地域の知名度が上がる, 観光客との交流が生まれる, 移住・定住のきっかけとなる",,"騒音やごみの増加, 治安の悪化",,"観光スポットを結ぶ交通機関, 観光イベント, 体験施設",3,3,,7,,7,,40～49歳,男性
福井市,あまりそうは思わない,福井のいいところ、あまり知られたくないっていう気持ちがどこかにあって、あまりバレたくないなと思う。,そうは思わない,関西行きにくくなった。本当に。サンダバード、しらさぎを福井まで伸ばして欲しい。いつ北陸新幹線が大阪まで繋がるかわかんないし。多分生きてるうちはむりだから。,あまりそうは思わない,先のとおり,ややそう思う,来るもの拒まず,あまりそうは思わない,,どちらともいえない,,どちらかと言えば好ましくない,先のとおり。　今の生活を壊したくない。あんまり来なくていい。京都や金沢みたいな生活に支障が出るのは嫌,観光客の消費によって飲食業や宿泊業が潤う,,"騒音やごみの増加, 交通渋滞や路上駐車などの交通環境の悪化, 歴史文化資源の破壊, 自然破壊, 治安の悪化, 日常生活に影響が出るほどの不安",,体験施設,3,3,今のままでいい。好きな人は多分また来る。,5,,5,,40～49歳,女性
敦賀市,あまりそうは思わない,,あまりそうは思わない,,あまりそうは思わない,,ややそう思う,,あまりそうは思わない,,どちらともいえない,,どちらかと言えば好ましくない,,歴史文化資源の保存活用につながる,,"騒音やごみの増加, 交通渋滞や路上駐車などの交通環境の悪化, 歴史文化資源の破壊, 自然破壊, 治安の悪化",,"観光スポットを結ぶ交通機関, 観光イベント, 観光マップやパンフレット, 飲食施設, 宿泊施設、土産物屋, 観光案内所、観光ガイド, 駐車場",3,3,,6,,6,,60～69歳,男性
鯖江市,全くそうは思わない,鯖江市に新幹線は停まらず、今まではサンダーバードで米原や名古屋、金沢に直結していたのに、乗換が必須となり、非常に不便になったため。,全くそうは思わない,京都や名古屋方面に、特急で出かける機会が多かったのが、敦賀での乗換を強制させるようになり、非常に不便になったため。,そうは思わない,県自体の事だけ考えると、人口減で産業での振興もさほど見込めないため、県外や海外からの売上を期待しないとやっていけないため、嫌でも観光に期待せざるをえない。,そう思う,福井には食や自然などいい所も多いので、県外の方にも良さを知ってほしい。,そう思う,問5と同じ理由による。,どちらかと言えば評価していない,イベントが中途半端。手前みそな企画ばかりでは外部からは誘致できない。,好ましい,県外からの外資を得る機会となるため。,"観光客の消費によって飲食業や宿泊業が潤う, まちに賑わいが生まれる, 波及効果により他の地場産業が活気づく, 地域の知名度が上がる, 移住・定住のきっかけとなる",,"騒音やごみの増加, 交通渋滞や路上駐車などの交通環境の悪化, 自然破壊, 治安の悪化",,"観光スポットを結ぶ交通機関, トイレ・休憩所等の整備及びユニバーサル化, 観光イベント, 飲食施設, 宿泊施設、土産物屋, 観光案内所、観光ガイド, 駐車場",4,2,特に観光する場所がない。,3,不幸せというほどではないが、文化的な体験がしづらかったり、子どもの進路が制限されるなど、我慢する機会が非常に多いため。,3,あと5年で何かが大きく変わるとは思えないため。,40～49歳,女性
坂井市,ややそう思う,有名な観光地があるから,あまりそうは思わない,関西へ行く場合の乗り換えが不便,ややそう思う,恐竜関係が賑わう,そう思う,賑わった方がいい,そう思う,交通手段が活発になるから,どちらかといえば評価している,恐竜に力を入れている,どちらかと言えば好ましい,町が活性化する,まちに賑わいが生まれる,イベントが増える,交通渋滞や路上駐車などの交通環境の悪化,交通渋滞は免れない,"観光スポットを結ぶ交通機関, 観光イベント, 体験施設",3,3,他の地区には無いものがある,4,遊ぶ所が少ない,4,車移動が必須だから、高齢者は不安,60～69歳,女性
越前市,ややそう思う,,あまりそうは思わない,,あまりそうは思わない,,ややそう思う,,そう思う,,どちらともいえない,,どちらともいえない,,"観光客の消費によって飲食業や宿泊業が潤う, まちに賑わいが生まれる, 波及効果により他の地場産業が活気づく, 地域の知名度が上がる, 観光客との交流が生まれる",,"交通渋滞や路上駐車などの交通環境の悪化, 治安の悪化",,"観光スポットを結ぶ交通機関, トイレ・休憩所等の整備及びユニバーサル化, 観光イベント, 飲食施設, 駐車場",3,4,,7,,7,,30～39歳,男性
高浜町,そうは思わない,最西端高浜町には波及効果なし。,あまりそうは思わない,,そうは思わない,,とてもそう思う,,そう思う,,どちらかと言えば評価していない,"若狭高浜観光協会は、高浜町の下請け機関に成り下がって、補助金ありきの運営になっていて、高浜町民も観光客にもいい影響はない。
高浜町は、ミニ花火大会事故の対応は観光協会に丸投げに等しく、観光協会が可哀想な面もあります。",どちらかと言えば好ましい,,"観光客の消費によって飲食業や宿泊業が潤う, まちに賑わいが生まれる, 波及効果により他の地場産業が活気づく, 地域の知名度が上がる, 歴史文化資源の保存活用につながる",,"交通渋滞や路上駐車などの交通環境の悪化, 自然破壊, 治安の悪化",,"観光スポットを結ぶ交通機関, 観光イベント, 駐車場",3,2,,6,,5,,30～39歳,男性
福井市,ややそう思う,関東からの観光客が増えたから,そうは思わない,大阪、名古屋への乗り換えで不便になった,ややそう思う,知名度が上がり徐々に福井県が知られるようになった,とてもそう思う,,とてもそう思う,他県にない魅力が観光によって分かってもらえて、おもてなしにより街に活気と潤いがもたらされるから,どちらかといえば評価している,,どちらかと言えば好ましい,,"観光客の消費によって飲食業や宿泊業が潤う, まちに賑わいが生まれる, 波及効果により他の地場産業が活気づく, 地域の知名度が上がる, 観光客との交流が生まれる, 歴史文化資源の保存活用につながる, 移住・定住のきっかけとなる, ガイドなど市民参加の場が広がる",,"騒音やごみの増加, 交通渋滞や路上駐車などの交通環境の悪化, 自然破壊, 治安の悪化",,"観光スポットを結ぶ交通機関, 観光スポットの案内板や標識（多言語表示）, トイレ・休憩所等の整備及びユニバーサル化, 観光イベント, 障害者や高齢者への配慮（バリアフリー）, 観光マップやパンフレット, 飲食施設, 宿泊施設、土産物屋, 観光案内所、観光ガイド, 駐車場, 体験施設",1,3,,5,,5,,50～59歳,男性
福井市,とてもそう思う,観光客が増える、活気が出る,とてもそう思う,新しいお店などができるとワクワクするし行きたい,とてもそう思う,福井の良さに気づいてもらえる,とてもそう思う,福井いいよと思ってもらえたら嬉しい,そう思う,食べ物美味しくて、見どころもあり、知事かっこいいので,評価している,知事がすごく貢献している！,好ましい,活気が出る,"観光客の消費によって飲食業や宿泊業が潤う, まちに賑わいが生まれる, 波及効果により他の地場産業が活気づく, 地域の知名度が上がる, 移住・定住のきっかけとなる, ガイドなど市民参加の場が広がる",,治安の悪化,,"観光スポットを結ぶ交通機関, 飲食施設",4,4,食べ物が美味しい、これが一番,7,交通が不便,7,,40～49歳,女性
越前市,とてもそう思う,観光客が増え、県外に行くと、福井県の事を知ってくれている方が増えたように思うから,とてもそう思う,新幹線を使って、会いに来てくれるから,とてもそう思う,多くの方に福井県の良さを知っていただけるから,とてもそう思う,福井の良さを知ってもらいたいから,とてもそう思う,活性化のために,とても評価している,よく他県で見るようになったから,とても好ましい,地域活性化するから,"観光客の消費によって飲食業や宿泊業が潤う, まちに賑わいが生まれる, 波及効果により他の地場産業が活気づく, 地域の知名度が上がる, 観光客との交流が生まれる, 歴史文化資源の保存活用につながる, 移住・定住のきっかけとなる",活性化するから,騒音やごみの増加,,観光スポットを結ぶ交通機関,5,5,美味しい食べ物を紹介したい,10,便利になったから,10,,50～59歳,女性
福井市,ややそう思う,,ややそう思う,,ややそう思う,,そう思う,,ややそう思う,,どちらかといえば評価している,,どちらかと言えば好ましい,,"観光客の消費によって飲食業や宿泊業が潤う, まちに賑わいが生まれる, 地域の知名度が上がる",,"交通渋滞や路上駐車などの交通環境の悪化, 自然破壊, 治安の悪化",,"観光スポットを結ぶ交通機関, 観光イベント, 障害者や高齢者への配慮（バリアフリー）, 宿泊施設、土産物屋, 体験施設",4,3,,4,,5,,40～49歳,男性
福井市,ややそう思う,,あまりそうは思わない,関西方面へのアクセスが悪い,そう思う,,そう思う,マナーの悪い日本人外国人はあまり来てほしくない,そう思う,,どちらともいえない,あまり観光のアピールなどがうまくないし福井は閉鎖的だと思う。私も他県から来たが、とても交わりづらかった。,どちらかと言えば好ましい,車のマナーが悪いのが嫌,"観光客の消費によって飲食業や宿泊業が潤う, 地域の知名度が上がる",,"騒音やごみの増加, 交通渋滞や路上駐車などの交通環境の悪化, 歴史文化資源の破壊, 自然破壊, 治安の悪化",,"観光スポットを結ぶ交通機関, トイレ・休憩所等の整備及びユニバーサル化, 飲食施設, 宿泊施設、土産物屋, 駐車場",3,3,,7,,7,,40～49歳,女性
あわら市,とてもそう思う,観光客がふえた,とてもそう思う,"都会に近くなった
気軽にいける",とてもそう思う,駅が綺麗になった,とてもそう思う,盛り上がってほしい,とてもそう思う,認知度をあげたい,どちらともいえない,まだまだ人が少ないから,どちらかと言えば好ましい,うるおう,地域の知名度が上がる,,特に心配はない,,"観光スポットを結ぶ交通機関, 飲食施設",5,5,,10,,10,,50～59歳,女性
鯖江市,あまりそうは思わない,鯖江のPRが、眼鏡ぐらいに感じる。,ややそう思う,近くなって、出かけやすい。,そう思う,観光で、活気が出ていい。,そう思う,"にぎやかになる。
",そう思う,福井さくらマラソンも、それだと思う。,評価している,道の駅でも、結構取り組まれてる。,好ましい,"にぎやかになって、収益も上がり、活気付く。
","観光客の消費によって飲食業や宿泊業が潤う, まちに賑わいが生まれる, 波及効果により他の地場産業が活気づく, 地域の知名度が上がる, 観光客との交流が生まれる, 歴史文化資源の保存活用につながる",移住、定住までは少数に感じる。,特に心配はない,ゴミの増加は、個人の倫理だと思う。,"観光スポットの案内板や標識（多言語表示）, 観光マップやパンフレット, 観光案内所、観光ガイド, 駐車場",4,4,そんなに特別な観光地がないかな。,7,ちょうどいいのかも。,7,今も、5年後も、変わらないかな。,60～69歳,女性
永平寺町,あまりそうは思わない,知り得る情報の中で判断のため,あまりそうは思わない,実際に良い影響がないため,とてもそう思う,東京から乗り換え無しで来れるため,あまりそうは思わない,県民全員に対するメリットが感じられないため,ややそう思う,他県が積極的にやる以上、福井県としてもやって生き残るため,評価している,今出来る施策を行っていると思うため,好ましい,当県にお金が落ちるため,観光客の消費によって飲食業や宿泊業が潤う,まずは観光消費額がないと意味がないため,騒音やごみの増加,ゴミ箱の設置が少なくゴミの投棄が心配されるため,"観光スポットを結ぶ交通機関, トイレ・休憩所等の整備及びユニバーサル化",3,2,住んでいて当たり前のことのため,7,不幸と感じることはないが、とても幸福ともいえないため,5,歳を重ねるごとに幸福感ご薄れてくると思うため,60～69歳,男性
福井市,ややそう思う,外国人の観光客がわずかに増えたような気がする。,全くそうは思わない,自分の生活圏には特に関わることが無いから。,ややそう思う,福井県以外の人が県内でお金を使ってくれた方が良いと思うから。,ややそう思う,いろんなお店が活気が出るのは良いと思うから。,ややそう思う,意外と知られていない福井の穴場スポットがあると思うから。,どちらかと言えば評価していない,具体的に何をしているか知らない。,どちらかと言えば好ましい,福井県の収入が増えるのは良いと思うから。,"観光客の消費によって飲食業や宿泊業が潤う, 波及効果により他の地場産業が活気づく, 地域の知名度が上がる, 移住・定住のきっかけとなる",,"騒音やごみの増加, 交通渋滞や路上駐車などの交通環境の悪化, 歴史文化資源の破壊, 自然破壊, 治安の悪化",,"観光スポットを結ぶ交通機関, 観光イベント, 飲食施設, 宿泊施設、土産物屋",3,3,今のところここが良いと勧めるところが無いから。,7,自分の個人的な趣味を満喫するにはちょうど良い場所だから。,7,問14と同じ理由,50～59歳,女性
勝山市,あまりそうは思わない,車が主体だと思うから,そうは思わない,それに関わる生活をしていないから,そうは思わない,知名度が低いのでまずは知ってもらうことから,そう思う,,ややそう思う,魅力的なスポットが少ないから、近隣県のついでに寄るイメージが強い,まったく評価していない,？,どちらともいえない,,その他,,その他,,その他,4,3,,6,,3,()正しい日本語の問答にしてください,50～59歳,女性
敦賀市,ややそう思う,敦賀に降りても、何もない。商店街もシャッター街、せっかく来てくれたのに、途方にくれてる人が多い。,そうは思わない,,そうは思わない,,ややそう思う,,そう思う,これからも？？,どちらかと言えば評価していない,福井は頑張っているが、敦賀はお土産やと、道を整備しただけ,どちらかと言えば好ましい,,波及効果により他の地場産業が活気づく,,特に心配はない,,"観光スポットを結ぶ交通機関, 観光スポットの案内板や標識（多言語表示）, トイレ・休憩所等の整備及びユニバーサル化, 観光イベント, 飲食施設, 体験施設, その他",1,1,,6,自然に囲まれて、落ち着いて暮らせる,6,,60～69歳,女性
勝山市,全くそうは思わない,関西や名古屋に料金が高くなり、乗り換えで不便になった,全くそうは思わない,福井駅止まりか、敦賀駅での乗り換えなしなら、良い影響になったと思います。,ややそう思う,観光産業の経済効果は福井県全体からは小さく、県や市町の費用負担は大きい。,とてもそう思う,観光の地域経済効果が小さくても、観光で来られる方々は歓迎します!,全くそうは思わない,公的負担をしなくても観光客が増える方法を考えて欲しい。,どちらかと言えば評価していない,越前大仏、スキージャム、恐竜で、観光客は増えたけど、市民負担も増えた。,どちらかと言えば好ましい,観光産業が地域経済の柱になるのか?費用対効果を考える必要がある。民間の経済循環が成り立つなら全く問題はありませんけど…,"観光客の消費によって飲食業や宿泊業が潤う, まちに賑わいが生まれる, 波及効果により他の地場産業が活気づく, 地域の知名度が上がる, 観光客との交流が生まれる, 歴史文化資源の保存活用につながる, 移住・定住のきっかけとなる, ガイドなど市民参加の場が広がる, 特に効果は期待できない, その他",効果はある、だけど課題が大きい。、,"騒音やごみの増加, 交通渋滞や路上駐車などの交通環境の悪化, 歴史文化資源の破壊, 自然破壊, 治安の悪化, 日常生活に影響が出るほどの不安, その他",その他で、1:公的負担は住民負担になる。2:ホテル倒産などで自治体負担の危険がある。,"観光スポットを結ぶ交通機関, 観光スポットの案内板や標識（多言語表示）, トイレ・休憩所等の整備及びユニバーサル化, 観光イベント, 障害者や高齢者への配慮（バリアフリー）, 観光マップやパンフレット, 飲食施設, 宿泊施設、土産物屋, 観光案内所、観光ガイド, 駐車場, 体験施設",5,5,観光の効果はある。だけど…,10,生活費が確保できれば、とても良いところです!,10,何かに依存(期待)しないなら、良いところです!自然も文化も素晴らしい。不足があれば訪問で充足できる。,60～69歳,男性
越前市,ややそう思う,東京から乗り換えなしでこれるから。,ややそう思う,東京が近く感じる。,そう思う,,そう思う,,あまりそうは思わない,,どちらかといえば評価している,,どちらともいえない,,観光客の消費によって飲食業や宿泊業が潤う,,特に心配はない,,"観光スポットを結ぶ交通機関, 観光スポットの案内板や標識（多言語表示）",5,3,,10,食べ物が美味しい。,10,,60～69歳,男性
越前市,ややそう思う,とりあえず村田製作所が出来たから,ややそう思う,多少は仕事が増えると思う,ややそう思う,福井駅前を見てても、活気が出てきたと思う。ちょっと楽しみ。バニラのトラックは心配だが,とてもそう思う,そりゃ来て欲しいよ,ややそう思う,あまり開発すると他県の人の福井イメージを損なうから、ほどほどでよいかと。,どちらかといえば評価している,福井駅前が賑やかになった以外は、取り組みなんて特に知らない。,どちらかと言えば好ましい,宿泊客が居てこそ色々金を落とすと思う。お土産が必要,"観光客の消費によって飲食業や宿泊業が潤う, まちに賑わいが生まれる, 波及効果により他の地場産業が活気づく, 移住・定住のきっかけとなる",,治安の悪化,福井の情報が増えれば、悪党も来ると思う。,"観光スポットを結ぶ交通機関, 観光案内所、観光ガイド",1,3,特に悪いところはないかな,7,車に乗れさえすれば、色々便利だから,3,母親の介護などで、苦しくなるだろう,50～59歳,男性
坂井市,ややそう思う,関東方面から来たという声を聞くようになったから。,ややそう思う,東京に行くのが楽になった。,そう思う,観光消費額が上がれば地域経済が潤っていくはず。そこにたどり着くための政策を強化してほしい。,とてもそう思う,来てもらったなら、福井が好きになって何度でも行こうと思ってほしいから。,ややそう思う,,どちらかといえば評価している,一箇所だけの観光ではなく、滞在時間を伸ばし、県内で何ヶ所も周ってくれる観光。リピーターを増やし、いくつもの場所を訪れてほしい。,どちらかと言えば好ましい,増加すれば、恐竜博物館、永平寺、東尋坊以外にも人が訪れるようになるから。,波及効果により他の地場産業が活気づく,,"騒音やごみの増加, 自然破壊, 治安の悪化",,"観光スポットを結ぶ交通機関, その他",5,5,自分の住んでいるところに誇りを持っているから,10,"食事は美味しいし、人もいい。
若い頃は都会にしかないものを求めたが、今は不便なことがちょうどいいし、近所の人たちとのゆっくりした会話と流れる時間もいいのではないかと感じているから。",10,幸せを感じられるために努力するから。,40～49歳,女性
越前市,ややそう思う,,ややそう思う,上京する際は便利かもしれないが、交通費が高いので北陸新幹線は使わない。金沢にも各駅停車で行く。むしろ関西へ行くのがとても不便で不満に思っている。,あまりそうは思わない,問3に記入した回答と同じ。,そう思う,越前市への観光客が爆発的に増えると思えないし、ほとんど影響がないが、越前市が観光への影響を考慮して、公共交通をもっと整備してくれればありがたい。,あまりそうは思わない,公共交通の便が悪すぎて、爆発的に観光客が増えるとは思えない。,どちらかと言えば評価していない,越前たけふ駅は陸の孤島のままであり、公共交通輸送は不便なままである。,どちらともいえない,京都の悲惨な状況を目の当たりにすると、とても「好ましい」とはいえない。,"観光客の消費によって飲食業や宿泊業が潤う, ガイドなど市民参加の場が広がる",,"騒音やごみの増加, 日常生活に影響が出るほどの不安",,"観光スポットを結ぶ交通機関, 観光マップやパンフレット",1,2,自分が越前市の観光スポットを全部知っているわけではない。,7,,7,家族と住んでいる。これまで東京や大阪に住んだが、人が少なくてよい。…が公共交通の便が悪すぎる。,60～69歳,女性
越前市,ややそう思う,,ややそう思う,,ややそう思う,観光地に人が多くなるのが懸念しています,ややそう思う,節度をわきまえた方々なら歓迎です,ややそう思う,人で混雑しない程度に来ていただけるとうれしいです,どちらかといえば評価している,,どちらかと言えば好ましくない,人で混雑することさえなければ,"観光客の消費によって飲食業や宿泊業が潤う, 観光客との交流が生まれる",,"騒音やごみの増加, 交通渋滞や路上駐車などの交通環境の悪化, 治安の悪化",,"トイレ・休憩所等の整備及びユニバーサル化, 駐車場",4,4,,8,,8,,40～49歳,男性
福井市,ややそう思う,交通の便が良くなった,あまりそうは思わない,,そう思う,福井に来やすくなったから,そう思う,,とてもそう思う,見どころがあるから,どちらかといえば評価している,もっと宿泊施設や娯楽施設を増やすとよい,好ましい,,"観光客の消費によって飲食業や宿泊業が潤う, 波及効果により他の地場産業が活気づく, 地域の知名度が上がる",,"騒音やごみの増加, 交通渋滞や路上駐車などの交通環境の悪化, 治安の悪化",,"観光スポットを結ぶ交通機関, 観光マップやパンフレット, 飲食施設, 宿泊施設、土産物屋",3,3,,7,自然豊かでのんびりしている,6,若者が流出しているから,50～59歳,女性
小浜市,あまりそうは思わない,敦賀から嶺南地域への交通手段が少ない。,ややそう思う,東京方面へ乗り換えなしで行けるから。,ややそう思う,,そう思う,県内のことを知って欲しいから。,そう思う,,どちらかといえば評価している,,好ましい,,"観光客の消費によって飲食業や宿泊業が潤う, まちに賑わいが生まれる",,"交通渋滞や路上駐車などの交通環境の悪化, 治安の悪化",,"観光スポットを結ぶ交通機関, 観光イベント, 宿泊施設、土産物屋, 駐車場",3,2,,3,,4,,30～39歳,男性
鯖江市,あまりそうは思わない,鯖江に停車しないし、目立った観光地がないから,ややそう思う,,全くそうは思わない,悪い噂は聞かないから,とてもそう思う,,とてもそう思う,,どちらともいえない,,とても好ましい,,"観光客の消費によって飲食業や宿泊業が潤う, まちに賑わいが生まれる, 歴史文化資源の保存活用につながる",,騒音やごみの増加,,"観光スポットを結ぶ交通機関, トイレ・休憩所等の整備及びユニバーサル化, 観光マップやパンフレット, 飲食施設, 宿泊施設、土産物屋",3,4,,10,,10,,20～29歳,女性
福井市,とてもそう思う,観光客が多く 街に活気がある,ややそう思う,東京がとても近くなった,とてもそう思う,観光客が増えて観光産業が盛り上がり おろんなところに出資が多くなるとおもう,とてもそう思う,私も福井人代表として恥ずかしくない行いをしたいと思っている。,とてもそう思う,やはり一過性のものではダメだと思う,どちらともいえない,よくわからない,とても好ましい,福井にお金が落ちる事はいい事 そして福井の魅力が全国に広がるのはとてもいいこと,"観光客の消費によって飲食業や宿泊業が潤う, まちに賑わいが生まれる, 波及効果により他の地場産業が活気づく, 地域の知名度が上がる",,特に心配はない,,"観光スポットを結ぶ交通機関, トイレ・休憩所等の整備及びユニバーサル化, 観光イベント",5,5,自然も近く 海も山も 食べ物も美味しい そして人があったかい,10,子育てには最高だと思う,10,県民一人一人の気持ちの持ち方でよい方向に変わっていくと思う,50～59歳,男性
永平寺町,とてもそう思う,永平寺への観光客が増える,あまりそうは思わない,新幹線を利用しないから,そう思う,活気づく,そう思う,福井はいいところだから,そう思う,福井は良いところだから,どちらかといえば評価している,取り組みを理解していない,どちらかと言えば好ましい,町が活気づくから,まちに賑わいが生まれる,活気づくから,交通渋滞や路上駐車などの交通環境の悪化,中部循環道路が混む,"観光スポットの案内板や標識（多言語表示）, トイレ・休憩所等の整備及びユニバーサル化",4,4,良いところだから,9,今幸せだから,9,福井から出ないから,50～59歳,女性
福井市,そう思う,県外からの来訪者が増えている,あまりそうは思わない,関西方面への行き来は不便になった,ややそう思う,,ややそう思う,,ややそう思う,,どちらかと言えば評価していない,,どちらかと言えば好ましい,,"まちに賑わいが生まれる, 波及効果により他の地場産業が活気づく, 地域の知名度が上がる",,"交通渋滞や路上駐車などの交通環境の悪化, 歴史文化資源の破壊",,"観光スポットを結ぶ交通機関, 観光イベント",3,3,,4,,4,,50～59歳,男性
鯖江市,そうは思わない,駅がないから,ややそう思う,移動,ややそう思う,,とてもそう思う,,あまりそうは思わない,,どちらかと言えば評価していない,,どちらともいえない,,移住・定住のきっかけとなる,,その他,,"観光スポットを結ぶ交通機関, 飲食施設, 宿泊施設、土産物屋, 駐車場",2,3,,6,,4,,40～49歳,男性
鯖江市,全くそうは思わない,公共交通機関で不便になったから,ややそう思う,東京まで乗り換えなしで行けるようになったから,そう思う,,そう思う,,そう思う,,評価している,,好ましい,,"観光客の消費によって飲食業や宿泊業が潤う, 波及効果により他の地場産業が活気づく, 移住・定住のきっかけとなる",,交通渋滞や路上駐車などの交通環境の悪化,,観光スポットを結ぶ交通機関,3,3,,6,,5,,50～59歳,男性
坂井市,とてもそう思う,丸岡城や三国の古い街並み(東尋坊だけではなくという意)にも、関東から観光客が来てくれているのが分かるから。,そう思う,いい影響のひとつに、県外からのお客さんと話せる機会が増え、福井をどう旅したり、どう感じるかを直に聞くことが出来るので、生活に張りが出て、気づきがある。,そう思う,いい影響＝いい観光客、悪い影響＝少なくとも被害を与える観光客を比べると、単純にいい観光客の方が母数が大きいと感じる。,とてもそう思う,最近は雑誌やテレビでも福井が取り上げられていることも多く、口コミなども含めて何かがキッカケでせっかく来てくれた(アクセスがそこまでいいとは言えない中)だけでも有難いから。,ややそう思う,福井に住む人も満足せずに、自分たちの住む街を新しい素敵な取り組みやお店を作りながら、他には変え難い街づくりをしていくべきだ。そのためには、県外からの目もとても重要で、かつ福井から県外や海外の小さないい町のいいところを知りながら還元することも大切。たくさん褒められ、意見をもらって成長できると考えるので、目的地としてあり続けながらも県民も刺激を受けないといけない。,評価している,,好ましい,閉じないで、あくまでもオープンにして福井の空気を作り続けることが大切と考える。,"観光客の消費によって飲食業や宿泊業が潤う, まちに賑わいが生まれる, 波及効果により他の地場産業が活気づく, 観光客との交流が生まれる, 歴史文化資源の保存活用につながる, 移住・定住のきっかけとなる",,"自然破壊, その他","盗難など。
福井では当たり前でも、県外の人にとっては緩いセキュリティのお店はいくらでもある。","観光スポットの案内板や標識（多言語表示）, トイレ・休憩所等の整備及びユニバーサル化, 障害者や高齢者への配慮（バリアフリー）, 観光マップやパンフレット, 体験施設",5,4,,8,職場の人が本当に優しい。,9,今20代で様々な経験を積んだり、世界を見た人たちがより街づくりに関わりそうな気がしているので。,40～49歳,女性
鯖江市,全くそうは思わない,サンダーバード・しらさぎが敦賀止まりになったので大変不便になり一番損している。,そうは思わない,関西方面に行くのに料金が高くなった,ややそう思う,関東方面はいいが関西方面はだめだ,そう思う,福井のいいところを見ていってほしい,ややそう思う,観光客が多く来ることで交通の便などが発展したらよい,どちらかと言えば評価していない,宣伝アピールが下手だ,好ましい,お金をたくさん落としていってくれるから良い,"観光客の消費によって飲食業や宿泊業が潤う, まちに賑わいが生まれる",,治安の悪化,,"観光スポットを結ぶ交通機関, 観光マップやパンフレット, 宿泊施設、土産物屋, 観光案内所、観光ガイド, 駐車場",3,3,,5,普通,5,大きな災害もないし住みやすいと思う,60～69歳,男性
福井市,ややそう思う,,ややそう思う,,ややそう思う,,そう思う,,そう思う,,どちらかといえば評価している,,好ましい,,"観光客の消費によって飲食業や宿泊業が潤う, まちに賑わいが生まれる",,特に心配はない,,"観光スポットを結ぶ交通機関, 観光イベント",4,3,,8,,8,,50～59歳,女性
越前市,とてもそう思う,東京へ行きやすくなった,とてもそう思う,新幹線の停車駅があるのは嬉しい,全くそうは思わない,福井の良さを知ってもらえるから,とてもそう思う,福井が活気ある街になって欲しいから,とてもそう思う,福井の良さを知ってもらいたいため,どちらかと言えば評価していない,車が必須の観光地になってしまっているが、レンタカーなどが充実していないため,とても好ましい,福井が活気ある街になるから,"観光客の消費によって飲食業や宿泊業が潤う, まちに賑わいが生まれる, 波及効果により他の地場産業が活気づく, 移住・定住のきっかけとなる",福井が発展することで、今住んでいる住民にとっても住みやすい街になると思うから,特に心配はない,,"観光スポットを結ぶ交通機関, 飲食施設, 宿泊施設、土産物屋, 体験施設",1,1,若者が惹かれるような観光スポットが全くないため,9,車があるため、不自由なく生活できているから,9,,20～29歳,男性
福井市,とてもそう思う,観光客の増加,ややそう思う,イベント時の集客増加,ややそう思う,,ややそう思う,,ややそう思う,,どちらかといえば評価している,,どちらかと言えば好ましい,,地域の知名度が上がる,,治安の悪化,,観光イベント,3,3,,5,,5,,40～49歳,男性
福井市,そうは思わない,不便になった,あまりそうは思わない,福井まで影響しない,ややそう思う,,ややそう思う,,ややそう思う,,どちらともいえない,,どちらかと言えば好ましい,,"観光客の消費によって飲食業や宿泊業が潤う, まちに賑わいが生まれる",,"騒音やごみの増加, 交通渋滞や路上駐車などの交通環境の悪化, 治安の悪化",,"観光スポットを結ぶ交通機関, トイレ・休憩所等の整備及びユニバーサル化, 宿泊施設、土産物屋, 駐車場",3,2,,7,,6,,50～59歳,女性
福井市,そう思う,新幹線が当たり前の地区の人が福井に来やすくなる,あまりそうは思わない,まだ中途半端な接続だと思う,そう思う,先ず人が来なければ経済が動かない,とてもそう思う,福井の認知度が低すぎるので、先ず来てほしい,そう思う,まだ旅の目的地にはなっていないと思う。通り道,どちらともいえない,頑張っているけれどまだ大きな成果が見えてこない。続けてほしい,好ましい,先ず人が来ないと潤わない。良さも分かってもらえない。,"観光客の消費によって飲食業や宿泊業が潤う, まちに賑わいが生まれる, 波及効果により他の地場産業が活気づく, 地域の知名度が上がる",人が動かないと経済は回らない。,"騒音やごみの増加, 交通渋滞や路上駐車などの交通環境の悪化, 治安の悪化",行儀の悪い人は必ずいる,"観光スポットを結ぶ交通機関, 駐車場, 体験施設",5,2,良いものはいっぱいあるが、受け入れる態勢が残念（東尋坊など）（交通）,8,食べ物が美味しい,8,,60～69歳,女性
越前市,あまりそうは思わない,,あまりそうは思わない,,そう思う,,ややそう思う,,そう思う,,どちらともいえない,,好ましい,,"観光客の消費によって飲食業や宿泊業が潤う, まちに賑わいが生まれる",,交通渋滞や路上駐車などの交通環境の悪化,,"観光スポットを結ぶ交通機関, 観光スポットの案内板や標識（多言語表示）, 観光イベント, 飲食施設, 宿泊施設、土産物屋",3,3,,8,,8,,50～59歳,女性
福井市,あまりそうは思わない,最寄りの地域には新幹線開業しても何の影響もなかったように思う,ややそう思う,福井駅周辺の活気がアップしたように思う,ややそう思う,観光客が増えたから,そう思う,せっかく福井県を選んできてくれた方たちだから,ややそう思う,,どちらかといえば評価している,,どちらかと言えば好ましい,,"観光客の消費によって飲食業や宿泊業が潤う, まちに賑わいが生まれる, 地域の知名度が上がる",,騒音やごみの増加,,"観光スポットを結ぶ交通機関, 観光スポットの案内板や標識（多言語表示）",3,3,,8,,5,,50～59歳,無回答
坂井市,ややそう思う,観光客が増えているから。,あまりそうは思わない,特に変わった事がないので。,ややそう思う,経済がよくなるから。,そう思う,福井の良いところを知ってほしいから。,そう思う,経済が潤うから。,どちらかといえば評価している,それなりに頑張ってられると思う。,どちらかと言えば好ましい,経済が潤うから。,"観光客の消費によって飲食業や宿泊業が潤う, まちに賑わいが生まれる, 波及効果により他の地場産業が活気づく, 地域の知名度が上がる, 観光客との交流が生まれる, 歴史文化資源の保存活用につながる, 移住・定住のきっかけとなる",,特に心配はない,,"観光スポットを結ぶ交通機関, 観光スポットの案内板や標識（多言語表示）, トイレ・休憩所等の整備及びユニバーサル化",3,4,,5,今のところですが、災害が少ない,5,変わらないように思う。,60～69歳,男性
福井市,とてもそう思う,観光にくるから経済的にお金の流通が増える,あまりそうは思わない,かわらない,ややそう思う,なんとなく,とてもそう思う,自然がいいから,そう思う,色々な人にしってもらうべき,どちらともいえない,よくわからない,どちらかと言えば好ましい,ゴミが増えたりマナーが悪い人が増えるとイメージが悪くなる,観光客の消費によって飲食業や宿泊業が潤う,活性化につながる,"騒音やごみの増加, 交通渋滞や路上駐車などの交通環境の悪化, 自然破壊, 日常生活に影響が出るほどの不安",いい人ばかりではない,"観光スポットを結ぶ交通機関, トイレ・休憩所等の整備及びユニバーサル化, 障害者や高齢者への配慮（バリアフリー）, 飲食施設, 宿泊施設、土産物屋",3,3,良い所、悪い所が半分、半分だから,5,半分半分,5,変わらず,50～59歳,女性
鯖江市,あまりそうは思わない,鯖江市に駅がないため。また、駅があっても、通過さらてしまうため。,そうは思わない,会社員のため。,そう思う,いろいろな情報、人の流れがあった方が、活気がわくため。,ややそう思う,出来ることはやりたい。,あまりそうは思わない,すでに産業の街で魅力的だから。,評価していない,よくわからないため。,どちらかと言えば好ましい,活気が湧く。サービスが向上するため？,"波及効果により他の地場産業が活気づく, 歴史文化資源の保存活用につながる",特になし。,"交通渋滞や路上駐車などの交通環境の悪化, 特に心配はない",特になし。,体験施設,4,2,福井県民自身が、もっと福井のことを知る必要があるため。,9,満足しているため。,9,特になし。,40～49歳,男性
鯖江市,あまりそうは思わない,,ややそう思う,子どもが帰ってくる時に時間短縮になっていると思う,ややそう思う,,そう思う,福井の良さを知ってもらいたい,そう思う,,どちらかといえば評価している,,どちらかと言えば好ましい,,"まちに賑わいが生まれる, 波及効果により他の地場産業が活気づく, 移住・定住のきっかけとなる",,"歴史文化資源の破壊, 自然破壊",,"観光スポットを結ぶ交通機関, 障害者や高齢者への配慮（バリアフリー）, 駐車場",3,3,,7,,6,交通便が不便な所に住んでいるので　車がないとどこにも行けないと感じてくると思う,60～69歳,女性
福井市,ややそう思う,,あまりそうは思わない,大阪に行きにくい,あまりそうは思わない,,ややそう思う,,ややそう思う,,どちらかといえば評価している,,どちらかと言えば好ましい,,"観光客の消費によって飲食業や宿泊業が潤う, まちに賑わいが生まれる, 波及効果により他の地場産業が活気づく",,"交通渋滞や路上駐車などの交通環境の悪化, 自然破壊",,観光スポットを結ぶ交通機関,2,4,食べ物が美味しい,9,,9,,50～59歳,女性
鯖江市,あまりそうは思わない,鯖江市には新幹線の駅がない、越前市も武生駅から新幹線駅は遠い。,あまりそうは思わない,高齢者なので出かけるのはマイカーになる。東京への移動も減りました。,そう思う,東京から乗り換えなしで来れるから観光客が増えると思う。,そう思う,知名度の低い県だから福井県の良さを知ってほしいです。,そう思う,金沢は観光資源が多くて福井県まで来てくれないので目的地になってほしい願望はあります。,どちらともいえない,勉強不足で取り組みを理解していないので意見を言えません。,とても好ましい,地産地消では地元が潤わないから観光客に消費マインドを委ねたいです。,"観光客の消費によって飲食業や宿泊業が潤う, 波及効果により他の地場産業が活気づく, 地域の知名度が上がる, 歴史文化資源の保存活用につながる",地場産業の活気を起こして頂くには観光客によるSNSを期待したいです。,特に心配はない,悪化するほど観光客が来ていないから心配していない。,"観光スポットを結ぶ交通機関, 観光スポットの案内板や標識（多言語表示）, トイレ・休憩所等の整備及びユニバーサル化, 飲食施設, 宿泊施設、土産物屋",4,4,越前市、鯖江市は伝統的物作りが盛んで誇れると思います。,8,雪害以外は災害が少ないから住みやすい。贅沢をしなけば生活には困らないし、仕事もあるように思う。,8,変化なく過ごせているだろうから8です。,70歳以上,男性
鯖江市,そうは思わない,鯖江駅周辺の砂漠化。,全くそうは思わない,不便、経済効果無し。一過性。,ややそう思う,道州制により県の消滅。,そう思う,原則は歓迎、悪影響は排除,とてもそう思う,県の存在意義,どちらともいえない,人事異動による本気度の低減。,好ましい,都市消滅の延命、,"観光客の消費によって飲食業や宿泊業が潤う, 地域の知名度が上がる, 歴史文化資源の保存活用につながる, 移住・定住のきっかけとなる",相乗効果のスパイラル,"騒音やごみの増加, 交通渋滞や路上駐車などの交通環境の悪化, 治安の悪化",スパイ、中国人不節操の横行,"観光スポットを結ぶ交通機関, 観光スポットの案内板や標識（多言語表示）, トイレ・休憩所等の整備及びユニバーサル化, 観光イベント",3,3,おもてなし感が乏しい,5,他府県に勝るとは感じない,6,期待値,60～69歳,男性
福井市,あまりそうは思わない,関西方面に行きにくく、価格も上がった。,ややそう思う,,そう思う,,とてもそう思う,,ややそう思う,,どちらともいえない,,好ましい,,"観光客の消費によって飲食業や宿泊業が潤う, まちに賑わいが生まれる, 波及効果により他の地場産業が活気づく, 地域の知名度が上がる, 歴史文化資源の保存活用につながる",,"騒音やごみの増加, 歴史文化資源の破壊, 自然破壊, 治安の悪化",,観光スポットを結ぶ交通機関,3,2,,4,,6,,30～39歳,女性
福井市,そう思う,活気がある。,そう思う,乗り換えなしで気軽に東京まで行ける。,そう思う,イベントが増え、人が集まり賑やかになった思う。,とてもそう思う,"県全体の活気にもつながるし、経済的にも良いと思う。
",とてもそう思う,,どちらかといえば評価している,,好ましい,,"観光客の消費によって飲食業や宿泊業が潤う, まちに賑わいが生まれる, 波及効果により他の地場産業が活気づく, 地域の知名度が上がる, 観光客との交流が生まれる, 移住・定住のきっかけとなる",,"騒音やごみの増加, 交通渋滞や路上駐車などの交通環境の悪化, 治安の悪化",,"観光スポットを結ぶ交通機関, トイレ・休憩所等の整備及びユニバーサル化, 観光イベント, 観光マップやパンフレット, 飲食施設, 宿泊施設、土産物屋, 駐車場, 体験施設",4,2,,7,,7,,50～59歳,女性
越前市,そう思う,越前町に行く時に越前たけふで降りるのではないかと思う,そう思う,東京に行くのが楽になった,そう思う,食べ物　海　山　メガネ　刀　越前焼など,そう思う,,そう思う,,評価している,,好ましい,,"観光客の消費によって飲食業や宿泊業が潤う, まちに賑わいが生まれる, 歴史文化資源の保存活用につながる, 移住・定住のきっかけとなる",,"騒音やごみの増加, 交通渋滞や路上駐車などの交通環境の悪化, 歴史文化資源の破壊, 治安の悪化",,"観光スポットを結ぶ交通機関, 観光スポットの案内板や標識（多言語表示）, トイレ・休憩所等の整備及びユニバーサル化, 観光イベント, 観光マップやパンフレット, 観光案内所、観光ガイド",2,3,,7,,7,,50～59歳,女性
越前市,あまりそうは思わない,,全くそうは思わない,逆に、不便になったと感じることが多いから,ややそう思う,,そう思う,,そう思う,,どちらともいえない,,とても好ましい,,"観光客の消費によって飲食業や宿泊業が潤う, 地域の知名度が上がる",,交通渋滞や路上駐車などの交通環境の悪化,,"観光スポットを結ぶ交通機関, 観光イベント, 体験施設",2,3,,7,,7,,40～49歳,女性
大野市,ややそう思う,,ややそう思う,,とてもそう思う,,とてもそう思う,,とてもそう思う,,評価している,,とても好ましい,,"観光客の消費によって飲食業や宿泊業が潤う, まちに賑わいが生まれる, 波及効果により他の地場産業が活気づく, 地域の知名度が上がる, 移住・定住のきっかけとなる",,治安の悪化,,"観光スポットを結ぶ交通機関, 飲食施設, 観光案内所、観光ガイド, 駐車場",4,3,,7,,7,,60～69歳,女性
福井市,そう思う,県外の方、海外からの観光客が増えるので,そうは思わない,旅行もたまにしか行かないし、仕事で県外に行くこともないので,そう思う,悪い影響が上回るほどの来客は見込め無さそうなので、良くも悪くも,とてもそう思う,福井はたくさん良いところがあるので、自分の地元で素敵な旅をして欲しいから,とてもそう思う,せっかくの福井の良さをもっとアピールして理解してもらった方が良いと思う、それに値する観光地だと思う,評価している,県外からの訪問を促すようなイベント、キャンペーンがここ数年で増えたなと思う,とても好ましい,福井ってどこ？を打破したいので(笑),"観光客の消費によって飲食業や宿泊業が潤う, まちに賑わいが生まれる, 地域の知名度が上がる, 観光客との交流が生まれる, 移住・定住のきっかけとなる",,特に心配はない,今のままだと、心配になる程、人は来ないと思うので,"飲食施設, 宿泊施設、土産物屋, 駐車場, 体験施設",5,5,自然が至る所にあり、めちゃくちゃ田舎でもなく、認知されつつある観光名所、特産品も多い、観光だけでなく永住するにも不便がないので。本当に福井が大好きだし自慢できます。,9,贅沢を言うならば遊ぶ場所、遅くまでやっているお店、無料駐車場が欲しいです,9,今と変わらないと思うので,40～49歳,女性
鯖江市,そうは思わない,鯖江は新幹線の駅がないから,そうは思わない,鯖江は新幹線の駅がないから,とてもそう思う,お金を使ってくれるから,とてもそう思う,オーバーツーリズムではないから,とてもそう思う,経済的理由,評価している,佐々木市長が頑張っている,とても好ましい,経済的理由,"観光客の消費によって飲食業や宿泊業が潤う, 地域の知名度が上がる, 移住・定住のきっかけとなる",,交通渋滞や路上駐車などの交通環境の悪化,,"観光イベント, 飲食施設, 宿泊施設、土産物屋",4,3,自信がない,9,大雪以外不満なし,8,人口減,60～69歳,男性
永平寺町,ややそう思う,永平寺への参拝客が増えた,あまりそうは思わない,特に自身への影響は感じない,そう思う,経済的効果が大きい,とてもそう思う,観光客が増えて地域活性化につながると良い,とてもそう思う,観光客が増えるとよいが交通の便は不便だと思う,とても評価している,どれだけ町が誘客に力を入れても、肝心の永平寺の門前のお店の人達のモチベーションが今一つなのが残念。,好ましい,外国人はマナーが心配,観光客の消費によって飲食業や宿泊業が潤う,,"騒音やごみの増加, 交通渋滞や路上駐車などの交通環境の悪化, 治安の悪化",,"観光スポットを結ぶ交通機関, 観光スポットの案内板や標識（多言語表示）, トイレ・休憩所等の整備及びユニバーサル化, 飲食施設, 宿泊施設、土産物屋",4,4,永平寺は何度訪れても価値がある,9,児童手当を独自で上乗せする、出産にあたり祝い金を支給するなど、子育て支援策をさらに充実させてくれるとなおよい。,8,この町に限らず、外国人が増え、気温もあがり、住みにくい環境になっていると思う,40～49歳,女性
福井市,あまりそうは思わない,大阪方面との分断が明確になった。,あまりそうは思わない,鯖江、武生方面との繋がりが悪くなった。,そう思う,観光による職業の拡大が期待できるため。,とてもそう思う,観光客が増える程、経済的に拡大するため。,とてもそう思う,福井の観光資源は目的地となるべき高い価値を有していると考えられるため。,評価していない,観光資源を有効に活用できているとは言い難いため。,とても好ましい,増加すればするほど、経済的にも拡大し、また、現状、まだまだ、受け入れ可能であると考えられるため。,"観光客の消費によって飲食業や宿泊業が潤う, 地域の知名度が上がる, 歴史文化資源の保存活用につながる",,"交通渋滞や路上駐車などの交通環境の悪化, 歴史文化資源の破壊, その他",公共交通の混雑,"観光スポットを結ぶ交通機関, 観光スポットの案内板や標識（多言語表示）, トイレ・休憩所等の整備及びユニバーサル化, 観光イベント, 観光マップやパンフレット, 飲食施設, 宿泊施設、土産物屋, 駐車場",4,5,文化的価値の高い観光地が多いため。,6,幸福度は居住地に直結しているとは考えられないため。,5,過疎化が明確になると想定されるため。,60～69歳,男性
敦賀市,そう思う,駅前商店街が賑わう,あまりそうは思わない,直接的に愛嬌のある職業でないため,そう思う,賑わいのきっかけになると思うから。,そう思う,自身が他県に観光するときも同じ気持ちだから。,あまりそうは思わない,観光だけでは長期的な経済効果は得られないと思うから。,どちらともいえない,新幹線頼りで、新たな魅力を作れていないと思う,好ましい,街に活気が出れば人口増に繋がると思う。,波及効果により他の地場産業が活気づく,,交通渋滞や路上駐車などの交通環境の悪化,,体験施設,4,3,昔からの観光地ばかりで、若者の好むようなものが無いため、先細りに感じる。,9,住みやすく、安定した仕事に携わってるため。,9,今後も街の状況は変わらないと思うから。,30～39歳,男性
坂井市,そう思う,東京から直で来れて映画のロケ地になりやすくなり、福井県や地域の知名度が上がったと思う。,ややそう思う,住んでいる地域の魅力の再発見になったように思う。,そう思う,オーバーツーリズムにならない程度なら、地域や人も活性化して良い。,ややそう思う,知ってもらうのはよいことだと思います。,ややそう思う,,どちらかといえば評価している,発信しないと伝わらないから役立っていると思います。,どちらかと言えば好ましい,,"観光客の消費によって飲食業や宿泊業が潤う, まちに賑わいが生まれる, 波及効果により他の地場産業が活気づく, 地域の知名度が上がる, 観光客との交流が生まれる, 歴史文化資源の保存活用につながる",,"騒音やごみの増加, 交通渋滞や路上駐車などの交通環境の悪化, 自然破壊, 治安の悪化",,"観光スポットを結ぶ交通機関, 障害者や高齢者への配慮（バリアフリー）, 観光マップやパンフレット, 体験施設",4,4,自然や伝統産業がある,8,環境は良いと思いますが、公共交通機関が不足なので自家用車が運転できない人には不便で生活が制約されたりするから。,6,高齢になり運転できなくなると自由に行動できなくなるのが不幸。,70歳以上,女性
福井市,あまりそうは思わない,限られたところのみ,あまりそうは思わない,恩恵なし。,そう思う,行きたい店に行けなくなった,あまりそうは思わない,,あまりそうは思わない,,まったく評価していない,これまで行けていた店に県民がいけなくなるのは看過できない,どちらかと言えば好ましくない,,特に効果は期待できない,,"騒音やごみの増加, 交通渋滞や路上駐車などの交通環境の悪化, 歴史文化資源の破壊, 治安の悪化, 日常生活に影響が出るほどの不安",,その他,2,2,公共交通がだめ,2,,2,,40～49歳,男性
越前市,ややそう思う,街で県外の人と会う機会が増えたから,そうは思わない,ほとんど利用が無いから,ややそう思う,県内での観光や食事関係で利用されるから,そう思う,福井の良いところを一つでも多く知ってほしいから,そう思う,旅行の目的地の一つとして知ってほしい,評価している,当然でしょ,好ましい,今まで知られていなかったから,"観光客の消費によって飲食業や宿泊業が潤う, まちに賑わいが生まれる",,交通渋滞や路上駐車などの交通環境の悪化,,"観光スポットを結ぶ交通機関, 観光スポットの案内板や標識（多言語表示）, 観光イベント, 観光マップやパンフレット",4,3,今はまだ,8,,8,経済の悪さが足を引っ張っている,50～59歳,男性
越前市,全くそうは思わない,人口減少の地域だから,全くそうは思わない,地域経済活性化しないから,ややそう思う,地元企業の製品の売上に多少の貢献がある。,ややそう思う,地産地消の消費者が増えるから,あまりそうは思わない,嶺南地方が原発が地場産業化している県では難しい。,どちらかと言えば評価していない,少子高齢化による消滅都市化と企業を外国人労働者が下支えしているようでは？,どちらかと言えば好ましい,税収増になれば良い。恐竜博物館だけ,"観光客の消費によって飲食業や宿泊業が潤う, まちに賑わいが生まれる, 波及効果により他の地場産業が活気づく, 地域の知名度が上がる, 歴史文化資源の保存活用につながる",,"騒音やごみの増加, 交通渋滞や路上駐車などの交通環境の悪化, 歴史文化資源の破壊, 自然破壊, 治安の悪化",,"観光スポットを結ぶ交通機関, トイレ・休憩所等の整備及びユニバーサル化, 観光イベント, 障害者や高齢者への配慮（バリアフリー）, 飲食施設, 駐車場",1,1,金沢市には敵わないから,3,個人の経済力の有無によって変わる。,3,人口減少によるインフラが悪くなるから,70歳以上,男性
福井市,ややそう思う,旅行客が増えた！(福井駅が混んでいた),あまりそうは思わない,関西に行くときの乗り換えがとても面倒になった,あまりそうは思わない,,ややそう思う,,ややそう思う,,どちらかといえば評価している,,どちらかと言えば好ましい,,まちに賑わいが生まれる,,騒音やごみの増加,,"観光スポットを結ぶ交通機関, 観光イベント",4,4,,8,,8,,40～49歳,女性
敦賀市,とてもそう思う,観光地への客数増　飲食店などへの経済効果,ややそう思う,ホテルや色々な施設が建設されると活気がくる,とてもそう思う,経済が潤う,とてもそう思う,海、山、全てにおいて　環境にも農産物や海産物に恵まれ　美しく美味しいものでたくさんある,そう思う,働く場所の確保　人口アップ,評価している,,好ましい,県民全体が潤う,"観光客の消費によって飲食業や宿泊業が潤う, 観光客との交流が生まれる",旅館業、飲食店が増えるとにがやか　他所に行かなくてすむ,"騒音やごみの増加, 交通渋滞や路上駐車などの交通環境の悪化",混む道,"観光スポットを結ぶ交通機関, トイレ・休憩所等の整備及びユニバーサル化, 飲食施設, 駐車場",5,2,美味しい魚??美味しい??　山あり海あり　観光地としても美しい場所がたくさんある,8,平穏無事であり、のどかである,5,身体の具合が心配　いい施設や病院ができてほしい,60～69歳,女性
永平寺町,そう思う,永平寺に来る人が増えたと思う,そう思う,東京に行くのが近くなったら,全くそうは思わない,そう思わないから,そう思う,インスタなどで福井に来た人の意見を見るといい意見が多い,そう思う,恐竜と何か、プラスワンのものがあるといい,どちらともいえない,あまり感じないから,とても好ましい,福井が活気付いていいと思う,"観光客の消費によって飲食業や宿泊業が潤う, まちに賑わいが生まれる, 地域の知名度が上がる",福井が活気付くから,特に心配はない,そんなに心配しなくてもいいと思う,"観光スポットを結ぶ交通機関, 観光スポットの案内板や標識（多言語表示）, トイレ・休憩所等の整備及びユニバーサル化, 障害者や高齢者への配慮（バリアフリー）, 飲食施設, 宿泊施設、土産物屋, 観光案内所、観光ガイド, 駐車場, 体験施設",4,4,なにもないと言えば、なにもないから,8,まだまだ伸び代があるとおもうから,6,老後が心配,50～59歳,女性
福井市,とてもそう思う,旅行客が増えて福井が活性化している感じがします。,そう思う,東京に行きやすくなったと思います。,とてもそう思う,福井を知ってもらうきっかけになると思います。,とてもそう思う,素敵な場所や美味しい料理が沢山あるので紹介したいです。,とてもそう思う,観光客が来ることで福井も活性化でき、また福井のいいところを知って欲しいです。,とても評価している,いろいろイベントをされてるので、頑張ってくれてるのを感じます。,とても好ましい,福井を盛り上げてほしいため,"観光客の消費によって飲食業や宿泊業が潤う, まちに賑わいが生まれる, 波及効果により他の地場産業が活気づく, 地域の知名度が上がる, 観光客との交流が生まれる, 歴史文化資源の保存活用につながる, 移住・定住のきっかけとなる",,交通渋滞や路上駐車などの交通環境の悪化,,"観光スポットを結ぶ交通機関, 観光スポットの案内板や標識（多言語表示）, トイレ・休憩所等の整備及びユニバーサル化, 観光イベント, 観光案内所、観光ガイド, 駐車場, 体験施設",5,5,福井が素敵な場所のため,10,環境がよく、食も新鮮で美味しいものが多く、自然も豊かで、いい意味で混んでいないのがいい。,10,現状何の問題もないため,50～59歳,女性
鯖江市,そうは思わない,駅がないから,そうは思わない,大阪、名古屋に行きにくくなった。敦賀でハピ?JR西に乗り換える際に一度ICOCAをタッチしないといけないのが分かりにくい,ややそう思う,マスコミのお陰で福井が取り上げられて東京など関東から北陸新幹線で福井駅に行きやすくなったから。また開業によるテレビ放送によって関西、東海からは知られていない福井に行きたいと思ってもらえたから,とてもそう思う,旅先で良くしてもらえたことがとてもありがたかった。その人柄、土地のイメージが残っていて、また行きたいと思った。,そう思う,福井県民の人口が減っていて経済を動かすものの一つとしてお金を落としてもらえるから。ただ人が居ないののでマイナス１,どちらかと言えば評価していない,何をしているのか分からない。うすくバラマキ過ぎているのか,好ましい,"お金が落ちる。
恐竜などのメインに行って発見されていない次に繋げていないのがマイナス","観光客の消費によって飲食業や宿泊業が潤う, 波及効果により他の地場産業が活気づく",鯖江は眼鏡の他にもすごい技術がある。それ知ってる人鯖江でもあまりいない。それがわかる人に繋がって世にわかりやすく広がるのを期待している,交通渋滞や路上駐車などの交通環境の悪化,,"観光スポットを結ぶ交通機関, 体験施設",4,3,すごいものを言語化できない。行政は言語化してるかもけどそれが住民にまでは行き渡っていない。Appleや無印良品と取引していたりがんばっている,8,"自然がある。物価が都会ほと高くない。
マイナス面、公共交通機関が寂しい",8,5年では変化ない,40～49歳,女性
あわら市,とてもそう思う,交流人のが増えた,とてもそう思う,街の活性化,とてもそう思う,賑わい創出,とてもそう思う,知る人ぞ知る魅力満載,とてもそう思う,,とても評価している,観光客も地元民も楽しめるイベント多数実施。,好ましい,関係人口増加より、地域活性化が活発,"観光客の消費によって飲食業や宿泊業が潤う, まちに賑わいが生まれる, 波及効果により他の地場産業が活気づく, 地域の知名度が上がる, 観光客との交流が生まれる, 歴史文化資源の保存活用につながる, 移住・定住のきっかけとなる, ガイドなど市民参加の場が広がる",,特に心配はない,,"観光スポットを結ぶ交通機関, 観光スポットの案内板や標識（多言語表示）, トイレ・休憩所等の整備及びユニバーサル化, 観光イベント",4,4,,10,幸せを感じています。いまちょうど良いバランスです。,9,期待値と未知数,40～49歳,女性
福井市,そう思う,,そう思う,,とてもそう思う,,とてもそう思う,,そう思う,,どちらかといえば評価している,,好ましい,,"観光客の消費によって飲食業や宿泊業が潤う, まちに賑わいが生まれる",,"騒音やごみの増加, 交通渋滞や路上駐車などの交通環境の悪化, 治安の悪化",,観光スポットを結ぶ交通機関,4,3,,8,,8,,30～39歳,男性
越前市,とてもそう思う,好きなアーティストがライブに来てくれたりと東京との行き来が便利になったから,とてもそう思う,東京に遊びに行きやすくなった,そう思う,,とてもそう思う,,とてもそう思う,,とても評価している,,好ましい,,まちに賑わいが生まれる,,交通渋滞や路上駐車などの交通環境の悪化,,"観光スポットを結ぶ交通機関, 観光イベント, 宿泊施設、土産物屋",3,3,,5,,6,,30～39歳,男性
坂井市,そう思う,流動人口、関係人口の増加,あまりそうは思わない,自身が商売などしていない事。既にリタイヤしている事,とてもそう思う,観光客の増加。,そう思う,自分たちの住む市に観光客が来る事で、消費金額が増加する。,そう思う,自分たちの住む市に観光客が来る事で、消費金額が増加する。,どちらかといえば評価している,また結果は出ていないが、取り組んでいる。,とても好ましい,自分たちの住む市に観光客が来る事で、消費金額が増加する。,"観光客の消費によって飲食業や宿泊業が潤う, まちに賑わいが生まれる, 波及効果により他の地場産業が活気づく, 地域の知名度が上がる, 歴史文化資源の保存活用につながる",,"騒音やごみの増加, 交通渋滞や路上駐車などの交通環境の悪化, 治安の悪化",,"観光スポットを結ぶ交通機関, 観光スポットの案内板や標識（多言語表示）, 観光イベント, 飲食施設, 宿泊施設、土産物屋",4,4,自然災害が少ない,7,アクセスが悪い。,7,地場の商店（飲食店）等、スーパーなど、が生き残れないと住んでいる自分に跳ね返る。,70歳以上,男性
福井市,そう思う,観光客が増え、街が活気づくため,とてもそう思う,東京が行きやすくなった,そう思う,たくさんの人が来れば、福井も潤うから,とてもそう思う,福井のことをいっぱい知って欲しいから,ややそう思う,あまり人が増えすぎると、街が汚れたり、トラブルも増えるため,評価している,,好ましい,,"観光客の消費によって飲食業や宿泊業が潤う, まちに賑わいが生まれる, 地域の知名度が上がる, 観光客との交流が生まれる, 移住・定住のきっかけとなる",,"騒音やごみの増加, 治安の悪化",,"観光スポットを結ぶ交通機関, 観光イベント, 宿泊施設、土産物屋, 駐車場",2,4,魅力ある場所や食べ物が福井にはあるから,6,この人の多さがちょうどいいし、食べ物も美味しいから,8,好きな人と暮らせるかもしれないから,40～49歳,女性
越前市,とてもそう思う,たくさんの人が利用し町が栄える,そう思う,人が来ることを見越して新しいスーパーや、お店が出来るかもしれないという期待,とてもそう思う,他県の方が来てお金を落としてくれるのは良いことだと思う,そう思う,生まれ育った地元を大事に思う気持ちがあり、他県の方にも良いところを知って楽しい気持ちで福井で過ごしてもらいたい。,そう思う,自然にかこまれて、美味しい物がたくさんある。優しい人達が多い福井を知って欲しい。,どちらかといえば評価している,ティックトックやYouTubeなどＳＮＳでもっと福井のことを広められたらいいと思います,とても好ましい,お金をおとしてもらう,"観光客の消費によって飲食業や宿泊業が潤う, まちに賑わいが生まれる, 波及効果により他の地場産業が活気づく, 地域の知名度が上がる, 観光客との交流が生まれる, 歴史文化資源の保存活用につながる, 移住・定住のきっかけとなる, ガイドなど市民参加の場が広がる, その他",イオンや有名な企業が来てくれることを期待して,"騒音やごみの増加, 交通渋滞や路上駐車などの交通環境の悪化, 歴史文化資源の破壊, 自然破壊, 治安の悪化",,"観光スポットを結ぶ交通機関, 観光スポットの案内板や標識（多言語表示）, トイレ・休憩所等の整備及びユニバーサル化, 観光イベント, 障害者や高齢者への配慮（バリアフリー）, 観光マップやパンフレット, 飲食施設, 宿泊施設、土産物屋, 観光案内所、観光ガイド, 駐車場, 体験施設, その他",4,3,越前そば、越前打刃物などの技術が素晴らしいと思う。,7,田舎だと思うが治安も悪くなく安心して暮らせている。,8,子ども達とともに福井県で暮らしていられるだけで幸せ。,30～39歳,女性
福井市,ややそう思う,来福の機会が増える,ややそう思う,観光に関係する職場だから,ややそう思う,良いところだし,ややそう思う,関係に携わる職場だから,ややそう思う,そりゃそうでしょ,どちらともいえない,あんまりよくわかんない,好ましい,観光に携わる職場だから,"観光客の消費によって飲食業や宿泊業が潤う, 移住・定住のきっかけとなる",,特に心配はない,,"観光スポットの案内板や標識（多言語表示）, トイレ・休憩所等の整備及びユニバーサル化, 観光イベント, 飲食施設, 駐車場, 体験施設",3,3,"他県に勧めれるほどではない
住みやすさランキング上位だけど",7,家族もいるし、仕事もできてるし、家もあるし十分,7,5年で福井はそこまで変わらない,30～39歳,男性
越前市,ややそう思う,越前市そのものは分からないが、全県での観光客が増えているようなので。,そうは思わない,今までの生活と、特別に変わった事が無いから,そう思う,福井の食を知ってもらえるから,そう思う,,とてもそう思う,まだ知られてない場所も多いから,どちらかといえば評価している,取り組んでいるだろうけど、観光客らしき姿を見かけないから,どちらかと言えば好ましい,飲食店に落とすお金が増えそうだから,"観光客の消費によって飲食業や宿泊業が潤う, まちに賑わいが生まれる, 歴史文化資源の保存活用につながる, 移住・定住のきっかけとなる",,"騒音やごみの増加, 自然破壊, 日常生活に影響が出るほどの不安",,"観光スポットを結ぶ交通機関, トイレ・休憩所等の整備及びユニバーサル化, 飲食施設, 体験施設",4,3,家の近所でコウノトリ等の貴重な鳥が見れる,7,住みやすいけど、文化施設がもっと充実したらなお良い,7,そこまで変わるとは思えないので現状維持,60～69歳,女性
福井市,ややそう思う,新幹線を利用した観光客が増えたと実感出来るから。,ややそう思う,東京方面へのアクセスが良くなったから。,とてもそう思う,観光客が増えて、県内経済にプラスになっていると思うから。,とてもそう思う,観光客は、歓迎以外は考えられないと思うから。,ややそう思う,観光客に魅力的なコンテンツが揃っていると思うから。,まったく評価していない,"駅前が恐竜だらけで、逆に恥ずかしい。
恐竜以外のコンテンツを、
もっと真剣に考えて欲しいと思います。
恐竜頼みでは、観光客誘致数は、
頭打ちになるのが、
目に見えていると思うからです。",とても好ましい,県内経済にプラスの要素になると思うから。,"観光客の消費によって飲食業や宿泊業が潤う, まちに賑わいが生まれる, 波及効果により他の地場産業が活気づく, 観光客との交流が生まれる, 移住・定住のきっかけとなる, ガイドなど市民参加の場が広がる",,特に心配はない,,"観光スポットを結ぶ交通機関, 観光イベント, 観光マップやパンフレット, 飲食施設, 宿泊施設、土産物屋, 駐車場, 体験施設",4,4,"どの地域からも遠いですが、
観光資源は非常に充実していると思うからです。",5,"若者の県外流出を止められる様な、
商業施設や、チェーン店が、
十分に揃っているとは言えない為、
人口減少に歯止めが掛かっていないから。
秋田県の事例は、決してひとごとでは、
無いと思います。",5,良くも悪くも、現状から、何も変わっていないと思うから、幸福度も、現状維持だと思います。,50～59歳,男性
福井市,とてもそう思う,観光客の増加,ややそう思う,県外への移動の利便性向上,とてもそう思う,,とてもそう思う,,とてもそう思う,,どちらかといえば評価している,,どちらかと言えば好ましい,,観光客の消費によって飲食業や宿泊業が潤う,,交通渋滞や路上駐車などの交通環境の悪化,,"観光スポットを結ぶ交通機関, 飲食施設",5,4,,10,,10,,50～59歳,男性
敦賀市,とてもそう思う,福井の知名度が上がったから,とてもそう思う,遊び場が増えるから,そうは思わない,体感として悪い影響がないため,とてもそう思う,県外の知り合いが福井のご飯の美味しさに喜んでくれるので、遊びにきて堪能して欲しい,とてもそう思う,幸福度ナンバーワンの福井の良さを堪能して欲しい,とても評価している,福井の若者で、地域創生に取り組んでいる人が多く応援しているため,とても好ましい,福井にお金を落としてもらって、経済をまわしてほしい,"観光客の消費によって飲食業や宿泊業が潤う, まちに賑わいが生まれる, 波及効果により他の地場産業が活気づく, 地域の知名度が上がる, ガイドなど市民参加の場が広がる",,"騒音やごみの増加, 交通渋滞や路上駐車などの交通環境の悪化",The観光地ではゴミ箱の設置がきちんとされているが、名もない景色のいい場所などはゴミ箱の設置もなく、ごみ問題の懸念がある。,"観光スポットを結ぶ交通機関, 観光スポットの案内板や標識（多言語表示）, トイレ・休憩所等の整備及びユニバーサル化, 観光マップやパンフレット, 駐車場, 体験施設",4,4,,9,,9,,30～39歳,女性
鯖江市,そう思う,,そう思う,,そう思う,,そう思う,,そう思う,,どちらかといえば評価している,,好ましい,,"観光客の消費によって飲食業や宿泊業が潤う, まちに賑わいが生まれる",,交通渋滞や路上駐車などの交通環境の悪化,,"観光イベント, 飲食施設",3,3,,6,,6,,30～39歳,男性
福井市,そう思う,,あまりそうは思わない,,そう思う,,とてもそう思う,,とてもそう思う,,評価している,,好ましい,,"観光客の消費によって飲食業や宿泊業が潤う, まちに賑わいが生まれる, 波及効果により他の地場産業が活気づく, 地域の知名度が上がる, 観光客との交流が生まれる, 歴史文化資源の保存活用につながる",,"騒音やごみの増加, 交通渋滞や路上駐車などの交通環境の悪化, その他",ルール違反やマナーの悪化,"観光スポットを結ぶ交通機関, 観光スポットの案内板や標識（多言語表示）, トイレ・休憩所等の整備及びユニバーサル化, 障害者や高齢者への配慮（バリアフリー）, 飲食施設, 宿泊施設、土産物屋, 駐車場",4,4,,5,,4,,50～59歳,女性
福井市,ややそう思う,観光客が増えた,そうは思わない,"関東へ行く用事があまりない
関西方面に行くのが不便になった",ややそう思う,駅前に行くと以前より観光客らしき人が増えたように思う,そう思う,福井のよい風景、美味しいものを楽しんでほしい,ややそう思う,増えすぎて市民が迷惑にならない程度で,どちらかといえば評価している,SNSで福井観光案内を見かけるようになった,どちらかと言えば好ましい,福井の経済がよくなるといい,"観光客の消費によって飲食業や宿泊業が潤う, まちに賑わいが生まれる, 波及効果により他の地場産業が活気づく, 移住・定住のきっかけとなる","職場で福井が気に入って結婚する前に3年だけだけど住んで働いてる子がいた
福井を好きになって移住する人が増えればいいと思う","騒音やごみの増加, 交通渋滞や路上駐車などの交通環境の悪化, 歴史文化資源の破壊, 自然破壊, 治安の悪化, 日常生活に影響が出るほどの不安","SNSなどで観光客や外国人による動画などみると不安
バスの便が減ってため","観光スポットを結ぶ交通機関, 観光イベント, 駐車場",2,2,主人が京都に単身赴任に息子が大学生で名古屋に住んでおり、京都や名古屋に遊びに行く機会が増えたため比べてしまう,6,住むには公共交通機関は不便だけど、それ以外は環境が整っており住みやすい,3,"自分の親が車を手放すかどうか考える時期になる
交通手段が不便なため、私がいろいろ送迎をする機会が増えそう",50～59歳,女性
福井市,とてもそう思う,観光客が増えたから,そう思う,,そう思う,,とてもそう思う,,とてもそう思う,,評価している,,とても好ましい,,"観光客の消費によって飲食業や宿泊業が潤う, まちに賑わいが生まれる, 波及効果により他の地場産業が活気づく, 移住・定住のきっかけとなる",,"騒音やごみの増加, 交通渋滞や路上駐車などの交通環境の悪化, 治安の悪化",,"観光スポットを結ぶ交通機関, トイレ・休憩所等の整備及びユニバーサル化, 飲食施設, 宿泊施設、土産物屋, 駐車場",5,4,なんでもありすぎないところが良い,8,,7,県ではなく老後は不安,40～49歳,女性
小浜市,あまりそうは思わない,敦賀から小浜の公共交通の便が良くないから,そうは思わない,敦賀開業から現在まで、一度も利用したことなく、何の影響も感じていないから,とてもそう思う,,とてもそう思う,47ある都道府県の中、福井に来てくれたことを嬉しく思うから,とてもそう思う,観光客が来てくれることで活性化されることが多いと思うから,評価している,,とても好ましい,,"観光客の消費によって飲食業や宿泊業が潤う, まちに賑わいが生まれる, 波及効果により他の地場産業が活気づく, 地域の知名度が上がる, 観光客との交流が生まれる, 移住・定住のきっかけとなる",,治安の悪化,,"観光スポットを結ぶ交通機関, 駐車場",5,3,交通の便が良くないので自信がない,3,何を選ぶにしても選択肢が少ない中、仕方なく生活していることに気づいたから,3,今と変わりないかと思うから,60～69歳,女性
美浜町,とてもそう思う,"東京も近くなり芦原温泉にカニ目的でくる人も増えたから
福井県はカニ、美浜のブリや三国のカニエビ、魚美味しいとわかっている
ついでに金沢はなぜか寿司とのどぐろやら金箔やら
福井県は　おろしそばもおいしいし　外国人には米やお酒も上手いので　もっと外国人にも来てもらえるよう　すべき！
福井県は英語が成績良いから
きちんと英語アナウンスできるそういうバイトを置いて若者に色んなバイトをさせたら外国人も来るはず！
、恐竜もあるので
新幹線効果はあると思う

今頃になってやっとついた新幹線だからもっと早く着工すべきだった
と思う

金沢はやり手だなぁと
何にも味がしない金箔をだしにしてソフトクリームに乗せたり化粧水やら
あと名所に行けるよう市内を200円くらいで周遊など工夫が上手い、便利が良いように考えている
永平寺や柴田勝家、朝倉遺跡など　どんどん利用すべきだと思う
すごい文化と歴史があるのに

まだまだ言いたいし物足りない
案だけははめちゃくちゃ　あります！！



",ややそう思う,"やはりお店も増えて　行くところ行きたいところ増えて　経済もまわる
将来都会に憧れた若者が密度の高い都会でなく　福井県はやはり良いなと満たされるのでは
三時間で東京いけるなら
とか

子供にも戻ってきて子育てしやすい、働きやすい、などととアピールできる",全くそうは思わない,"どこ行っても福井県ほさほど混んでない、せっかくの新幹線交通も便利になるべき！
なぜ交通の便悪すぎて
県知事はどう思うんだろう

とにかく周遊プランや交通を便利にしないと　意味ない
観光客は転々ばらばらな観光を時間が限られた中回らなきゃ行けないのに
",とてもそう思う,"とても星も綺麗で　都会の人は金出しても食べたい越前カニや
魚、温泉、米、おいしいそば、おいしい水、おいしい酒、おいしい食べ物がある！こんな恵まれたとこないと思う
しかも嶺南には水晶浜、うなぎ、おいしいブリ、レインボーラインなど関西からわざわざきてあるのに
もっと福井県全体で旅プラン練らないとダメです
あと嶺南にホテル少ない
リゾートホテル作るべき


文化や歴史もすごいとこなのに　アピール下手すぎて　なんら大した事ない金沢が　自慢上手すぎて
やり手だなと、、

絶対福井県の方が上ですよー良いのにアピール下手すぎー
勿体無い！",とてもそう思う,"素晴らしいところだから、
なのに
アピール下手すぎて　勿体無い",どちらともいえない,"まだまだでないですか？
もっと福井県全部をアピールできてないと思う
嶺南のところに星野リゾートできておかしくないはず

楽天リゾートホテルご嶺南にできておかしくないはず
ウナギもおいしい",とても好ましい,"経済がまわる

泊まる事により全ての経済がまわる
レンタカーやら、衣食全て
また働く場所も、そして英語のバイトも
すると人口ふえる","観光客の消費によって飲食業や宿泊業が潤う, まちに賑わいが生まれる, 波及効果により他の地場産業が活気づく, 地域の知名度が上がる, 観光客との交流が生まれる, 歴史文化資源の保存活用につながる, 移住・定住のきっかけとなる, ガイドなど市民参加の場が広がる","ガイドはきちんとバイトなり活躍すべき

京都はみんな若い子が英語で
すると外国人もわかりやすい
若い子も育てるべき
",特に心配はない,"都会では集まりすぎて問題あるが
福井県は広いしそんな問題はない
閉鎖すぎて鎖国でないんだから
その問いにびっくり","観光スポットを結ぶ交通機関, 観光スポットの案内板や標識（多言語表示）, トイレ・休憩所等の整備及びユニバーサル化, 障害者や高齢者への配慮（バリアフリー）, 観光マップやパンフレット, 宿泊施設、土産物屋, 観光案内所、観光ガイド, 駐車場, 体験施設",5,4,"福井県はすごい自慢できるが　
自信があるのに交通が不便で来てと思うけど　忙しい都会人には動けないくらい不便
",7,"美浜なのに魚屋がない
地元の食材が手に入らない、都会に流れている
皆困って言ってます





",5,"親が元気でいれたら良いが
でも福井県は良いところだと

ヘルパーも育てるべき

ヘルパー不足で困ってます",50～59歳,女性
大野市,あまりそうは思わない,,あまりそうは思わない,わざわざ大野市まで来るとは思えない。まだまだ魅力不足だと感じるから。,ややそう思う,まずは人がある程度きてくれれば活性化はするとおもう。,そう思う,いい思い出を作ってもらいたいとおもう。きて最悪だったとはおもわれたくないから。,ややそう思う,福井県を旅行先として選んでほしい。迷惑外国人のような旅行客はこないでほしい。,どちらともいえない,旅行客が増えたという実感はないから。ほかの隣県などにくらべて、まだまだ。,どちらかと言えば好ましい,観光客が増えて、地域が活性化し盛り上がるならいい。迷惑客屋マナーをわきまえない客は反対。,"観光客の消費によって飲食業や宿泊業が潤う, まちに賑わいが生まれる, 地域の知名度が上がる, その他",電車やバスの本数が増えたり、もっと利用しやすくなるかもしれない。,"騒音やごみの増加, 交通渋滞や路上駐車などの交通環境の悪化, その他",地域住民とのトラブルが増えるかもしれない。,"観光スポットを結ぶ交通機関, 観光スポットの案内板や標識（多言語表示）, 観光イベント, 駐車場",3,3,特にそういった感情にはならない。観光にきて楽しんでくれればそれでいい。自信をもって進められるかといえば、地味で、一部の人にはささるかもしれないが、すすめにくい。,5,可も無く不可もなく。住み慣れた素朴な地元が好きではある。,2,経済的な理由で,40～49歳,男性
小浜市,あまりそうは思わない,,ややそう思う,,そう思う,,そう思う,,そう思う,,どちらかといえば評価している,,好ましい,,"観光客の消費によって飲食業や宿泊業が潤う, まちに賑わいが生まれる, 波及効果により他の地場産業が活気づく, 地域の知名度が上がる, 観光客との交流が生まれる, 歴史文化資源の保存活用につながる, 移住・定住のきっかけとなる",,"騒音やごみの増加, 交通渋滞や路上駐車などの交通環境の悪化, 歴史文化資源の破壊, 治安の悪化",,"観光スポットを結ぶ交通機関, 観光イベント, 観光マップやパンフレット, 飲食施設, 宿泊施設、土産物屋, 駐車場, 体験施設",4,4,,8,,8,,60～69歳,男性
鯖江市,全くそうは思わない,越前武生駅か福井駅にしか停まらないので不便です。,全くそうは思わない,関西に行く機会が多いのですが、ハピラインからJR西日本への乗り継ぎが不便だし、新幹線を使うのにも、値段だけ高くて、本数も少ないし、不便です。,あまりそうは思わない,美味しいものもたくさんあるいいところなのに、金沢に観光客を取られてしまっている感じがある。せっかく停まる芦原が振るわないのではないかと思う。,そう思う,松任谷由美さんなど、有名人が来てくれて宣伝してくれていたのはとても嬉しい。心から歓迎したい。,そう思う,どんどん人は来て欲しい！,どちらかといえば評価している,整備されていると思うが、やはり人が来ていない。,どちらかと言えば好ましい,福井のいい物を，どんどん広げて欲しい！,"観光客の消費によって飲食業や宿泊業が潤う, まちに賑わいが生まれる, 地域の知名度が上がる, 歴史文化資源の保存活用につながる",,特に心配はない,,"観光スポットを結ぶ交通機関, トイレ・休憩所等の整備及びユニバーサル化, 飲食施設, 宿泊施設、土産物屋, 体験施設",3,3,福井のよさはかんじるが、アピールする力にかけていると思う。,8,風景と言い、食べる物も美味しいし、ほぼ満足。,6,だんだん車の運転ができなくなると、地域での生活が不便になると思うので心配事が増えそう。,60～69歳,女性
福井市,ややそう思う,駅に人が増えた気がする,あまりそうは思わない,これと言ってないから,ややそう思う,駅前にホテルだけが多くなっただけ,ややそう思う,人がふえるのはいいこと,ややそう思う,景気がよくなりそうだと思います,評価していない,,どちらともいえない,,"まちに賑わいが生まれる, 歴史文化資源の保存活用につながる, 移住・定住のきっかけとなる",,"騒音やごみの増加, 交通渋滞や路上駐車などの交通環境の悪化, 治安の悪化",,"観光スポットを結ぶ交通機関, 観光スポットの案内板や標識（多言語表示）, 観光イベント, 観光マップやパンフレット, 観光案内所、観光ガイド, 体験施設",3,2,,7,,5,,50～59歳,男性
福井市,ややそう思う,ホテルが充実してきた,ややそう思う,新しいものが増えた,ややそう思う,,ややそう思う,,ややそう思う,,どちらかといえば評価している,,どちらかと言えば好ましい,,観光客の消費によって飲食業や宿泊業が潤う,,特に心配はない,,"観光スポットを結ぶ交通機関, 観光イベント",4,3,,7,,7,,60～69歳,男性
坂井市,あまりそうは思わない,,あまりそうは思わない,,あまりそうは思わない,,そう思う,,そう思う,,どちらかといえば評価している,,好ましい,,"観光客の消費によって飲食業や宿泊業が潤う, まちに賑わいが生まれる, 地域の知名度が上がる, 観光客との交流が生まれる",,"騒音やごみの増加, 交通渋滞や路上駐車などの交通環境の悪化, 自然破壊",,"観光スポットを結ぶ交通機関, 観光スポットの案内板や標識（多言語表示）, 観光イベント, 飲食施設, 体験施設",3,3,,7,,7,,50～59歳,男性
福井市,とてもそう思う,地域経済の活性化に繋がると思っているため,そう思う,観光によるインフラ整備等があるもしくは衰退への速度が緩やかになるため。,そう思う,人が集まる事で様々な分野で若手が活躍出来る機会に繋がるため。,とてもそう思う,リピーターとして、また情報の発信源として良い印象を持って貰いたいと思うため,そう思う,人口減少は今後も続き、観光誘致による経済活性化も必要であると思います,とても評価している,官民一体となり協力し合いプラスアルファが生まれていると感じる事があるため,とても好ましい,観光客が増加することで期待される効果が多くあるため,"観光客の消費によって飲食業や宿泊業が潤う, まちに賑わいが生まれる, 波及効果により他の地場産業が活気づく, 歴史文化資源の保存活用につながる, 移住・定住のきっかけとなる",,特に心配はない,,"観光スポットを結ぶ交通機関, 観光スポットの案内板や標識（多言語表示）, トイレ・休憩所等の整備及びユニバーサル化, 観光イベント, 障害者や高齢者への配慮（バリアフリー）, 観光マップやパンフレット, 観光案内所、観光ガイド",3,3,おすすめ出来る場所が観光客よりも知らなさすぎると感じているため,7,多少の不便さは感じているが、だからこそ住みやすいと感じられる部分もあるため,7,急激な大きな変化は新幹線開業や福井駅周辺整備である程度終わったと思っているため,50～59歳,女性
越前市,あまりそうは思わない,新幹線を乗り降りの際にハピラインへの乗り継ぎがスムーズにできるなら良いが、とにかく移動に不便である。,あまりそうは思わない,自宅から近くで新幹線に乗れるのは確かに便利ではあるが、やはり新幹線駅までの移動に車で行かないといけない事を思うと、米原での乗車を考えてしまいます。,そう思う,"他県にないオススメ。特に恐竜関係は化石等にて本物を見れる魅力、お金をかけて作ってできるものではなく、また子供にとってとても興味あるものだけに、子供が集まるところには必ず保護者が同伴することでたくさんの方に福井県を知ってもらえる。
また、吉田のソフトクリームがTV紹介されたことで、いまだ県外ナンバーの車があり、海産物の美味しさにて宿泊合わせて来られる方も増えています。",とてもそう思う,やはり福井県が賑わってくれると、誇らしげな気持ちになれるし、雪が多い、湿気が多い、裏日本、と暗いイメージが多いので、やはり全国民から　福井県は訪れる価値あり！と、他県民から推薦してもらえると嬉しいです。そのために受け入れ側としては大歓迎です。,とてもそう思う,米原方面から高速杉津パーキングに休憩をした際、全国をまわられているという男性とお話をしました。その方がおっしゃられたのが「私は高速のパーキングにて景色を見るのが楽しみです。ここはあまり名前が知れていないところですが、私の中ではダントツNO1と言ってもいいくらい、特に日没前など本当に素晴らしい景色が見れる場所です、なのでここを通る際にはこの場所でゆったり休憩時間を取っています。いつでもこの景色が見れる福井県の方はとても羨ましいです」と、そんな事を仰られた方がいました。みじかすぎてそんなにも深い思いなく見ていた景色でしたが、自分を褒められたような気分になり、そっかー福井県、まだまだ素晴らしいところがあるんだなぁーと、嬉しくなった経験がありました。また県知事がSNS で福井県をたくさん紹介してくださり、また 英語でも紹介があることで 日本人だけではなく海外から来られる人も興味を持って その紹介から訪れる人が増えてくると思います。全国でナンバー2の人気がある知事であること、住みよいところ福井県、また学問、体力においても福井県は優秀。もっともっとすてきをアピールされて修学旅行地となるくらい、みんなが行きたがる県になってほしいです。,どちらともいえない,アピール不足に思います。,とても好ましい,越前海岸のような自然の美しいところは、人工で作られたものではないからこそ行ってみたくなる場所です。なので、何百年先も同じ景色ではないと思います。今の形ある素敵をたくさんの方に見てもらいたいです。,"観光客の消費によって飲食業や宿泊業が潤う, まちに賑わいが生まれる, 波及効果により他の地場産業が活気づく, 地域の知名度が上がる",,"騒音やごみの増加, 交通渋滞や路上駐車などの交通環境の悪化, 歴史文化資源の破壊, 自然破壊, 治安の悪化",さいきんのこの啓においても、。,"観光スポットを結ぶ交通機関, 駐車場, 体験施設",5,5,越前市はこれいいから！と、おすすめできるところが残念ながらあまりありません,8,湿気が多いこと、雪の時期の不便さ。,9,例えば村田製作所が新幹線駅前にあるという事で、仕事を通じてこられる方々にとってはとても便利だと思います。そんな方が、どうせなら1泊して、またはせっかくの機会なので観光もしていこう、とついでであっても福井県に触れることでまた行きたい！と、思っていただける県だと感じているので、今後そういう人から人へと伝播され福井県に足運びする方が増えると思っています。,50～59歳,女性
大野市,とてもそう思う,,とてもそう思う,,とてもそう思う,,とてもそう思う,,とてもそう思う,,とても評価している,,とても好ましい,,"観光客の消費によって飲食業や宿泊業が潤う, 地域の知名度が上がる",,"騒音やごみの増加, 交通渋滞や路上駐車などの交通環境の悪化, 歴史文化資源の破壊, 自然破壊, 治安の悪化",,"観光スポットを結ぶ交通機関, 観光スポットの案内板や標識（多言語表示）, トイレ・休憩所等の整備及びユニバーサル化, 障害者や高齢者への配慮（バリアフリー）, 観光マップやパンフレット, 飲食施設, 宿泊施設、土産物屋, 観光案内所、観光ガイド, 駐車場",3,3,,7,,7,,30～39歳,男性
福井市,そう思う,人の行き来が活発になるし、便利,そう思う,移動のしやすさ、すぐに行こうかと思えるようになった,そう思う,,とてもそう思う,来てくれて嬉しいから、私の自慢である福井県の魅力を感じてもらいたい,そう思う,もう少し盛んに来てもらえればよいが、逆にオーバーツーリズムになるのは困る,評価している,力を入れているのがよくわかるから,好ましい,福井県の経済が活発になる,"観光客の消費によって飲食業や宿泊業が潤う, まちに賑わいが生まれる, 波及効果により他の地場産業が活気づく, 地域の知名度が上がる",私の生活には観光客は接点がない,"騒音やごみの増加, 交通渋滞や路上駐車などの交通環境の悪化, 歴史文化資源の破壊, 自然破壊, 治安の悪化",よその県ではそのようになっている所もあるから,"観光スポットを結ぶ交通機関, 観光スポットの案内板や標識（多言語表示）, 観光イベント, 宿泊施設、土産物屋",1,4,良いところだから。ただし、国内どこへ行っても都会以外はどこも一緒。田舎なりの差別化か必要,9,暮らしに不満がないから、公共交通の便だけはもう少し何とかしてほしい,9,このままの福井県であるだろうと予想,60～69歳,女性
池田町,ややそう思う,東京などへの移動時間が短縮された,そうは思わない,在来線の特急がなくなり、関西方面が不便,とてもそう思う,,ややそう思う,,そう思う,,評価している,,好ましい,,"観光客の消費によって飲食業や宿泊業が潤う, まちに賑わいが生まれる",,特に心配はない,,"観光スポットを結ぶ交通機関, 駐車場",3,3,,7,,5,,60～69歳,男性
福井市,そう思う,人の行き来が活性化すると思うから,あまりそうは思わない,新幹線を使うことが少ないから,そう思う,"福井の知名度が上がると思うから
",そう思う,福井の良さを知って欲しいから,そう思う,"いろいろな魅力があると言思うから
",どちらかといえば評価している,"まだまだ知名度が低いと思うから
",どちらともいえない,"治安等が悪くなる可能性があるから
","観光客の消費によって飲食業や宿泊業が潤う, 波及効果により他の地場産業が活気づく, 地域の知名度が上がる",,"騒音やごみの増加, 治安の悪化",,"観光スポットを結ぶ交通機関, トイレ・休憩所等の整備及びユニバーサル化",4,4,"福井が好きなので
",8,"今の生活に満足しているから
",8,生活が大きく変わらないと思うから,60～69歳,女性
あわら市,あまりそうは思わない,関西方面が不便になった,そうは思わない,年金生活者には物価が上がった,あまりそうは思わない,関西方面の人が減ったように感じる,そう思う,福井県人だから,ややそう思う,マナーの悪い人が多すぎる,評価していない,建物だけ造って。後はほっぱらかしに感じる,どちらともいえない,単に通過点に感じる。,"まちに賑わいが生まれる, 波及効果により他の地場産業が活気づく, 歴史文化資源の保存活用につながる",,"騒音やごみの増加, 交通渋滞や路上駐車などの交通環境の悪化, 歴史文化資源の破壊, 自然破壊, 治安の悪化",,"観光スポットを結ぶ交通機関, 観光スポットの案内板や標識（多言語表示）, トイレ・休憩所等の整備及びユニバーサル化, 駐車場",3,4,日帰りで白山てっぺんから海まで行ける,3,車を使えなくなったら不便すぎる,1,交通の不便さ,70歳以上,男性
鯖江市,そうは思わない,鯖江は従来より特急が無くなり不便だと思う。,ややそう思う,子どもが東京で仕事してるので楽に行ける。,ややそう思う,経済効果が大きい。,ややそう思う,街作りに活気が出る。,ややそう思う,,どちらともいえない,効果が見えない。,どちらかと言えば好ましくない,高齢者なので静かに暮らしたい。,"観光客の消費によって飲食業や宿泊業が潤う, まちに賑わいが生まれる",,"騒音やごみの増加, 交通渋滞や路上駐車などの交通環境の悪化",,"観光スポットを結ぶ交通機関, トイレ・休憩所等の整備及びユニバーサル化, 体験施設",4,5,,10,,10,,60～69歳,男性
越前町,ややそう思う,カニ??のシーズンは気安くなった,全くそうは思わない,,ややそう思う,駅前に人が歩いている,ややそう思う,,ややそう思う,温泉地に行きやすい,どちらともいえない,,どちらともいえない,,"まちに賑わいが生まれる, 地域の知名度が上がる",,"交通渋滞や路上駐車などの交通環境の悪化, 治安の悪化",,"観光スポットを結ぶ交通機関, 観光スポットの案内板や標識（多言語表示）, 観光イベント, 体験施設",3,2,,4,,4,,60～69歳,男性
福井市,全くそうは思わない,駅から離れてるから。,全くそうは思わない,不便。,ややそう思う,一時的に観光客が増えた。,全くそうは思わない,観光業者ではない。,そうは思わない,福井は、石川のおまけ。,評価していない,うちらのまわりは、関係ない。,どちらともいえない,観光地が需要に体制が万全ではない。,観光客の消費によって飲食業や宿泊業が潤う,おかねが落ちる。,騒音やごみの増加,マナーが悪い。,"観光スポットを結ぶ交通機関, 観光スポットの案内板や標識（多言語表示）",1,1,過疎地である。,2,介護保険が高い。,1,年金では、生活が苦しい。,60～69歳,男性
おおい町,ややそう思う,活気が出る,あまりそうは思わない,,ややそう思う,,ややそう思う,,ややそう思う,,どちらともいえない,,どちらかと言えば好ましい,,"観光客の消費によって飲食業や宿泊業が潤う, まちに賑わいが生まれる",,"騒音やごみの増加, 交通渋滞や路上駐車などの交通環境の悪化, 治安の悪化",,"観光スポットを結ぶ交通機関, 観光イベント, 飲食施設, 宿泊施設、土産物屋, 観光案内所、観光ガイド, 体験施設",3,4,,8,,8,,40～49歳,女性
坂井市,ややそう思う,,あまりそうは思わない,"関西方面へのアクセスが億劫に思う
",ややそう思う,,とてもそう思う,,ややそう思う,,評価している,,どちらかと言えば好ましい,,"観光客の消費によって飲食業や宿泊業が潤う, まちに賑わいが生まれる, 波及効果により他の地場産業が活気づく, 地域の知名度が上がる, 観光客との交流が生まれる, 歴史文化資源の保存活用につながる, 移住・定住のきっかけとなる, ガイドなど市民参加の場が広がる",,"騒音やごみの増加, 交通渋滞や路上駐車などの交通環境の悪化",,"観光スポットを結ぶ交通機関, 障害者や高齢者への配慮（バリアフリー）, 飲食施設, 宿泊施設、土産物屋, 観光案内所、観光ガイド, 駐車場",2,3,,5,今後の公共交通機関の充実,7,,60～69歳,女性
福井市,あまりそうは思わない,,ややそう思う,,そう思う,,そう思う,,そう思う,,どちらともいえない,,好ましい,,"観光客の消費によって飲食業や宿泊業が潤う, 歴史文化資源の保存活用につながる, 移住・定住のきっかけとなる",,治安の悪化,,観光スポットを結ぶ交通機関,2,1,,3,,0,,70歳以上,女性
南越前町,ややそう思う,,ややそう思う,,ややそう思う,,ややそう思う,,ややそう思う,,どちらともいえない,,どちらかと言えば好ましい,,観光客の消費によって飲食業や宿泊業が潤う,,騒音やごみの増加,,"観光スポットを結ぶ交通機関, 観光マップやパンフレット",3,3,,5,,5,,40～49歳,男性
福井市,あまりそうは思わない,,あまりそうは思わない,,そう思う,,そう思う,,そう思う,,どちらかといえば評価している,,好ましい,,まちに賑わいが生まれる,,"交通渋滞や路上駐車などの交通環境の悪化, 自然破壊, 治安の悪化",,"観光スポットを結ぶ交通機関, トイレ・休憩所等の整備及びユニバーサル化",3,3,,8,,8,,60～69歳,男性
鯖江市,ややそう思う,鯖江市には駅がないので不便になった。,ややそう思う,東京には行きやすくなった。富山、金沢にも,そう思う,都会からも行きやすくなった,とてもそう思う,福井県をもっとアピールしたい。,そう思う,,評価している,,好ましい,,"観光客の消費によって飲食業や宿泊業が潤う, まちに賑わいが生まれる, 地域の知名度が上がる",,"騒音やごみの増加, 交通渋滞や路上駐車などの交通環境の悪化",,"観光スポットを結ぶ交通機関, トイレ・休憩所等の整備及びユニバーサル化, 宿泊施設、土産物屋",4,4,,9,,9,,60～69歳,男性
勝山市,とてもそう思う,市内走行中、レンタカーが多い,とてもそう思う,県外からもたくさんきてくれるし、こちらからもすぐ他県に行ける,とてもそう思う,勝山では、お昼ご飯を外食でと思うが、観光客が多いため、お昼ご飯難民になってしまう,とてもそう思う,恐竜博物館近くで4人の家族連れがいた。4人での家族写真を撮ってあげた。喜んでくれた,とてもそう思う,,とても評価している,,とても好ましい,,"観光客の消費によって飲食業や宿泊業が潤う, まちに賑わいが生まれる",,交通渋滞や路上駐車などの交通環境の悪化,,"観光スポットの案内板や標識（多言語表示）, トイレ・休憩所等の整備及びユニバーサル化",5,5,,9,雪さえ降らないといいな,9,,60～69歳,男性
福井市,そう思う,海外からの旅行者が増えた気がするから,ややそう思う,関東に行く時,そう思う,駅前が賑やかになる,そう思う,経済的に,そう思う,経済的に,どちらかといえば評価している,実際増えてると実感するから,好ましい,経済的に,"観光客の消費によって飲食業や宿泊業が潤う, まちに賑わいが生まれる",,治安の悪化,,"観光イベント, 飲食施設",2,3,半々だから,7,治安が良い,7,なんとなく,40～49歳,男性
坂井市,あまりそうは思わない,坂井市には停まらないから,あまりそうは思わない,何もかわらないから,とてもそう思う,県外ナンバーのレンタカーがふえたから,そう思う,美味しいものを紹介したいと思う,とてもそう思う,良い所があるから,評価している,イベントが増えるから,とても好ましい,福井県を知ってもらえる,"観光客の消費によって飲食業や宿泊業が潤う, まちに賑わいが生まれる, 波及効果により他の地場産業が活気づく, 地域の知名度が上がる, ガイドなど市民参加の場が広がる",にぎやかになるから,騒音やごみの増加,マナーの守れない方が多い,"観光スポットを結ぶ交通機関, トイレ・休憩所等の整備及びユニバーサル化, 駐車場",4,5,坂井市は食べ物も美味しいし緑も綺麗だから,9,あまり不安はないから便利がいい,9,変わらないから,60～69歳,女性
福井市,そう思う,県外からの観光客が増えた,あまりそうは思わない,実家が静岡なので帰省が不便になった,とてもそう思う,消えかけていた賑わいが戻ってきて、街全体が元気になると思う,とてもそう思う,福井によい印象を持っていただいてリピーターになってほしい,そう思う,繰り返し福井に来てもらって良さを知って欲しい,どちらともいえない,観光客目線の施策が足りないと感じる,どちらかと言えば好ましい,街が元気になる。,"観光客の消費によって飲食業や宿泊業が潤う, まちに賑わいが生まれる, 波及効果により他の地場産業が活気づく, 地域の知名度が上がる, 観光客との交流が生まれる, 歴史文化資源の保存活用につながる, 移住・定住のきっかけとなる",,"交通渋滞や路上駐車などの交通環境の悪化, 歴史文化資源の破壊, 自然破壊, 治安の悪化",,"観光スポットを結ぶ交通機関, 観光スポットの案内板や標識（多言語表示）, トイレ・休憩所等の整備及びユニバーサル化, 観光イベント, 障害者や高齢者への配慮（バリアフリー）, 観光マップやパンフレット, 飲食施設, 宿泊施設、土産物屋",4,4,いろいろな点で不便なところだとも思うが、魅力も多い地域だと思うから,7,自然も多く暮らしやすいところだと思う,6,少子高齢化が心配。,50～59歳,女性
越前市,ややそう思う,伝統産業への訪問が増えた感じがする。,全くそうは思わない,"以前と変わらない。
いや、中京・関西方面へのアクセスが不便になった。",ややそう思う,関東からの観光客は増えると思う。,そう思う,いろいろな「福井」を知ってもらうのはいい事と思う。,ややそう思う,「べき！」とは思わない。,どちらともいえない,「取り組み」をあまり知らない。,どちらかと言えば好ましい,人が来る、という事はいい事。,"観光客の消費によって飲食業や宿泊業が潤う, まちに賑わいが生まれる, 波及効果により他の地場産業が活気づく, 地域の知名度が上がる, 観光客との交流が生まれる, 歴史文化資源の保存活用につながる, ガイドなど市民参加の場が広がる",,特に心配はない,,"観光スポットを結ぶ交通機関, 観光スポットの案内板や標識（多言語表示）, 観光マップやパンフレット, 観光案内所、観光ガイド, その他",4,3,,5,,0,"問15までのなかで、回答者の発展的な意見を聞く問いかけがない。
特に問11。
「その他」に対しての問いかけがない。設問者の一種の傲慢さを感じる。発展的意見を問える重要な項目だったと思うけど。",60～69歳,男性
敦賀市,ややそう思う,開業時は観光客が増えた　,そうは思わない,,ややそう思う,,そう思う,,とてもそう思う,観光客が来ると経済も潤うし活気が出る,評価していない,,とても好ましい,,"観光客の消費によって飲食業や宿泊業が潤う, まちに賑わいが生まれる, 波及効果により他の地場産業が活気づく",,"交通渋滞や路上駐車などの交通環境の悪化, 治安の悪化",,"観光スポットを結ぶ交通機関, 観光イベント, 飲食施設, 宿泊施設、土産物屋, 駐車場, 体験施設",3,2,敦賀はあまり何もないから,6,"イオンみたいな大きな商業施設がない
娯楽もない
さびれている",1,若者も出ていき高齢化も進む,40～49歳,女性
福井市,そう思う,,そう思う,交通の便がよくなった,そう思う,,そう思う,,そう思う,,どちらともいえない,取り組み内容を把握していない,好ましい,,"観光客の消費によって飲食業や宿泊業が潤う, 波及効果により他の地場産業が活気づく",,特に心配はない,,"観光スポットを結ぶ交通機関, 障害者や高齢者への配慮（バリアフリー）",3,4,魚が美味しい,8,自然に恵まれているし、日常生活も不便さを感じない,8,,50～59歳,女性
越前市,ややそう思う,"武生駅の駐車場(道の駅)が平日の日中でも
満車が多いです。",ややそう思う,県外の車が、かなり増加しています。,とてもそう思う,"近場の観光地、飲食店、ショッピング店等が
如実に増えています。",とてもそう思う,やはり小売り店にも影響有ると思います。,とてもそう思う,,評価している,関係者の皆様、ありがとうございます。,好ましい,"やはり車の交通状況が変わりますので
お互いに今後も注意が必要と考えます。

","観光客の消費によって飲食業や宿泊業が潤う, まちに賑わいが生まれる, 波及効果により他の地場産業が活気づく, 地域の知名度が上がる, 歴史文化資源の保存活用につながる",,交通渋滞や路上駐車などの交通環境の悪化,,"観光スポットの案内板や標識（多言語表示）, 障害者や高齢者への配慮（バリアフリー）, 観光案内所、観光ガイド, その他",3,4,15分も車移動で沢山観光出来ます。,8,県外の知人もいない為、このままの生活スタイルで良いかな。,8,,70歳以上,男性
福井市,そう思う,,あまりそうは思わない,,そう思う,,そう思う,,そう思う,,評価している,,好ましい,,"まちに賑わいが生まれる, 地域の知名度が上がる",,"騒音やごみの増加, 交通渋滞や路上駐車などの交通環境の悪化",,"観光スポットを結ぶ交通機関, 観光スポットの案内板や標識（多言語表示）, 宿泊施設、土産物屋",3,3,,7,,7,,50～59歳,女性
越前町,とてもそう思う,自宅から最寄駅が遠く不便になり、鯖江駅の過疎がが進んだ。,そうは思わない,新幹線駅が遠い。,そう思う,恐竜博物館などが賑わうのは利益がある。,そう思う,財政的に潤うから。,ややそう思う,質問がおかしい。普通、あり続けないという選択を選ばないとおもう。,評価していない,旅行キャンペーンはなん年経ってももみているけど手際がわるい。,好ましい,財政的に潤う。,"観光客の消費によって飲食業や宿泊業が潤う, 移住・定住のきっかけとなる",若い移住者が増えるのはのぞましい。,"騒音やごみの増加, 交通渋滞や路上駐車などの交通環境の悪化, 自然破壊, 治安の悪化",白タクが増えそう。事故も増えそう。,駐車場,5,2,観光地が少ない。,6,自然が多い。,6,高齢化が進んで保険料などの負担がこわい。,40～49歳,無回答
敦賀市,とてもそう思う,北陸が繋がり、また、東も西もつながり、世界がつながったと思う,そう思う,移動しやすくなった,とてもそう思う,福井県の良さを感じていただける,とてもそう思う,なかなか面白いところだから,そう思う,穏やかな気持ちになれる場所だから,どちらかといえば評価している,あまり聞かないので,とても好ましい,賑わいがあってよい,"観光客の消費によって飲食業や宿泊業が潤う, まちに賑わいが生まれる, 波及効果により他の地場産業が活気づく, 観光客との交流が生まれる, 歴史文化資源の保存活用につながる, 移住・定住のきっかけとなる, ガイドなど市民参加の場が広がる",,特に心配はない,,"観光スポットを結ぶ交通機関, トイレ・休憩所等の整備及びユニバーサル化",4,4,自然がある,10,何でも在るから,10,何でも在るから,40～49歳,女性
福井市,とてもそう思う,観光客が増えた,ややそう思う,道が綺麗になってきた,とてもそう思う,観光収入が増えて良い,とてもそう思う,困っている人がいたら、声かけする,とてもそう思う,何もない!と言われているけど、恐竜博物館以外にも色々とある,とても評価している,SNSでの配信とか良くみる,とても好ましい,福井県にお金を落としていってくれる,観光客の消費によって飲食業や宿泊業が潤う,コロナでダメージを受けていたので、取り返して欲しい,"騒音やごみの増加, 交通渋滞や路上駐車などの交通環境の悪化",ゴミのポイ捨て,"観光スポットを結ぶ交通機関, トイレ・休憩所等の整備及びユニバーサル化, 障害者や高齢者への配慮（バリアフリー）, 観光マップやパンフレット, 駐車場",5,5,田舎って、静かで良い,8,雪がなければ,8,高齢になるので、元気で車の運転ができるかどーか心配,60～69歳,女性
越前町,ややそう思う,越前町までの交通手段が少ない,あまりそうは思わない,大阪まで繋がっていないから,ややそう思う,観光客が少し増えた,そう思う,福井の魅力を感じて欲しいから,とてもそう思う,福井の発展のためには必須,どちらともいえない,アピール不足,好ましい,賑やかになるから,"まちに賑わいが生まれる, 波及効果により他の地場産業が活気づく, 地域の知名度が上がる, 観光客との交流が生まれる, 移住・定住のきっかけとなる",,"騒音やごみの増加, 治安の悪化",,"観光スポットを結ぶ交通機関, 観光イベント, 観光マップやパンフレット, 宿泊施設、土産物屋, 体験施設",5,5,自然豊かで過ごしやすい,6,ゆったり過ごせるから,6,悪くはならないと思う。,60～69歳,男性
勝山市,とてもそう思う,恐竜博物館への来場者が増加する,全くそうは思わない,利用する機会が無い,とてもそう思う,日帰り観光も可能になる,とてもそう思う,リピーターを増やす,とてもそう思う,消費を維持向上させる,評価している,行政のメインイベント,とても好ましい,消費が増える,"観光客の消費によって飲食業や宿泊業が潤う, まちに賑わいが生まれる, 波及効果により他の地場産業が活気づく, 地域の知名度が上がる",,"騒音やごみの増加, 交通渋滞や路上駐車などの交通環境の悪化, 自然破壊, 治安の悪化",,"観光スポットを結ぶ交通機関, 飲食施設, 宿泊施設、土産物屋, 駐車場",3,3,,8,,8,,60～69歳,男性
福井市,そう思う,観光客が増えて駅前周辺が若干活気づいたように感じるから。,あまりそうは思わない,自分は車移動が多いのと、駅前周辺のすべての単価が上がってきたように感じるから。,そう思う,観光地として賑わうことで、街が活性化していくことは多くの面でメリットがあると感じるから。,そう思う,色々な方に福井県の良さを知ってもらいたいと強く感じるから。,とてもそう思う,お米や水、海の幸、お蕎麦など他に誇れる名品が多くあると感じるから。,評価している,各団体が一丸となって福井県を全国各地にアピールしている努力が伝わってくるから。,とても好ましい,街が活気づき、様々な方面でよい影響が出ると考えるから。,"まちに賑わいが生まれる, 波及効果により他の地場産業が活気づく, 地域の知名度が上がる, 移住・定住のきっかけとなる",,"交通渋滞や路上駐車などの交通環境の悪化, 自然破壊, 治安の悪化",,"観光イベント, 飲食施設, 駐車場",5,5,,9,,10,,40～49歳,男性
鯖江市,そうは思わない,鯖江には新幹線の駅がなく、中京関西からの特急もなくなったから。,あまりそうは思わない,中京関西圏へ行きにくくなった。,そう思う,東京圏からは来やすくなった。,とてもそう思う,たくさん来てもらえるのは嬉しいし、ありがたい。,そう思う,県の人口が減るので、他から来てもらうことが大事に、なってくる。,評価している,恐竜県とイメージを植え付けている,好ましい,お金を落としていってくれる,"観光客の消費によって飲食業や宿泊業が潤う, まちに賑わいが生まれる, 波及効果により他の地場産業が活気づく, 地域の知名度が上がる, 観光客との交流が生まれる",,"騒音やごみの増加, 交通渋滞や路上駐車などの交通環境の悪化, 治安の悪化",,"観光スポットを結ぶ交通機関, 観光スポットの案内板や標識（多言語表示）, 宿泊施設、土産物屋, 駐車場",5,5,鯖江は地場産業もあり、楽しんでもらえると思う,8,暮らしやすい,6,子供が減って。人口が減る,50～59歳,男性
福井市,そう思う,東京へのアクセスの選択肢が増えた,そう思う,街の発展は個人の生活改善に影響するから,あまりそうは思わない,観光業界自体がそもそも衰退(後継者不足、よい企画の不足)しているため、観光客が増えても大手のホテル等には売上増になっても地場の企業の利益に繋がらない,ややそう思う,福井は良い街、自然あふれる県なので美しい県を知って貰うのは良いことだと思うため,そう思う,東尋坊や永平寺、年縞博物館、恐竜博物館等、世界に通用する観光資源を持っていることを県の産業として活かさない手はないため,どちらともいえない,新幹線は出来たものの、新幹線で来た顧客への観光導線が脆弱だと感じるため,どちらかと言えば好ましい,観光も産業として大切だから,歴史文化資源の保存活用につながる,古き良きものを守るにはコストがかかるため、その費用を観光客からの収益に求めるのは大切だから,"騒音やごみの増加, 歴史文化資源の破壊, 自然破壊, 治安の悪化",観光客に海外からの客も入れて考えれば、悪い事はかなり起こると思う。そもそも、日本人の様に大人しくて綺麗好きな民族はほぼいないから。,"観光スポットを結ぶ交通機関, 観光イベント, 宿泊施設、土産物屋",1,3,既に限界集落なためもてなす人員がいないから,0,自然あふれる街だから。但し、近くに建てられている大量の風力発電が稼働しつつあるため福井から他地へ移住する事を検討している,3,風力発電開発や太陽光パネルの設置が進んでいる様に感じるから,50～59歳,女性
高浜町,ややそう思う,敦賀市の駅前などが開発され始めた,あまりそうは思わない,敦賀市から遠い,ややそう思う,観光客が少なめな気がするので、増えるといいと思う,ややそう思う,,ややそう思う,オーバーツーリズムにならない程度になってほしい,どちらともいえない,交通の便は、あまり良くない,どちらかと言えば好ましい,経済が回るから,"観光客の消費によって飲食業や宿泊業が潤う, まちに賑わいが生まれる",,"騒音やごみの増加, 交通渋滞や路上駐車などの交通環境の悪化, 歴史文化資源の破壊, 自然破壊, 治安の悪化",オーバーツーリズムは各地で問題になっているから,"観光スポットを結ぶ交通機関, 駐車場, 体験施設",3,3,,5,,5,,40～49歳,男性
坂井市,そうは思わない,新幹線の駅はないから,そうは思わない,,ややそう思う,,ややそう思う,,ややそう思う,,どちらかと言えば評価していない,,どちらかと言えば好ましい,,"観光客の消費によって飲食業や宿泊業が潤う, まちに賑わいが生まれる, 移住・定住のきっかけとなる",,"騒音やごみの増加, 交通渋滞や路上駐車などの交通環境の悪化",,観光スポットを結ぶ交通機関,3,2,,5,,5,,40～49歳,女性
福井市,ややそう思う,大阪前線開通,あまりそうは思わない,乗り継ぎあり,ややそう思う,新幹線で関東から,ややそう思う,活気,あまりそうは思わない,企業誘致,評価していない,詳細な説明無し,どちらともいえない,治安,まちに賑わいが生まれる,観光増加,治安の悪化,外国人,観光スポットを結ぶ交通機関,3,3,pr不足と一貫性の無さ,5,企業の無さ,5,変わらない,50～59歳,男性
福井市,ややそう思う,,あまりそうは思わない,,とてもそう思う,活性化される,ややそう思う,,そう思う,,どちらかといえば評価している,,好ましい,,"観光客の消費によって飲食業や宿泊業が潤う, まちに賑わいが生まれる, 波及効果により他の地場産業が活気づく, 地域の知名度が上がる, 観光客との交流が生まれる",,特に心配はない,,"観光スポットを結ぶ交通機関, 観光スポットの案内板や標識（多言語表示）, トイレ・休憩所等の整備及びユニバーサル化, 飲食施設, 宿泊施設、土産物屋, 観光案内所、観光ガイド, 駐車場",4,5,,7,,7,,60～69歳,女性
福井市,ややそう思う,乃木坂のコンサートが開催された,ややそう思う,乃木坂ちゃんが来訪した,そう思う,観光集客は大事,そう思う,おもてなしは大事,そう思う,いちいち理由を聞かない！,どちらかといえば評価している,何をしてるか良くわからなか,好ましい,お金,"観光客の消費によって飲食業や宿泊業が潤う, 波及効果により他の地場産業が活気づく",,"騒音やごみの増加, 交通渋滞や路上駐車などの交通環境の悪化",,"飲食施設, 駐車場",3,4,長所が多い,8,家族と居られる,8,公営住宅に入りたい,60～69歳,男性
福井市,とてもそう思う,街が変わってゆくから,とてもそう思う,街が賑やかになるから,とてもそう思う,福井のPRになるから,とてもそう思う,福井の良いところを知ってほしい。,とてもそう思う,良いところがたくさんあるから,どちらともいえない,人が集う心理をわかってない,とても好ましい,街が発展する,"観光客の消費によって飲食業や宿泊業が潤う, まちに賑わいが生まれる, 波及効果により他の地場産業が活気づく, 地域の知名度が上がる, 歴史文化資源の保存活用につながる",,"騒音やごみの増加, 交通渋滞や路上駐車などの交通環境の悪化, 治安の悪化",,"観光スポットを結ぶ交通機関, 観光スポットの案内板や標識（多言語表示）, トイレ・休憩所等の整備及びユニバーサル化, 飲食施設, 宿泊施設、土産物屋, 駐車場",5,5,他にない物が沢山ある,10,生まれ育った良いところだから,10,良いところが更に良くなっている,60～69歳,男性
福井市,そう思う,他の県から来る観光客が増えた,ややそう思う,東京まで行き易くなった,ややそう思う,海外の方のモラルのない行為は気になる,そう思う,自然も素晴らしいけど、何より食べ物はどこよりも美味しいと思う。都会よりも安く美味しいのはもっと知って欲しい,ややそう思う,福井の良さを知ってほしい気持ちはあるが、自分の行きつけの店まで混み始めると困ってしまう,どちらかと言えば評価していない,こんなに自然豊かで、食べ物も美味しいのをもっとSNSとかで拡げてほしい,どちらかと言えば好ましい,人気になるのはいい。ルールは守って欲しい,"観光客の消費によって飲食業や宿泊業が潤う, まちに賑わいが生まれる, 波及効果により他の地場産業が活気づく, 地域の知名度が上がる, 移住・定住のきっかけとなる",住みやすい土地なので、移住者が増えて欲しい,"騒音やごみの増加, 交通渋滞や路上駐車などの交通環境の悪化, 歴史文化資源の破壊, 自然破壊, 治安の悪化, 日常生活に影響が出るほどの不安",恐竜博物館周りなどは人がふえすぎて、行かなくなった,"観光スポットを結ぶ交通機関, トイレ・休憩所等の整備及びユニバーサル化, 観光イベント, 宿泊施設、土産物屋, 体験施設",3,4,自然豊かで良いが、観光地が駅から離れているので、どうしても交通の便が悪い,9,良い所だが、学校などの選択肢が少ない,9,親が介護が必要になるかもしれないが、車社会が厳しい,40～49歳,女性
福井市,そう思う,駅前に人が多い。,そう思う,大阪の実家が遠くなった。,そう思う,外気に触れる事は良いと思う。,そう思う,良い場所を見てほしい。,そう思う,折角の新幹線開通で、当然だと思う。,どちらかといえば評価している,良く分からないが、知事のsns投稿の行動力は感心します。,どちらかと言えば好ましい,治安が悪くならなければいいが…,"観光客の消費によって飲食業や宿泊業が潤う, まちに賑わいが生まれる, 波及効果により他の地場産業が活気づく, 歴史文化資源の保存活用につながる",経済効果が上がれば…,"騒音やごみの増加, 交通渋滞や路上駐車などの交通環境の悪化, 治安の悪化",交通マナーは元々悪いと思いますが…,"観光スポットを結ぶ交通機関, 観光スポットの案内板や標識（多言語表示）, トイレ・休憩所等の整備及びユニバーサル化, 障害者や高齢者への配慮（バリアフリー）, 観光マップやパンフレット, 飲食施設, 宿泊施設、土産物屋, 観光案内所、観光ガイド, 駐車場",4,3,福井県は住みやすく良い町と思います。,7,子育ての環境は良かった。,6,幸せだといいですねー？今のままだと思う。,50～59歳,男性
勝山市,そう思う,"早く目的地に行ける

",そうは思わない,乗る機会がほとんど無い,そう思う,メディアに取り上げてもらえる,そう思う,リピーターを増やしたい,そう思う,特に産業が無いから,評価している,福井市だけが頑張っている。,好ましい,街の活性化につながる,"観光客の消費によって飲食業や宿泊業が潤う, 地域の知名度が上がる",,特に心配はない,,"観光イベント, 体験施設",3,4,全国的に無名の県だから。,5,雪が最大のデメリット,5,変わらないと思う,60～69歳,男性
坂井市,あまりそうは思わない,福井県全体として効果はあると思うが、坂井市は福井市と芦原市の中間にあるので、あまり効果は無いようにおもいます。,あまりそうは思わない,そもそも新幹線で敦賀方面には行かない。敦賀方面いくならやはり車で行く。旅行行くなら東京よりは、やはり京都かな。,とてもそう思う,もっと観光を活用していかないと、福井県が発展していかないと思う。,とてもそう思う,もっと多くの人に来てもらいたいと思うから,とてもそう思う,多くの人が楽しめて、満足できる観光資源がたくさんあると思うから,どちらかといえば評価している,何をしているのかが、伝わってこないし、何をしているのかよくわからない,とても好ましい,観光客が増加してこそ、福井県は発展し、活性化していくと思うから,"観光客の消費によって飲食業や宿泊業が潤う, まちに賑わいが生まれる, 波及効果により他の地場産業が活気づく, 観光客との交流が生まれる",,特に心配はない,,"観光スポットを結ぶ交通機関, トイレ・休憩所等の整備及びユニバーサル化, 観光イベント, 駐車場, 体験施設",1,3,地域の魅力を発揮できるような施設がないから,9,とても暮らしやすいと思うから,10,今からもっと良くなって欲しいから,70歳以上,男性
小浜市,ややそう思う,,そう思う,金沢とか行きやすい。東京へは、まだ米原まわりの方が早いけど。,そう思う,,そう思う,,そう思う,,評価している,,好ましい,,"観光客の消費によって飲食業や宿泊業が潤う, まちに賑わいが生まれる, 波及効果により他の地場産業が活気づく, 地域の知名度が上がる, 歴史文化資源の保存活用につながる",,騒音やごみの増加,,"観光スポットを結ぶ交通機関, 観光スポットの案内板や標識（多言語表示）, トイレ・休憩所等の整備及びユニバーサル化, 障害者や高齢者への配慮（バリアフリー）, 飲食施設, 駐車場, 体験施設",3,2,,8,,8,,60～69歳,女性
福井市,全くそうは思わない,関西、中京地区の往来が不便になった。関東に行く事は無いが関西、中京には良く行くので、不便です。,全くそうは思わない,仕事、私用で関西、中京に行く事が多いので不便,あまりそうは思わない,一時的に関東地区の観光客が増えるだろうが、福井と繋がりが多い関西、中京地区からは不便の声を良く聞く。,そう思う,地区を問わず福井を、訪れる人は歓迎している。,あまりそうは思わない,目的地、旅先でも、宿泊が伴わないのは、マイナスだ。,評価していない,多くの団体は関東に向いている。,好ましい,福井県に観光客が増えるのは良いことです｡,"観光客の消費によって飲食業や宿泊業が潤う, まちに賑わいが生まれる, 地域の知名度が上がる",,"騒音やごみの増加, 交通渋滞や路上駐車などの交通環境の悪化, 歴史文化資源の破壊, 自然破壊, その他",日本のマナーを、知らない外国人によって自然破壊や歴史的景観の破壊が心配｡,"観光スポットの案内板や標識（多言語表示）, 障害者や高齢者への配慮（バリアフリー）, 観光マップやパンフレット, 駐車場",1,3,県外の人の訪れる目的によって違う。,2,交通の不便さ。,1,高齢者増加に対する対応の悪さ、政策が高齢者や身体の不自由者に向き合っていない。,70歳以上,男性
福井市,そう思う,観光客増加に伴い宿泊施設が増えたが増えすぎでは？,あまりそうは思わない,一般家庭への影響はないに等しいかと。,そう思う,お金を落としてもらえる事によって税収は増える,とてもそう思う,恐竜以外にもいいトコいっぱいある。,あまりそうは思わない,恐竜という子供向けのコンテンツはあるが、大人への隠れた観光地的な位置付けでも良いのではなきか。,どちらかといえば評価している,,好ましい,問６の理由と同じ,"観光客の消費によって飲食業や宿泊業が潤う, まちに賑わいが生まれる, 波及効果により他の地場産業が活気づく, 地域の知名度が上がる, 観光客との交流が生まれる, 歴史文化資源の保存活用につながる, 移住・定住のきっかけとなる, ガイドなど市民参加の場が広がる",,特に心配はない,,観光スポットを結ぶ交通機関,2,4,いいトコいっぱいある,8,不幸だと感じることがほぼないから,6,人口減少と高齢化により生活が不便になっていきそう,50～59歳,男性
坂井市,とてもそう思う,"お客さんがいっぱい来るから
潤っていくでしょう",とてもそう思う,"新幹線を使うと早く移動できるから
自分も使う時にやっぱり良かったと思うから",とてもそう思う,"変な人は ごく一部で
大多数がいい人だと思うから",とてもそう思う,"やはり お客さんがいい気分で帰ってほしいから
会う人皆が 
全ての会う人に気を付けた方がいいと思う",とてもそう思う,うまくいけば さらに潤っていくでしょう,評価している,"さらにいろんな施策を講じてますます発展していって欲しいと思う
なので 普通の評価している
というところにチェックをしました",とても好ましい,"問4でも言うたのですがやはり変な人はごく一部で
大多数がいい人だと思うから","観光客の消費によって飲食業や宿泊業が潤う, まちに賑わいが生まれる, 波及効果により他の地場産業が活気づく, 地域の知名度が上がる, 観光客との交流が生まれる, 移住・定住のきっかけとなる, ガイドなど市民参加の場が広がる",,"騒音やごみの増加, 交通渋滞や路上駐車などの交通環境の悪化, 歴史文化資源の破壊, 自然破壊, 治安の悪化, 日常生活に影響が出るほどの不安","問4、8でも 言うた通り変な人は 極一部で
大多数がいい人だと思うのですが
その刻 一部の人が変なことしないかが やはり 心配ですね","観光スポットを結ぶ交通機関, 観光スポットの案内板や標識（多言語表示）, トイレ・休憩所等の整備及びユニバーサル化, 観光イベント, 障害者や高齢者への配慮（バリアフリー）, 観光マップやパンフレット, 飲食施設, 観光案内所、観光ガイド, 駐車場, 体験施設",4,4,"費用対効果は良いとして
後は需要に対して供給が追いつかないと思うから",9,"空気が美味しい
飲食が美味しい
遊ぶところが少ないけど
自分 これで満足していますよ",10,"段々 年を取っていくとそれほど外出をしなくても
いいような気持ちになってくると思うから",50～59歳,男性
坂井市,そう思う,丸岡城などの観光施設に観光客が増えた。,そう思う,観光客や地元住人向けサービスが充実していくと思うから,そう思う,停滞していた経済が活性していく気がするから,そう思う,リピートにつなげたいから,そう思う,観光資源が豊富にあるから,評価している,坂井市の精力的なSNS発信などを見聞きしているから,好ましい,,"観光客の消費によって飲食業や宿泊業が潤う, まちに賑わいが生まれる, 地域の知名度が上がる, 歴史文化資源の保存活用につながる, 移住・定住のきっかけとなる, ガイドなど市民参加の場が広がる",,"騒音やごみの増加, 交通渋滞や路上駐車などの交通環境の悪化, 自然破壊, 日常生活に影響が出るほどの不安",,"観光スポットを結ぶ交通機関, 観光スポットの案内板や標識（多言語表示）, 障害者や高齢者への配慮（バリアフリー）, 飲食施設, 宿泊施設、土産物屋, 観光案内所、観光ガイド, 駐車場",5,5,,8,,8,,60～69歳,男性
福井市,あまりそうは思わない,駅前ですら観光客が歩いている姿が少ない,あまりそうは思わない,仕事プライベート共に東京に行くことがなく関係ない。仕事にも何も影響がない,ややそう思う,,とてもそう思う,福井が賑やかになり、福井の経済が回って欲しい,とてもそう思う,,どちらともいえない,情報発信が少ない,とても好ましい,,"観光客の消費によって飲食業や宿泊業が潤う, まちに賑わいが生まれる, 波及効果により他の地場産業が活気づく",,"騒音やごみの増加, 自然破壊",,観光スポットを結ぶ交通機関,2,4,,7,,6,,40～49歳,男性
坂井市,ややそう思う,,そう思う,,ややそう思う,,とてもそう思う,,とてもそう思う,,評価している,,好ましい,,観光客の消費によって飲食業や宿泊業が潤う,,騒音やごみの増加,,観光スポットの案内板や標識（多言語表示）,5,5,,6,,6,,40～49歳,女性
福井市,ややそう思う,駅前で写真撮影している観光客数があきらかに増えている感じがする。,あまりそうは思わない,実感はない,ややそう思う,観光客向けの情報から新たな発見を得られる。,そう思う,よい印象をもって帰ってほしい,そう思う,,評価している,,とても好ましい,,"まちに賑わいが生まれる, 波及効果により他の地場産業が活気づく",,騒音やごみの増加,,"観光スポットを結ぶ交通機関, トイレ・休憩所等の整備及びユニバーサル化, 飲食施設, 宿泊施設、土産物屋, 駐車場",4,3,,6,,6,,50～59歳,女性
越前市,そう思う,福井に来てくれる人が増えたと思う,あまりそうは思わない,観光できてくれた人が交通の便で不便に感じてるんじゃないかと思う,そう思う,人がたくさん来てくれることが県や町を潤すことになると思うから,とてもそう思う,魅力的な場所が多いので知ってもらいたい,ややそう思う,,評価している,知事のSNSなど他県にちゃんとアピールしておると思う,とても好ましい,県が潤う　活気がでる,"観光客の消費によって飲食業や宿泊業が潤う, まちに賑わいが生まれる, 波及効果により他の地場産業が活気づく, 地域の知名度が上がる",,特に心配はない,問題になるようなことは起こらないと信じてます,"観光スポットを結ぶ交通機関, トイレ・休憩所等の整備及びユニバーサル化",1,4,ここでしか見れない景色がある,9,越前たけふ駅周辺の整備を早くしてほしい,7,車社会なので交通の便が心配,60～69歳,女性
あわら市,そう思う,観光客が増えた,そう思う,,あまりそうは思わない,,ややそう思う,,ややそう思う,,どちらかといえば評価している,,どちらかと言えば好ましい,,"観光客の消費によって飲食業や宿泊業が潤う, 地域の知名度が上がる",,"騒音やごみの増加, 交通渋滞や路上駐車などの交通環境の悪化, 歴史文化資源の破壊, 自然破壊",,"観光スポットを結ぶ交通機関, 飲食施設, 宿泊施設、土産物屋, 駐車場, 体験施設",3,4,,7,,5,,50～59歳,女性
福井市,全くそうは思わない,北陸三県で福井の産業が衰退している中で新幹線のメリットが出ない,全くそうは思わない,産業が発展してないので生活水準-賃金格差が出てきている中で幸福度は上がらない,全くそうは思わない,知事がインスタで観光PRしているが、観光で県政が発展できない。これしか施策がないのか？と、しかも観光も発展していないのが現実。産業や商業施設など誘致しないと発展はしない。,全くそうは思わない,福井の観光魅力は北陸三県の中で1番魅力がない。,全くそうは思わない,古い既得権益が残っており経済発展の将来性はない,まったく評価していない,他県を見ても普通以下のPRです。観光を県の財源として考えてるのであれば、もう崩壊しています,全く好ましくない,増加したとしても収益は頭打ちだと思う。産業はない。商業施設はない。人口は減少。しかも高齢化,特に効果は期待できない,観光産業として発展していない。発展努力も感じられない。大型商業施設の誘致が必要。それを既得権益でできない古い抵抗勢力があるなら。自由競争の中で淘汰され作り上げ直した方がいい。観光施策として見習うべき県では色々実行しています,特に心配はない,"今の県経済的に進化、発展はしないと思うため
影響が出たとしても他県レベルよりない","観光スポットを結ぶ交通機関, 観光スポットの案内板や標識（多言語表示）, 観光イベント, 観光マップやパンフレット",1,1,福井に観光に来ても滞在したいと感じるほど。魅力、場所、数がない。リピートもしない。住んでいても行きたいところがない。,0,福井にいても行きたいところがない。PRや自慢できるところがない。海産物だけ。ある県は観光以外に海産物農産物に力を入れている,0,"産業もなく商業施設もうなく人口も高齢化と減少。県民負担が増える要素しか無い。北陸三県では石川か富山は今後も発展すると感じる
事例として子育ても不向き。既得権益の世界で企業努力していない業界を優遇している。衣料店が指定されていて高い金額。学生服を指定店にしたりしているが、そのお店には年寄り経営者である。あと小規模事業者が多く正しく税金徴収していると思えない。個人事業者も税金を誤魔化している。",60～69歳,男性
鯖江市,ややそう思う,他県から福井への観光にはアクセスが良くなったと思う,あまりそうは思わない,新幹線開業によるメリットが感じられない。越前武生を利用するにも福井駅を利用するにも中途半端。,ややそう思う,観光客による経済効果があると思う。,そう思う,海の幸、山の幸が豊富な福井県にどんどん来て欲しい,とてもそう思う,知名度を上げて行く必要があると思います。,どちらかといえば評価している,,好ましい,,"観光客の消費によって飲食業や宿泊業が潤う, まちに賑わいが生まれる, 波及効果により他の地場産業が活気づく, 地域の知名度が上がる, 歴史文化資源の保存活用につながる, 移住・定住のきっかけとなる",,"騒音やごみの増加, 交通渋滞や路上駐車などの交通環境の悪化, 歴史文化資源の破壊, 自然破壊",,"観光スポットを結ぶ交通機関, 観光スポットの案内板や標識（多言語表示）, トイレ・休憩所等の整備及びユニバーサル化, 観光イベント, 障害者や高齢者への配慮（バリアフリー）, 観光マップやパンフレット, 飲食施設, 宿泊施設、土産物屋, 観光案内所、観光ガイド, 駐車場, 体験施設",3,3,,5,,5,,50～59歳,女性
鯖江市,あまりそうは思わない,停まらない,あまりそうは思わない,乗らない,ややそう思う,,あまりそうは思わない,,ややそう思う,,どちらかと言えば評価していない,場当たり的,どちらかと言えば好ましくない,,地域の知名度が上がる,,"騒音やごみの増加, 交通渋滞や路上駐車などの交通環境の悪化",,"観光スポットを結ぶ交通機関, 障害者や高齢者への配慮（バリアフリー）",3,3,,6,,6,,60～69歳,男性
鯖江市,ややそう思う,人の流れが変わった。,そう思う,東京に行きやすくなった,そう思う,今まで来たことのない人が福井に来る人が多くなった,そう思う,福井に活気がでるは良い,そう思う,福井をもっと知ってほしいから,どちらともいえない,細かいことをよく知らない,好ましい,福井を知ってほしい,"観光客の消費によって飲食業や宿泊業が潤う, まちに賑わいが生まれる, 波及効果により他の地場産業が活気づく, 地域の知名度が上がる, 歴史文化資源の保存活用につながる, 移住・定住のきっかけとなる",,"騒音やごみの増加, 治安の悪化",,"観光スポットを結ぶ交通機関, 観光スポットの案内板や標識（多言語表示）, トイレ・休憩所等の整備及びユニバーサル化, 宿泊施設、土産物屋, 観光案内所、観光ガイド, 駐車場",3,4,,8,おおむね満足ですが、公共交通機関が不安。,7,"年をとって、車を運転しなくなったら困りそうです
",60～69歳,女性
小浜市,とてもそう思う,観光客が増えて街に活気が少しながら戻った,ややそう思う,関東、東北方面へのアクセスがしやすくなった,とてもそう思う,人の流動が生まれることは何事よりも良い影響だと思う,とてもそう思う,福井を知ろう、見ようとして来てくれるのだから当たり前のこと,とてもそう思う,観光産業は県の大きな収入源になるので,どちらともいえない,具体的な観光振興内容を知らない,とても好ましい,経済効果に良い影響がある,"観光客の消費によって飲食業や宿泊業が潤う, まちに賑わいが生まれる, 波及効果により他の地場産業が活気づく, 歴史文化資源の保存活用につながる",経済がまわるから,"騒音やごみの増加, 交通渋滞や路上駐車などの交通環境の悪化, 歴史文化資源の破壊, 自然破壊, 治安の悪化",他県でそのような事例がニュースになっているので,"観光スポットを結ぶ交通機関, 観光イベント, 体験施設, その他",5,3,おすすめ出来るメイン観光スポットがない,10,特に不満がないので,10,,40～49歳,男性
大野市,あまりそうは思わない,新幹線沿線ではない,あまりそうは思わない,関西方面ヘ行くのに乗り換えが大変,あまりそうは思わない,,とてもそう思う,,とてもそう思う,,どちらかといえば評価している,,どちらかと言えば好ましい,,"観光客の消費によって飲食業や宿泊業が潤う, 地域の知名度が上がる",,治安の悪化,,観光スポットを結ぶ交通機関,5,3,,8,,8,,50～59歳,女性
坂井市,ややそう思う,"色々な土地からの人に地元の良さを知ってもらいたい。
そしてお金を使って欲しい。",ややそう思う,交通の便が良くなる事は助かる。,ややそう思う,今のところはマナー良い人が多いと思うが、嶺南の海水浴客などには色々な話しを聞くので、数が増えると又変わってくるだろう。,ややそう思う,お互いに敬意を持って対応したい,そう思う,見処は多いし、知ってもらいたい。,どちらともいえない,坂井ほや丸など、本当に必要なのか？と。,どちらかと言えば好ましい,"お金を使ってもらえればよいとは思うが、
コロナや景気で安定する事は中々大変だなぁと感じている。","観光客の消費によって飲食業や宿泊業が潤う, まちに賑わいが生まれる, 波及効果により他の地場産業が活気づく, 歴史文化資源の保存活用につながる, ガイドなど市民参加の場が広がる",雇用や産業が発達する事は好ましい。,"騒音やごみの増加, 交通渋滞や路上駐車などの交通環境の悪化, 歴史文化資源の破壊, 自然破壊, 治安の悪化, 日常生活に影響が出るほどの不安","京都や東京に出掛ける事があるが、
観光地はインバウンドや観光客で歩く事も大変。
現地の知人も生活に支障が出る事もあるとこぼしている。","障害者や高齢者への配慮（バリアフリー）, 体験施設",3,3,"福井にしか住んたことが無い。
比べる事が出来ないのでお勧めは難しいかな。",4,雪が無ければ尚良し,4,年齢的に不便になって来るだろう,50～59歳,無回答
福井市,そう思う,外国の方や県外からの観光客が増えてます,あまりそうは思わない,サンダーバードやしらさぎがあった時は乗り換えなしで行けたし運賃が安かった。新幹線は乗り心地良く速いのはいいです,そう思う,街の整備が整ってきた　賑わいと経済効果はあると思う,そう思う,福井の良さを知ってもらいたい,そう思う,持続可能でないと意味がない,どちらかといえば評価している,観光客だけでなく、市民も共に楽しめるようになるといい,どちらかと言えば好ましい,マナーを守ってくれるなら増えた方がいい,"観光客の消費によって飲食業や宿泊業が潤う, まちに賑わいが生まれる, 地域の知名度が上がる, 移住・定住のきっかけとなる",,"交通渋滞や路上駐車などの交通環境の悪化, 自然破壊, 治安の悪化",,"観光スポットを結ぶ交通機関, 観光スポットの案内板や標識（多言語表示）, トイレ・休憩所等の整備及びユニバーサル化, 障害者や高齢者への配慮（バリアフリー）, 体験施設",3,4,福井の人の良さ,8,田舎の不便さはなく、都会の騒がしさもなく生活していく中では丁度いい,9,免許を返納しても行きたい所に行ける様になってもらえる事を期待する,60～69歳,女性
永平寺町,ややそう思う,東京へのアクセスはとても便利になったが関西へのアクセス特に敦賀駅での乗り換えが負担,そう思う,東京へは乗り換え無しで行ける,ややそう思う,恐竜以外での誘致がもっと必要,とてもそう思う,経済が潤う,ややそう思う,まだまだ金沢に比べたら観光客は少ない,どちらともいえない,恐竜、永平寺、東尋坊しか思い浮かばない,好ましい,経済効果のUP,"観光客の消費によって飲食業や宿泊業が潤う, まちに賑わいが生まれる, 波及効果により他の地場産業が活気づく, 地域の知名度が上がる, 歴史文化資源の保存活用につながる, 移住・定住のきっかけとなる, ガイドなど市民参加の場が広がる",,"騒音やごみの増加, 交通渋滞や路上駐車などの交通環境の悪化, 歴史文化資源の破壊, 自然破壊, 治安の悪化",,"観光スポットを結ぶ交通機関, 観光スポットの案内板や標識（多言語表示）, トイレ・休憩所等の整備及びユニバーサル化, 観光イベント, 障害者や高齢者への配慮（バリアフリー）, 観光マップやパンフレット, 飲食施設, 宿泊施設、土産物屋, 観光案内所、観光ガイド, 駐車場, 体験施設",4,4,永平寺に訪れる観光客が癒されている,8,水や空気が綺麗で自然が豊富,8,自然はまだ変わらずにあると思う,60～69歳,女性
越前市,あまりそうは思わない,県外ナンバーの車が増えたと思うが、交通量が多くなって困る事はないから,あまりそうは思わない,自動車生活への影響は少ないから,とてもそう思う,知事がInstagramで観光アピールをしている投稿のコメント欄が行ってみたいと言うのをよく目にするから,そう思う,観光が潤うのは福井としてもいいと思うから,とてもそう思う,新幹線が開通したから,とても評価している,新幹線が開通して3年が経ったが新しい福井になりつつあると思うから,とても好ましい,県民として嬉しい,観光客の消費によって飲食業や宿泊業が潤う,,"自然破壊, 治安の悪化",,"トイレ・休憩所等の整備及びユニバーサル化, 飲食施設, 宿泊施設、土産物屋",4,4,,8,,8,,20～29歳,女性
あわら市,ややそう思う,,ややそう思う,,とてもそう思う,,ややそう思う,,ややそう思う,,どちらともいえない,,どちらかと言えば好ましい,,観光客の消費によって飲食業や宿泊業が潤う,,"騒音やごみの増加, 治安の悪化",,"観光スポットを結ぶ交通機関, 宿泊施設、土産物屋",2,2,,3,,4,,40～49歳,女性
福井市,そう思う,人口の出入り、移動があり経済的にも社会的にも賑わいがあり上昇すると思う。,そう思う,関東までの移動時間の短縮,そう思う,活気が出る,そう思う,他府県に比べあまりこれと言う目玉はないが水、米、海里山の食材が美味しい、人が良い。,そう思う,都会には無い良さが福井県にはある,評価している,広報や新聞、テレビを観て良いと思う。,好ましい,県が豊かになる。,"観光客の消費によって飲食業や宿泊業が潤う, まちに賑わいが生まれる, 波及効果により他の地場産業が活気づく, 観光客との交流が生まれる, 歴史文化資源の保存活用につながる, 移住・定住のきっかけとなる",上記が理由,"騒音やごみの増加, 治安の悪化",上記の通り,"観光スポットの案内板や標識（多言語表示）, 障害者や高齢者への配慮（バリアフリー）",5,5,良いものは良い,8,県外で4府県住んでみたがやはり福井県が1番,8,5年後に新幹線が大阪まで繋がっていれば10だが…,60～69歳,女性
坂井市,そう思う,福井県は観光地と美味しい物が沢山あります。,そう思う,新幹線で早く行けて便利です。,そう思う,観光地が多いです。,そう思う,楽しんで行ってほしいです。,とてもそう思う,観るもの、食べ物があります。,評価している,,とても好ましい,,"観光客の消費によって飲食業や宿泊業が潤う, まちに賑わいが生まれる, 波及効果により他の地場産業が活気づく, 地域の知名度が上がる, 観光客との交流が生まれる, 歴史文化資源の保存活用につながる, 移住・定住のきっかけとなる, ガイドなど市民参加の場が広がる",,"騒音やごみの増加, 交通渋滞や路上駐車などの交通環境の悪化, 自然破壊, 治安の悪化",,"観光スポットを結ぶ交通機関, 観光スポットの案内板や標識（多言語表示）, トイレ・休憩所等の整備及びユニバーサル化, 観光イベント, 障害者や高齢者への配慮（バリアフリー）, 観光マップやパンフレット, 飲食施設, 宿泊施設、土産物屋, 観光案内所、観光ガイド, 駐車場",5,5,,8,,8,,50～59歳,女性
敦賀市,そう思う,県外や外国の方が来福するチャンスが増えたから,そう思う,"東京に乗り換えなしで行けるようになった
軽井沢など今まで行かなかったところにも行くようになった",とてもそう思う,"福井には豊かな自然やおいしい食べ物などたくさんあり
もともと混んでいるところではないので
来ていただくことで福井だけでなく日本の良さも発信できると思うから",とてもそう思う,"観光客の皆さんには福井や日本の良さを味わっていただけきたいし
県民には地域の活性化や雇用促進につなげたいから",とてもそう思う,"福井は観光地としては他県よりややや遅れを取っていると思うから
今後は隠れていた観光遺産としてどんどんPRすべきだと感じるから",どちらかと言えば評価していない,"駅前と観光地のつながりや魅力的な開発のスピード感が遅いから
福井は車社会なので無料駐車場の整備が必要
地元民はお金を払って駐車しない
地元民を核に据えた街開発を望みます",とても好ましい,,"まちに賑わいが生まれる, 波及効果により他の地場産業が活気づく, 地域の知名度が上がる, 観光客との交流が生まれる, 歴史文化資源の保存活用につながる, 移住・定住のきっかけとなる, ガイドなど市民参加の場が広がる",,"騒音やごみの増加, 交通渋滞や路上駐車などの交通環境の悪化",,"観光スポットを結ぶ交通機関, 観光スポットの案内板や標識（多言語表示）, トイレ・休憩所等の整備及びユニバーサル化, 観光イベント, 障害者や高齢者への配慮（バリアフリー）, 観光マップやパンフレット, 飲食施設, 宿泊施設、土産物屋, 観光案内所、観光ガイド, 駐車場, 体験施設",4,4,"実際に来てくれて
感動してくれたから",8,"住むのにはいい
買い物には不便
",9,期待を込めて,60～69歳,女性
越前市,あまりそうは思わない,新幹線の駅とハピラインが離れていて新幹線に乗ろうと思うと不便,ややそう思う,特急が無くなったので、電車を利用する時は凄く混んで座れないことが多い,ややそう思う,新幹線があるので県外の人が増えたような気がする,ややそう思う,,ややそう思う,,どちらともいえない,,どちらかと言えば好ましい,,"観光客の消費によって飲食業や宿泊業が潤う, まちに賑わいが生まれる, 地域の知名度が上がる",,"騒音やごみの増加, 交通渋滞や路上駐車などの交通環境の悪化",,"観光スポットを結ぶ交通機関, 障害者や高齢者への配慮（バリアフリー）, 駐車場",3,3,,5,,4,,50～59歳,女性
越前市,あまりそうは思わない,越前たけふ駅前にはあまり観光地がないため、観光客が以前より多少増えてはいるが急激に増えたとは感じない,そう思う,関東圏への旅行等に気軽に行けるようになった。,あまりそうは思わない,ゆ,とてもそう思う,,とてもそう思う,,どちらかといえば評価している,,どちらかと言えば好ましい,,"観光客の消費によって飲食業や宿泊業が潤う, まちに賑わいが生まれる, 地域の知名度が上がる",,"騒音やごみの増加, 交通渋滞や路上駐車などの交通環境の悪化, 治安の悪化",,"観光スポットを結ぶ交通機関, 飲食施設",5,4,,8,,8,,20～29歳,女性
福井市,とてもそう思う,県外の方が福井駅に降り立ち福井観光する人が増えたと思うからです。,そう思う,福井の産業が活発になることで政策資源も豊かになっていると感じるからです。,ややそう思う,ゴミのポイ捨てや、観光名所が混雑して県民が利用しづらい時がある。,そう思う,福井の魅力を知って欲しいからです。,そう思う,まだまだ福井には魅力ある場所や食べ物があるからです。,評価している,観光客向けの宿泊キャンペーンなどをよく見かけるからです。,好ましい,地域活性化に役に立つと思うからです。,"観光客の消費によって飲食業や宿泊業が潤う, まちに賑わいが生まれる, 波及効果により他の地場産業が活気づく, 歴史文化資源の保存活用につながる, 移住・定住のきっかけとなる",,"騒音やごみの増加, 交通渋滞や路上駐車などの交通環境の悪化, 自然破壊, 日常生活に影響が出るほどの不安",,"観光スポットを結ぶ交通機関, トイレ・休憩所等の整備及びユニバーサル化, 飲食施設, 宿泊施設、土産物屋, 駐車場",4,4,福井のことが大好きだからです。,6,まだまだ障害や持病がある人にとっては生きにくい部分もあるからです。,8,これからもっと福井県が良くなることを信じて。,30～39歳,女性
福井市,ややそう思う,街が賑やかになった。,あまりそうは思わない,しらさぎやサンダーバードが走らないから,ややそう思う,観光収入が多いから,ややそう思う,,あまりそうは思わない,,どちらともいえない,,どちらともいえない,,"観光客の消費によって飲食業や宿泊業が潤う, まちに賑わいが生まれる",,"騒音やごみの増加, 交通渋滞や路上駐車などの交通環境の悪化, 治安の悪化",,"観光スポットを結ぶ交通機関, 観光スポットの案内板や標識（多言語表示）, トイレ・休憩所等の整備及びユニバーサル化",2,2,,5,,6,,60～69歳,女性
福井市,あまりそうは思わない,駅前だけ,あまりそうは思わない,恩恵がない,あまりそうは思わない,普通が1番,あまりそうは思わない,魅力が、ない,あまりそうは思わない,観光地がない,評価していない,極一部だけ,どちらかと言えば好ましくない,治安,特に効果は期待できない,通過駅,治安の悪化,外国人画怖い,観光スポットを結ぶ交通機関,3,3,普通が1番,5,普通が1番,5,普通が1番,50～59歳,男性
福井市,そう思う,人の流れをつかむチャンスは来た。,そう思う,長野、東北、東京へのアクセス,全くそうは思わない,悪い影響は限定的,そう思う,,とてもそう思う,,とても評価している,,とても好ましい,,"観光客の消費によって飲食業や宿泊業が潤う, 波及効果により他の地場産業が活気づく",,特に心配はない,,"観光スポットを結ぶ交通機関, トイレ・休憩所等の整備及びユニバーサル化",1,1,,7,,7,,40～49歳,男性
福井市,ややそう思う,福井駅周辺の開拓,ややそう思う,関東圏への旅行が増えた,そう思う,観光地の賑わい,そう思う,福井のいいところを実感して欲しい,そう思う,自然が多くていい目的地だと思う,どちらかといえば評価している,少しずつ良くなっているように思う,どちらかと言えば好ましい,,"まちに賑わいが生まれる, 波及効果により他の地場産業が活気づく, 地域の知名度が上がる, 移住・定住のきっかけとなる",,治安の悪化,,"観光スポットを結ぶ交通機関, トイレ・休憩所等の整備及びユニバーサル化, 飲食施設",2,3,,9,,9,,60～69歳,女性
福井市,そう思う,首都圏、東北へ行きやすくなった。,ややそう思う,人の行き来が若干増え街に活気が増えた。,そう思う,街が賑やかになり気持ちも前向きになる,そう思う,福井の良さを教えて欲しい。,そう思う,観光と地場産業の両方の活性化が必要で、先ずは観光からかなと思う,どちらかといえば評価している,以前と比べて多角的に紹介しているように感じる,好ましい,人が増えるのはいいこと,"観光客の消費によって飲食業や宿泊業が潤う, まちに賑わいが生まれる, 波及効果により他の地場産業が活気づく, 地域の知名度が上がる, 歴史文化資源の保存活用につながる, 移住・定住のきっかけとなる",移住に力を入れるのは賛成,"騒音やごみの増加, 治安の悪化",犯罪やマナー違反には毅然とした対応を,"観光スポットを結ぶ交通機関, 観光イベント, 障害者や高齢者への配慮（バリアフリー）",3,3,四季を通じて魅力発信できるか不明,8,生活のスピード感が合っている。災害や犯罪の少なさ,8,現状維持でも十分幸せではあります,60～69歳,男性
敦賀市,そう思う,県外の客が増えた,とてもそう思う,県外に行やすい,とてもそう思う,賑やかになった。,とてもそう思う,,とてもそう思う,,評価している,観光交流が増えた,とても好ましい,賑やかになった,"観光客の消費によって飲食業や宿泊業が潤う, まちに賑わいが生まれる, 波及効果により他の地場産業が活気づく, 地域の知名度が上がる, 観光客との交流が生まれる, 歴史文化資源の保存活用につながる, 移住・定住のきっかけとなる, ガイドなど市民参加の場が広がる",,"騒音やごみの増加, 交通渋滞や路上駐車などの交通環境の悪化, 歴史文化資源の破壊, 自然破壊, 治安の悪化",,"観光スポットを結ぶ交通機関, 観光スポットの案内板や標識（多言語表示）, トイレ・休憩所等の整備及びユニバーサル化, 観光イベント, 障害者や高齢者への配慮（バリアフリー）, 観光マップやパンフレット, 飲食施設, 宿泊施設、土産物屋, 観光案内所、観光ガイド, 駐車場, 体験施設",4,3,,6,,5,,70歳以上,男性
福井市,全くそうは思わない,私は、大阪出身なので、帰省しにくくなりました。なぜ敦賀まで新幹線を伸ばしたのでしょうか？福井駅まででよかったのに。サンダーバード土日祝だけでも福井から大阪まで復活して欲しいです。乗り換えは不便です。大阪までの新幹線もまだ何年もかかるので、私は生きてないと思います。本当に住みにくくなりました。逆に東京へは行きやすくなったと思います。関西の行く人は皆んなおもっています。,全くそうは思わない,早く大阪まで行くルート考えて欲しいです,全くそうは思わない,福井は観光するところは沢山ありますが、車で行かないとなかなか行けない。交通手段がない。,全くそうは思わない,どこがいいとこか、いまいちわからない。,全くそうは思わない,もっと便利よく出来る方法を考えた方がいいです。,まったく評価していない,福井市の町はスマイルバスがあっていいけど、離れるとバス代も高く、乗れない。時間もかかる。,とても好ましい,観光に来る人が、リピートして来てくれる事を願うけど、、どうかなー？,観光客の消費によって飲食業や宿泊業が潤う,食べ物はおいしいと思うので。,交通渋滞や路上駐車などの交通環境の悪化,やっぱり海の方は、車が混んでると思う。,"観光スポットを結ぶ交通機関, 観光スポットの案内板や標識（多言語表示）, トイレ・休憩所等の整備及びユニバーサル化, 障害者や高齢者への配慮（バリアフリー）, 駐車場",1,1,家の近くには何も無い。,0,何も無いから。,0,何も無いから。,60～69歳,女性
福井市,そう思う,関東からの方が多くいらしてるように思う。,そう思う,サンダーバード、しらさぎが使えなくなり、関西、中京へのアクセスが大変になった。,とてもそう思う,,とてもそう思う,,とてもそう思う,,評価している,,とても好ましい,,"観光客の消費によって飲食業や宿泊業が潤う, まちに賑わいが生まれる, 地域の知名度が上がる, 観光客との交流が生まれる",,"騒音やごみの増加, 交通渋滞や路上駐車などの交通環境の悪化, 自然破壊, 治安の悪化",,"観光スポットを結ぶ交通機関, 観光スポットの案内板や標識（多言語表示）, 観光イベント, 観光マップやパンフレット, 宿泊施設、土産物屋, 駐車場, 体験施設, その他",5,4,,7,,10,,50～59歳,女性
敦賀市,そう思う,駅前が賑わってきた。,そう思う,短時間で移動できるようになった。,そう思う,人の動きも活気付いて、力を発揮できる人が多くなる。,そう思う,福井は良いところだと知ってほしい。,そう思う,せっかくのチャンスを活かすべき。,どちらかといえば評価している,次々とイベントを考え頑張っている。,好ましい,福井に来ていただきたい。,"観光客の消費によって飲食業や宿泊業が潤う, まちに賑わいが生まれる, 波及効果により他の地場産業が活気づく, 観光客との交流が生まれる, 移住・定住のきっかけとなる, ガイドなど市民参加の場が広がる, その他",,特に心配はない,,"観光スポットを結ぶ交通機関, 体験施設",3,3,近くに観光スポットがない。,10,とても住みやすい。,10,自分に合った環境だから。,50～59歳,女性
大野市,そう思う,福井の食、歴史、文化など様々な魅力に、身近に触れてもらえる機会が増えたから。,ややそう思う,東京へ行くのに時間短縮で新幹線で行けるようになったこと。関西、名古屋方面は乗り換えが必要になることで、JRで行く回数が減った。,そう思う,東尋坊、恐竜、星空など福井県や奥越の魅力をこれまでよりも身近に感じてもらえるから。,そう思う,もっと全国の方に知って広めてもらいたいから。,ややそう思う,北陸というと金沢という感が否めないが、観光という面では、福井にも足をのばしたいと思ってもらえたらいい。観光だけではなくて、移住先として選択してもらえると良いと思う,どちらかといえば評価している,知事が広告塔となり、その発信力に期待している,とても好ましい,行ってみたい町は、魅力があり、何度でも行ってみたいと思ってもらえると思うので、観光客がたくさん来て、その方たちが福井のことを発信してもらえることを期待するから。,"観光客の消費によって飲食業や宿泊業が潤う, まちに賑わいが生まれる, 波及効果により他の地場産業が活気づく, 地域の知名度が上がる, 移住・定住のきっかけとなる",,特に心配はない,,観光スポットを結ぶ交通機関,4,4,水が美味しい。安心して飲める。お酒、お味噌、お蕎麦、食の魅力がある。,8,雪が多いこと。,8,今のままとあまり変わらない生活をしていそうだから。,50～59歳,女性
鯖江市,あまりそうは思わない,鯖江市付近には止まらないから,そうは思わない,"在来線が減って、
敦賀で必ず乗り換えをしないといけないから",ややそう思う,利便性が良くなった所だけで、悪い影響は変わらないと思うから,ややそう思う,福井県が活気があってみんなが豊かになるといいから,そう思う,,どちらかといえば評価している,,どちらともいえない,,"観光客の消費によって飲食業や宿泊業が潤う, まちに賑わいが生まれる, 波及効果により他の地場産業が活気づく",,"騒音やごみの増加, 交通渋滞や路上駐車などの交通環境の悪化, 治安の悪化",,"観光スポットを結ぶ交通機関, トイレ・休憩所等の整備及びユニバーサル化, 観光イベント, 飲食施設",4,3,,8,,8,,40～49歳,女性
福井市,そう思う,,ややそう思う,関西圏へのアクセス、電車は乗り換えがあり大変不便に感じる。せめて高速バスを復活してほしい。,あまりそうは思わない,,そう思う,,ややそう思う,,どちらかといえば評価している,,好ましい,,"観光客の消費によって飲食業や宿泊業が潤う, まちに賑わいが生まれる, 波及効果により他の地場産業が活気づく, 歴史文化資源の保存活用につながる, 移住・定住のきっかけとなる",,"騒音やごみの増加, 交通渋滞や路上駐車などの交通環境の悪化, 歴史文化資源の破壊, 治安の悪化",,観光スポットを結ぶ交通機関,1,4,人が多すぎずのんびりできる所がいい。自然豊かであり、海山川へのアクセスも近い。,8,人が多すぎず、自然も近くにあり、治安も今の所よく、暮らしやすい。,5,数年前より明らかに外国人(観光客以外)が増えており、この人口の少ない福井県でこれ以上受け入れは不安しかない。福井県独自の日本人の人口を増やす政策を望む。,50～59歳,女性
福井市,そう思う,福井駅周辺の観光客が増えたと思う,ややそう思う,,そう思う,観光業が盛んになるから,そう思う,福井を好きになってほしい,そう思う,にぎわいが増えることで福井県の経済効果もよくなると思うから,どちらかといえば評価している,,好ましい,,"観光客の消費によって飲食業や宿泊業が潤う, まちに賑わいが生まれる, 波及効果により他の地場産業が活気づく, 地域の知名度が上がる, 歴史文化資源の保存活用につながる, 移住・定住のきっかけとなる",,"騒音やごみの増加, 交通渋滞や路上駐車などの交通環境の悪化, 歴史文化資源の破壊, 自然破壊, 治安の悪化",,宿泊施設、土産物屋,4,3,すべての年代層が一発で「あ?！」となる圧倒的な名所や歴史資源がないから,8,,8,,50～59歳,女性
福井市,そう思う,関東からの認知度があがった,とてもそう思う,信州、関東へのアクセスが良くなった,とてもそう思う,観光客が増えた,とてもそう思う,産業の発展,とてもそう思う,魅力的な味、モノ、自然、人、を知って欲しい,評価している,県外で観光頑張っているのを見かけた,とても好ましい,何しろ、観光客を増やして活性化してほしい,"観光客の消費によって飲食業や宿泊業が潤う, まちに賑わいが生まれる, 波及効果により他の地場産業が活気づく, 地域の知名度が上がる, 観光客との交流が生まれる, 歴史文化資源の保存活用につながる, 移住・定住のきっかけとなる, ガイドなど市民参加の場が広がる, その他",招く側が磨かれる,治安の悪化,,"観光スポットを結ぶ交通機関, 観光スポットの案内板や標識（多言語表示）, トイレ・休憩所等の整備及びユニバーサル化, 観光イベント, 障害者や高齢者への配慮（バリアフリー）, 観光マップやパンフレット, 飲食施設, 宿泊施設、土産物屋, 観光案内所、観光ガイド, 駐車場, 体験施設",5,4,食べ物が美味しい,7,,6,向上心を持って欲しい,60～69歳,女性
永平寺町,そう思う,外国人を見る機会が増えた。,とてもそう思う,東京・関東が近くなり、住みたいと思うようになった。,とてもそう思う,見せたいという自己中から、魅せたいという相手から見た観光を考える人が増えた。,そう思う,私も観光客を迎え慣れしたい,そう思う,日本の真ん中なのに穴場が多く、面白い県だから,評価している,,好ましい,,"観光客の消費によって飲食業や宿泊業が潤う, まちに賑わいが生まれる, 波及効果により他の地場産業が活気づく, 観光客との交流が生まれる, 移住・定住のきっかけとなる, ガイドなど市民参加の場が広がる",交流は良いこと,"騒音やごみの増加, 交通渋滞や路上駐車などの交通環境の悪化, 歴史文化資源の破壊, 自然破壊, 治安の悪化, 日常生活に影響が出るほどの不安",他の国・都市の情報から推察。,"トイレ・休憩所等の整備及びユニバーサル化, 観光イベント, 障害者や高齢者への配慮（バリアフリー）, 飲食施設, 駐車場, 体験施設",4,4,真面目な住民が多いから,8,,9,,60～69歳,男性
あわら市,あまりそうは思わない,観光地が少ない　駅を降りてからの交通手段,あまりそうは思わない,,そう思う,地位活性化,そう思う,福井県地元が好きだから,そう思う,美味しい食べ物がたくさんある,評価していない,活動内容を知らない,どちらかと言えば好ましい,地域が活性化　都会から移住,"観光客の消費によって飲食業や宿泊業が潤う, 波及効果により他の地場産業が活気づく, 地域の知名度が上がる",町が賑わう　若者の増加,"騒音やごみの増加, 特に心配はない",多少は仕方ないと思う,観光スポットを結ぶ交通機関,5,4,あわら市で生まれて好きだから,9,住みやすい,8,,40～49歳,男性
越前市,あまりそうは思わない,福井駅みたいな実感がない。これからかなぁ,そうは思わない,とくに変わっていない,とてもそう思う,悪い事は耳に入ってこない感じ,とてもそう思う,福井県好きだからー,とてもそう思う,唯一無二の恐竜や山海、仏教、景勝地、イベントの大きさ（花火など）、体験は何度来ても飽きないと思う,評価している,宿泊キャンペーンや乗換キャンペーンなど色々していると思います,とても好ましい,賑やかと経済,"観光客の消費によって飲食業や宿泊業が潤う, まちに賑わいが生まれる, 地域の知名度が上がる, 移住・定住のきっかけとなる",,"特に心配はない, その他",物価が上がって（飲食店）どこも高い,観光スポットを結ぶ交通機関,3,5,ほんと、食べ物美味しと思う,9,とくに不便を感じないが、外食高くなった,9,特に変わらないと思う,50～59歳,男性
福井市,そう思う,駅前の人出が多くなった,ややそう思う,結構普段使いで新幹線を利用する,そう思う,福井の認知度が上がったと思う,そう思う,,ややそう思う,観光客が増えるのは良いが、観光だけではダメ,どちらかといえば評価している,市町に温度差がある,どちらかと言えば好ましい,,"観光客の消費によって飲食業や宿泊業が潤う, まちに賑わいが生まれる, 地域の知名度が上がる",,"騒音やごみの増加, 交通渋滞や路上駐車などの交通環境の悪化, 自然破壊",,"観光スポットを結ぶ交通機関, トイレ・休憩所等の整備及びユニバーサル化, 障害者や高齢者への配慮（バリアフリー）, 駐車場",4,4,,5,,5,,60～69歳,男性
越前市,そう思う,観光の方が来やすくなった,とてもそう思う,街へ行き来し易くなった,そう思う,自然を感じに来てくださる方は無茶な事はしなさそう,そう思う,いい所だと思っていただきたい,ややそう思う,賑やかになりすぎても怖い,どちらともいえない,あまりわからない,好ましい,業界の方々が喜ばれるから,"観光客の消費によって飲食業や宿泊業が潤う, 地域の知名度が上がる",,交通渋滞や路上駐車などの交通環境の悪化,,観光スポットを結ぶ交通機関,3,3,,8,,8,,50～59歳,女性
鯖江市,ややそう思う,新幹線が止まらないから。,そう思う,人や物の流れが増えたから。,そう思う,人の流れが増えたから。,ややそう思う,観光収入が増えるから。,ややそう思う,県の方針になっているから,どちらかといえば評価している,,どちらかと言えば好ましい,,"観光客の消費によって飲食業や宿泊業が潤う, 地域の知名度が上がる",,"騒音やごみの増加, 交通渋滞や路上駐車などの交通環境の悪化",,"観光スポットを結ぶ交通機関, トイレ・休憩所等の整備及びユニバーサル化, 観光イベント, 駐車場",3,2,,3,,3,高齢者だから,60～69歳,男性
美浜町,ややそう思う,,ややそう思う,,ややそう思う,,ややそう思う,,そう思う,,どちらともいえない,,どちらかと言えば好ましい,,"観光客の消費によって飲食業や宿泊業が潤う, まちに賑わいが生まれる, 波及効果により他の地場産業が活気づく, 地域の知名度が上がる",,"騒音やごみの増加, 交通渋滞や路上駐車などの交通環境の悪化, 歴史文化資源の破壊, 治安の悪化",,"観光スポットを結ぶ交通機関, 観光スポットの案内板や標識（多言語表示）, トイレ・休憩所等の整備及びユニバーサル化, 飲食施設, 宿泊施設、土産物屋",3,3,,7,,7,,60～69歳,男性
越前市,そう思う,"金沢が北陸では知名度もあり観光客も多く福井は素通りされがちだが福井だけでなく芦原温泉、越前たけふ、敦賀駅がある事で興味がわき立ち寄ってみようと思ってもらえると思う
実際に他県から来た方からも高評価な意見を聞く事が多い
",そう思う,今春に越前市に転勤になったがすぐ近くに越前たけふ駅があり気軽に新幹線を利用でき無料駐車場もあり大変助かっている,そう思う,福井といえば東尋坊くらいしか思いつかなかったが福井で暮らしてみると公園やお寺など観光としてお勧めしたいところがたくさんあり全国でも行ってよかった県にランクインすると思う,そう思う,実際知人や家族が福井に来てくれた時には蕎麦やソースカツ丼、海鮮などのグルメはもちろん海、山、公園、施設など連れて行きたいところがたくさんある,とてもそう思う,"大阪、名古屋へのアクセスもよく金沢、東京も新幹線で一本で行ける
温泉もありお土産品も魅力的なものが多い",どちらともいえない,どんな取り組みをしているのか知らないので,どちらかと言えば好ましい,海外からの移住者も多く場所によっては治安が良くなかったり清潔感がなかったりする施設がある(海外の方ばかりではないと思いますが),"観光客の消費によって飲食業や宿泊業が潤う, 地域の知名度が上がる, 移住・定住のきっかけとなる",私は転勤で福井に来たが定住も悪くないかなと思う事がある,"騒音やごみの増加, 交通渋滞や路上駐車などの交通環境の悪化, 治安の悪化","越前たけふ駅の無料駐車場でいうと利用している車が全て新幹線利用や高速バスなど利用しているのか疑問である。満車の時には大変困る。
福井駅に夜訪れた時に騒いでいる若者だけでなく路上に座り込んでいる人もチラホラいて気分は良くなかった","観光スポットを結ぶ交通機関, トイレ・休憩所等の整備及びユニバーサル化, 飲食施設, 駐車場, その他",4,4,"自然豊かだが不便ではなく訪れたくなるところがたくさんある
車がないと不便なのでレンタカーがもっと身近にあるといい",9,"スーパーが少ないと感じる
ドラッグストアは多いが野菜の鮮度が悪く購買意欲が下がる
コンビニエンスストアも他県からみると少なく駐車場も狭い",8,まだ冬を経験してないので道路事情などが分からないので不安です。除雪は行き届き積雪があっても安心安全で暮らせるのかまだ分からない,50～59歳,女性
鯖江市,ややそう思う,停車駅が近くないので、不便さはある,あまりそうは思わない,敦賀は車で行ける距離、新幹線では関西方面のアクセスが悪いので早く新大阪迄の開通に期待,そう思う,観光客が増える事による地域の活性化,そう思う,福井県に行った事が無い(知らない)人が沢山いる,そう思う,新幹線開通により今まで福井に来たことのない人達も福井に訪れやすくなった事,どちらかといえば評価している,さらなるリピートして貰える様なおもてなしの工夫を,好ましい,閉鎖的な空間から新しい空間へと発展して地域の活性化に繋がる,"観光客の消費によって飲食業や宿泊業が潤う, まちに賑わいが生まれる, 波及効果により他の地場産業が活気づく, 地域の知名度が上がる, 観光客との交流が生まれる, 歴史文化資源の保存活用につながる, 移住・定住のきっかけとなる, ガイドなど市民参加の場が広がる, その他",後継者不足にも歯止めが掛かるといい,特に心配はない,,"観光スポットを結ぶ交通機関, 観光スポットの案内板や標識（多言語表示）, トイレ・休憩所等の整備及びユニバーサル化, 障害者や高齢者への配慮（バリアフリー）, 飲食施設, 体験施設",4,5,鯖江のメガネや漆器,2,クルマが無いと何処にも行けないのが現実,2,自分が高齢化に向かい、銀行や商業施設、医療機関、公共交通など閉鎖的な事ばかりが現実,70歳以上,男性
坂井市,ややそう思う,県外の方がsns投稿してるのを見た,そうは思わない,支障はない,ややそう思う,また来たいと言う意見を見た,そう思う,人が増えて町が潤って県民に還元されるのを期待する,そう思う,観光地は金沢のように一点集中ではなく点在しているが良いところはたくさんある,どちらかといえば評価している,県知事の力は群を抜いてます,好ましい,相乗効果が期待できそう,"観光客の消費によって飲食業や宿泊業が潤う, 波及効果により他の地場産業が活気づく, 地域の知名度が上がる, 歴史文化資源の保存活用につながる",住民の税金で補ってきた部分を、観光収入で補てんできることに期待する,特に心配はない,看板やsns等で注意喚起すればいい,"観光スポットを結ぶ交通機関, 観光スポットの案内板や標識（多言語表示）, トイレ・休憩所等の整備及びユニバーサル化, 障害者や高齢者への配慮（バリアフリー）, 観光マップやパンフレット, 観光案内所、観光ガイド, その他",4,3,もう少し整備が必要,5,特に不便はない,5,そんなに変わらないと思う,50～59歳,女性
坂井市,とてもそう思う,東京、福井間の移動所要時間が短縮されたため。,そう思う,,とてもそう思う,,そう思う,,とてもそう思う,,とても評価している,,好ましい,,"観光客の消費によって飲食業や宿泊業が潤う, まちに賑わいが生まれる, 波及効果により他の地場産業が活気づく, 地域の知名度が上がる, 観光客との交流が生まれる, 移住・定住のきっかけとなる",,特に心配はない,,"観光スポットを結ぶ交通機関, 観光スポットの案内板や標識（多言語表示）, トイレ・休憩所等の整備及びユニバーサル化, 観光マップやパンフレット, 飲食施設",3,3,,8,,7,,40～49歳,男性
福井市,ややそう思う,街を歩いている外国人の観光客が増えたと思う。,あまりそうは思わない,関西方面へ行きづらくなった。,そう思う,観光客がお金を使ってくれるから,とてもそう思う,福井県には世界に誇れる場所がたくさんあるから,そう思う,,評価している,,好ましい,,"観光客の消費によって飲食業や宿泊業が潤う, まちに賑わいが生まれる, 波及効果により他の地場産業が活気づく, 地域の知名度が上がる, 歴史文化資源の保存活用につながる, ガイドなど市民参加の場が広がる",,"騒音やごみの増加, 交通渋滞や路上駐車などの交通環境の悪化, 治安の悪化",,"観光スポットを結ぶ交通機関, 観光スポットの案内板や標識（多言語表示）, 観光イベント, 観光マップやパンフレット, 飲食施設, 宿泊施設、土産物屋, 駐車場, 体験施設",3,4,,8,福井県での暮らしで完結しているから。,8,,40～49歳,女性
福井市,ややそう思う,観光客が増えたと感じる,あまりそうは思わない,移動には飛行機を利用するため,そう思う,,そう思う,,そう思う,,評価している,,好ましい,,"観光客の消費によって飲食業や宿泊業が潤う, 地域の知名度が上がる",,騒音やごみの増加,,"観光スポットを結ぶ交通機関, 宿泊施設、土産物屋",4,4,,8,,8,,50～59歳,男性
越前市,そう思う,新幹線の新駅が出来たこと。,ややそう思う,旅行する際の利便性が向上,そう思う,交流人口が増えて、経済的にプラス,そう思う,福井の良さを間近に知ってもらえる,そう思う,変わらぬ魅力の発信,どちらともいえない,石川や滋賀と比べると、県全体のまとまりが弱い気がします,好ましい,福井県の情報発信と経済力の向上,"まちに賑わいが生まれる, 地域の知名度が上がる, 歴史文化資源の保存活用につながる",,特に心配はない,,"観光スポットを結ぶ交通機関, 観光スポットの案内板や標識（多言語表示）, トイレ・休憩所等の整備及びユニバーサル化, 観光マップやパンフレット, 飲食施設, 宿泊施設、土産物屋, 観光案内所、観光ガイド, 駐車場",4,4,歴史と文化,8,歴史と文化、自然、経済力がほぼ安定,8,,70歳以上,男性
鯖江市,あまりそうは思わない,新幹線駅からのアクセスが悪い,あまりそうは思わない,乗る機会があまりない,そう思う,他県からの人が来福する,ややそう思う,色々な人と接する機会が増える,そう思う,経済が回る,どちらかと言えば評価していない,他の県から来たくなるようなイベントがない,どちらかと言えば好ましい,経済が安定する,"観光客の消費によって飲食業や宿泊業が潤う, まちに賑わいが生まれる, 地域の知名度が上がる",,"騒音やごみの増加, 交通渋滞や路上駐車などの交通環境の悪化",,"観光スポットを結ぶ交通機関, トイレ・休憩所等の整備及びユニバーサル化, 観光イベント, 障害者や高齢者への配慮（バリアフリー）, 飲食施設, 宿泊施設、土産物屋, 駐車場",2,3,,5,交通の便が良くない,5,,40～49歳,男性
福井市,とてもそう思う,人モノの移動の増大,そう思う,雇用増大,とてもそう思う,東京からの直通,とてもそう思う,観光後進県,とてもそう思う,県内GDPの増大,評価している,プロモーション,好ましい,交流人口増加,"観光客の消費によって飲食業や宿泊業が潤う, まちに賑わいが生まれる, 波及効果により他の地場産業が活気づく, 地域の知名度が上がる, 観光客との交流が生まれる, 歴史文化資源の保存活用につながる, 移住・定住のきっかけとなる",,特に心配はない,増えてから心配すべきこと,"観光スポットを結ぶ交通機関, 観光スポットの案内板や標識（多言語表示）, 宿泊施設、土産物屋",5,4,,8,,8,,50～59歳,男性
福井市,そう思う,,ややそう思う,,ややそう思う,,そう思う,,そう思う,,どちらかといえば評価している,,好ましい,,"観光客の消費によって飲食業や宿泊業が潤う, まちに賑わいが生まれる, 歴史文化資源の保存活用につながる",,"騒音やごみの増加, 交通渋滞や路上駐車などの交通環境の悪化, 歴史文化資源の破壊, 自然破壊, 治安の悪化, 日常生活に影響が出るほどの不安",,"観光スポットを結ぶ交通機関, トイレ・休憩所等の整備及びユニバーサル化, 観光イベント, 体験施設",4,4,,8,,7,,40～49歳,女性
小浜市,あまりそうは思わない,,あまりそうは思わない,,ややそう思う,"実際に観光客が増えてる
",ややそう思う,街の活性化になる。,ややそう思う,,どちらかといえば評価している,,どちらかと言えば好ましい,,"まちに賑わいが生まれる, 地域の知名度が上がる, 移住・定住のきっかけとなる",,"騒音やごみの増加, 交通渋滞や路上駐車などの交通環境の悪化, 歴史文化資源の破壊",,"トイレ・休憩所等の整備及びユニバーサル化, 障害者や高齢者への配慮（バリアフリー）",2,3,,9,,8,,60～69歳,女性
大野市,あまりそうは思わない,"あまり集客が増えているイメージはない
新幹線があっても 車での移動をしている方が多い",そうは思わない,特に影響があると思われるシーンに出会わない,そう思う,人や物の流通が盛んになるのは良いことにだと思う,とてもそう思う,"福井県を好きになってもらいたい
素敵な気持ちで帰ってほしい",そう思う,とてもそう思うが 渋滞や混雑は嫌だ,どちらともいえない,既存の観光場所をうまく利用して アピールを上手にして欲しいが たくさんのお金をかけてはいけないと思う,好ましい,潤いや 交流もできるが 混雑は嬉しくない,"まちに賑わいが生まれる, 観光客との交流が生まれる",,"騒音やごみの増加, 交通渋滞や路上駐車などの交通環境の悪化, 自然破壊",,"観光スポットを結ぶ交通機関, トイレ・休憩所等の整備及びユニバーサル化, 駐車場",2,4,"自然豊かで綺麗な場所
水もいい",9,今の生活に幸せを感じる,7,人口減少による生活困難が多少不安,50～59歳,女性
敦賀市,ややそう思う,なんとなく人がいるから,あまりそうは思わない,実感がない,あまりそうは思わない,実感がない,あまりそうは思わない,柄の良くない人がいるから,ややそう思う,税収が増えるから,どちらともいえない,わからない,どちらかと言えば好ましい,税収が増えるから,"観光客の消費によって飲食業や宿泊業が潤う, まちに賑わいが生まれる",,"騒音やごみの増加, 交通渋滞や路上駐車などの交通環境の悪化, 歴史文化資源の破壊, 自然破壊, 治安の悪化",良くない人がいるから,"トイレ・休憩所等の整備及びユニバーサル化, 駐車場, 体験施設",1,3,,6,子供の施設が多いから,0,人口減少,50～59歳,無回答
勝山市,あまりそうは思わない,新幹線開業によって人がくるようになったとおもわないから,あまりそうは思わない,実際にそうかんじたことがないから,とてもそう思う,もともと人口が少ないのでもう少し増えてお店などももう少し栄えたらうれしい,とてもそう思う,地元が愛されたら嬉しいから,とてもそう思う,,どちらかといえば評価している,,とても好ましい,福井が有名になったら嬉しいから,"観光客の消費によって飲食業や宿泊業が潤う, まちに賑わいが生まれる, 波及効果により他の地場産業が活気づく, 地域の知名度が上がる, 移住・定住のきっかけとなる",,"騒音やごみの増加, 交通渋滞や路上駐車などの交通環境の悪化",人が増えることによって街の景観が損なわれるのは望んでいないから,"観光スポットを結ぶ交通機関, トイレ・休憩所等の整備及びユニバーサル化, 観光イベント, 飲食施設, 宿泊施設、土産物屋, 駐車場",5,3,魅力的なところと飲食店など少ないのでおすすめしにくいから,10,,10,,30～39歳,女性
福井市,そう思う,観光客が増えて、活気が出るのは良いこと,あまりそうは思わない,県外客と接する機会は無いし、自身もほとんど新幹線を利用しないため,そう思う,,そう思う,,そう思う,,評価している,,好ましい,,"観光客の消費によって飲食業や宿泊業が潤う, まちに賑わいが生まれる, 地域の知名度が上がる",,"騒音やごみの増加, 交通渋滞や路上駐車などの交通環境の悪化",,観光スポットを結ぶ交通機関,3,4,,8,,8,,30～39歳,女性
鯖江市,あまりそうは思わない,鯖江市にJR駅がない,ややそう思う,東京にでやすい,ややそう思う,経済的には潤うかもしれない,そう思う,,ややそう思う,べき　と言うまでは思わない,どちらかといえば評価している,,どちらかと言えば好ましい,,"観光客の消費によって飲食業や宿泊業が潤う, まちに賑わいが生まれる, 地域の知名度が上がる, 移住・定住のきっかけとなる",,特に心配はない,,"観光スポットを結ぶ交通機関, 観光イベント, 宿泊施設、土産物屋",4,4,,7,移住して20年経つがなかなか福井をまわれていない,7,,60～69歳,女性
福井市,あまりそうは思わない,大阪や名古屋へ行くのにとても不便になったと思う。,あまりそうは思わない,新幹線の料金も高く利用したいと思わない。先程も書いたが、大阪や名古屋へ行くのにも乗り換えだらけで体力も時間もお金も余計にかかってしまうので利用する気が起きない。,ややそう思う,福井駅が相変わらず過疎ってしまっているので対策は必要だと思う。福井駅前にマンションを建てている場合ではないと思う。,あまりそうは思わない,観光客はマナーが悪いイメージ。自分も他県へ行く時にはそうならないように気を付けている。,ややそう思う,盛り上げる為には、観光にも力を入れないといけないとは思うから。,どちらともいえない,何を具体的にやっているのはわかっていない。,どちらかと言えば好ましくない,私自身、得なことはない。税金でも安くなれば別だけど。,"観光客の消費によって飲食業や宿泊業が潤う, まちに賑わいが生まれる, 地域の知名度が上がる",,"騒音やごみの増加, 交通渋滞や路上駐車などの交通環境の悪化, 歴史文化資源の破壊, 自然破壊, 治安の悪化",,"観光スポットを結ぶ交通機関, トイレ・休憩所等の整備及びユニバーサル化, 観光案内所、観光ガイド, 駐車場",1,1,自分もできれば福井から出たいくらい。,2,福井県民であることによっての恩恵を受けていない。,2,不安しかない。交通の便は悪いし活気もないので出かけたくない。,60～69歳,女性
越前市,あまりそうは思わない,,あまりそうは思わない,かえって不便になったから,そう思う,福井駅前が活気づいてきた,そう思う,福井県の認知度を高めたいから,ややそう思う,歴史的にも県外の人に知ってもらいたいところが沢山ある,どちらかといえば評価している,,好ましい,県全体が活気づくから,"観光客の消費によって飲食業や宿泊業が潤う, まちに賑わいが生まれる, 地域の知名度が上がる, 歴史文化資源の保存活用につながる",,特に心配はない,,観光スポットを結ぶ交通機関,4,4,歴史的にも文化的にも価値があるから,7,,7,,70歳以上,女性
高浜町,そうは思わない,JR小浜線の乗り換えが本数、所要時間が理由で不便であるため,ややそう思う,よく長野県に旅行するようになった,とてもそう思う,来県者の増加は、観光消費の拡大による事業者所得の向上や、民間企業の工夫・競争を通じたサービスの洗練につながるため,とてもそう思う,よさを知ってもらい、みんなの田舎になりたい,そう思う,,どちらかといえば評価している,,とても好ましい,,"観光客の消費によって飲食業や宿泊業が潤う, まちに賑わいが生まれる, 地域の知名度が上がる, 移住・定住のきっかけとなる",,"騒音やごみの増加, 交通渋滞や路上駐車などの交通環境の悪化, 治安の悪化",,"観光スポットの案内板や標識（多言語表示）, トイレ・休憩所等の整備及びユニバーサル化, 体験施設",5,5,風光明媚な景色が魅力であるため,9,住みやすく、人が暖かく、優しい町であるから,9,,30～39歳,男性
福井市,とてもそう思う,東京からのアクセスが良くなった,とてもそう思う,金沢への新幹線通勤,とてもそう思う,観光客の増加,とてもそう思う,福井の良さを知ってもらう,とてもそう思う,,評価している,,好ましい,,"観光客の消費によって飲食業や宿泊業が潤う, まちに賑わいが生まれる, 波及効果により他の地場産業が活気づく, 地域の知名度が上がる, 観光客との交流が生まれる, 歴史文化資源の保存活用につながる",,治安の悪化,,"観光スポットを結ぶ交通機関, トイレ・休憩所等の整備及びユニバーサル化, 観光イベント, 観光マップやパンフレット, 飲食施設, 宿泊施設、土産物屋, 観光案内所、観光ガイド, 駐車場, 体験施設",5,5,,8,,8,,50～59歳,男性
鯖江市,そうは思わない,鯖江駅前が寂しくなった。,そうは思わない,大阪へのアクセスが不便,とてもそう思う,県外からのお客さんが増えて福井県の知名度が上がるのはいいと思う,とてもそう思う,知名度が上がるのはいい,とてもそう思う,県内が賑やかになると、県民が観光で訪れる場所が増えると思う。例えばあわら温泉が町歩きが楽しくなるなど,どちらかといえば評価している,鯖江市でいうとフェスやイベントが増えたと思う,とても好ましい,福井のいいところを知ってもらうのはいいと思う,"観光客の消費によって飲食業や宿泊業が潤う, まちに賑わいが生まれる, 波及効果により他の地場産業が活気づく, 地域の知名度が上がる",,"騒音やごみの増加, 交通渋滞や路上駐車などの交通環境の悪化",,"観光スポットを結ぶ交通機関, 飲食施設, 宿泊施設、土産物屋",4,4,,8,人気のある飲食店の行列の捌き方が都会と比べると上手くない等サービス面でもっと改善して欲しい,7,高齢者になって車の運転ができなくなった時に公共交通機関が維持されてるか不安,50～59歳,女性
勝山市,あまりそうは思わない,,あまりそうは思わない,,そう思う,,ややそう思う,,ややそう思う,,どちらともいえない,,どちらかと言えば好ましい,,観光客の消費によって飲食業や宿泊業が潤う,,"騒音やごみの増加, 交通渋滞や路上駐車などの交通環境の悪化, 自然破壊",,"観光スポットを結ぶ交通機関, 観光スポットの案内板や標識（多言語表示）, 飲食施設, 宿泊施設、土産物屋, 駐車場",3,3,,7,,7,,50～59歳,男性
大野市,そう思う,観光客が増えた。,そう思う,東京が近くなった。,ややそう思う,テレビ放送が増えた。,そう思う,楽しみが増える。,そう思う,県民の気持ちが明るくなる。,評価している,情報が多くなった。,好ましい,みんなが楽しくなる。,まちに賑わいが生まれる,観光収入が増える。,治安の悪化,夜の通行が怖い。,"トイレ・休憩所等の整備及びユニバーサル化, 飲食施設, 駐車場",4,4,自然がいっぱい,8,生活が安定している。,9,収入の安定。,70歳以上,男性
大野市,あまりそうは思わない,,ややそう思う,,そう思う,,そう思う,,そう思う,,評価している,,好ましい,,"観光客の消費によって飲食業や宿泊業が潤う, 波及効果により他の地場産業が活気づく, 歴史文化資源の保存活用につながる, 移住・定住のきっかけとなる",,"騒音やごみの増加, 歴史文化資源の破壊, 自然破壊",,"観光スポットを結ぶ交通機関, 観光スポットの案内板や標識（多言語表示）, 観光案内所、観光ガイド, 体験施設",4,4,,7,,8,,40～49歳,男性
福井市,そう思う,,そうは思わない,サンダーバードがなくなったため、大阪へ行くのに不便になった,とてもそう思う,外部収入が増えるため,そう思う,邪険にする理由が特にないため,そう思う,外部収入が増えるため,どちらともいえない,,好ましい,,"まちに賑わいが生まれる, 波及効果により他の地場産業が活気づく",,特に心配はない,,"観光スポットを結ぶ交通機関, 観光スポットの案内板や標識（多言語表示）, トイレ・休憩所等の整備及びユニバーサル化, 観光イベント, 障害者や高齢者への配慮（バリアフリー）, 観光マップやパンフレット, 飲食施設, 宿泊施設、土産物屋, 観光案内所、観光ガイド, 駐車場",3,3,,5,,5,,40～49歳,無回答
越前市,そう思う,観光客が増えたと思う,ややそう思う,移動時間の短縮に繋がった,そう思う,福井の魅力が伝わると思う,そう思う,福井を知って欲しいから,とてもそう思う,いい所がたくさんあるから,評価している,広報誌などで知る事が出来るから,とても好ましい,福井には沢山いい所があるから,"観光客の消費によって飲食業や宿泊業が潤う, まちに賑わいが生まれる, 地域の知名度が上がる, 歴史文化資源の保存活用につながる, 移住・定住のきっかけとなる",私は県外出身だが、大学時に旅行に福井に来て、福井はいい所だと知り、就職の選択肢になった,"交通渋滞や路上駐車などの交通環境の悪化, 治安の悪化",飲食店などや娯楽施設も混雑する,"観光スポットを結ぶ交通機関, 飲食施設, 宿泊施設、土産物屋",5,5,衣食住、おすすめ出来る,8,公的交通手段が限られる,8,,50～59歳,女性
福井市,そう思う,,あまりそうは思わない,,そう思う,,とてもそう思う,,とてもそう思う,,どちらかといえば評価している,,とても好ましい,,"観光客の消費によって飲食業や宿泊業が潤う, まちに賑わいが生まれる, 波及効果により他の地場産業が活気づく, 地域の知名度が上がる, 観光客との交流が生まれる, 歴史文化資源の保存活用につながる, 移住・定住のきっかけとなる, ガイドなど市民参加の場が広がる",,歴史文化資源の破壊,,"観光スポットを結ぶ交通機関, 観光スポットの案内板や標識（多言語表示）, 観光マップやパンフレット, 飲食施設, 宿泊施設、土産物屋, 観光案内所、観光ガイド, 駐車場, その他",4,3,ほとんど誇れるが、唯一、福井城址内の県庁舎・県警本部だけは恥ずかしい。,9,,9,,60～69歳,男性
越前市,ややそう思う,大阪までつながらないと限定的,ややそう思う,関東方面の旅行時などが乗り換えなしで新幹線に乗れ大変便利,ややそう思う,少しでも財政の助けになれば,ややそう思う,言わばお客さん,ややそう思う,けっこう魅力的と思うから,どちらともいえない,やっているのだろうが見えてこない,どちらともいえない,環境悪化、交通渋滞が心配,"観光客の消費によって飲食業や宿泊業が潤う, まちに賑わいが生まれる, 地域の知名度が上がる",,"騒音やごみの増加, 交通渋滞や路上駐車などの交通環境の悪化, 歴史文化資源の破壊, 自然破壊, 治安の悪化",,"観光スポットを結ぶ交通機関, トイレ・休憩所等の整備及びユニバーサル化, 観光イベント, 駐車場",3,3,越前和紙や伝統芸能や文化が残っている,8,災害が少ない、環境も良い、食べ物も美味しい、人もけっこう親切,8,あまり変わらない、今で十分,60～69歳,男性
福井市,とてもそう思う,観光客が増えた,とてもそう思う,新しいお店が増えて楽しい,とてもそう思う,観光客は客単価が高いのでお店が潤う。,とてもそう思う,いい観光地を見てほしい,とてもそう思う,福井の歴史を知ってほしい,とても評価している,恐竜をうまくアピールしてる,とても好ましい,福井にお金を落としてもらえる,"観光客の消費によって飲食業や宿泊業が潤う, まちに賑わいが生まれる, 波及効果により他の地場産業が活気づく, 地域の知名度が上がる, 観光客との交流が生まれる, 歴史文化資源の保存活用につながる, 移住・定住のきっかけとなる, ガイドなど市民参加の場が広がる",,交通渋滞や路上駐車などの交通環境の悪化,,飲食施設,5,5,歴史がある観光名所や美味しい食べ物があるから,10,美味しい食べ物や自然がある,10,"新幹線の影響でもっと観光客が増えてると思うから
",40～49歳,女性
福井市,そう思う,立ち寄る人が増えて良いと思う。ただ、アクセスの悪さや近くの観光地の少なさから自分が観光客なら駅前だけで過ごして終わってしまいそうだなとも思います。,あまりそうは思わない,地元が小浜で、京都や大阪には車で行くことがおおいです。子育て世代なのであまり東京方面にも行く機会がなく，新幹線に乗ろうと思うことが少ないため生活にはあまり変化がないなあと思います。むしろ在来線の乗り換えが不便になったかな?,そう思う,経済が回るのが1番です。ゴミや迷惑行為など観光客の問題についても理解していますが、そこは都会ほどの規模ではないので起きてからの対策で何とかなるのではないかと思います。,とてもそう思う,他県より見所が少ない…自覚があるので（ごめんなさい）わざわざ福井県を選んでくれて嬉しいです！,とてもそう思う,,どちらともいえない,新しく宿ができたり，キャンペーンをしたりと頑張ってはいると思うがなかなか市民の目に見える効果はないように思う。,好ましい,,"観光客の消費によって飲食業や宿泊業が潤う, まちに賑わいが生まれる, 地域の知名度が上がる",,"騒音やごみの増加, 治安の悪化",,"観光スポットを結ぶ交通機関, 観光イベント, 観光マップやパンフレット, 宿泊施設、土産物屋, 観光案内所、観光ガイド",2,3,お勧めしたいところはあるが、車がないと行きづらかったり、周りに食事ができるところがなかったりと、条件を選ばずみんなに勧められるところは少ない。,10,観光地としては少し地味ですが、子育てしやすくてご飯も美味しい，教育にも熱心でいいところだと思っています。,10,今のところ将来に不安もなく子供も増え，楽しく過ごしていると思います。,30～39歳,女性
福井市,ややそう思う,,あまりそうは思わない,,ややそう思う,,そう思う,,そう思う,,どちらかといえば評価している,,どちらともいえない,,"観光客の消費によって飲食業や宿泊業が潤う, まちに賑わいが生まれる, 波及効果により他の地場産業が活気づく, 地域の知名度が上がる, 歴史文化資源の保存活用につながる, 移住・定住のきっかけとなる",,"騒音やごみの増加, 交通渋滞や路上駐車などの交通環境の悪化, 治安の悪化, その他",物価高騰,"観光スポットを結ぶ交通機関, 飲食施設, 宿泊施設、土産物屋",1,3,,6,,6,,50～59歳,女性
福井市,ややそう思う,,ややそう思う,,そう思う,,そう思う,,そう思う,,どちらかといえば評価している,,どちらかと言えば好ましい,,"観光客の消費によって飲食業や宿泊業が潤う, まちに賑わいが生まれる",,日常生活に影響が出るほどの不安,,"観光スポットを結ぶ交通機関, 観光スポットの案内板や標識（多言語表示）, トイレ・休憩所等の整備及びユニバーサル化",3,3,,6,,5,,50～59歳,女性
越前市,あまりそうは思わない,東京から乗り換え無しで武生に着く新幹線が少なく不便,あまりそうは思わない,特急に比べ料金が高い,あまりそうは思わない,,そう思う,,ややそう思う,,まったく評価していない,,好ましい,,"観光客の消費によって飲食業や宿泊業が潤う, まちに賑わいが生まれる, 波及効果により他の地場産業が活気づく, 地域の知名度が上がる, 移住・定住のきっかけとなる",,特に心配はない,,"観光スポットを結ぶ交通機関, 観光イベント",1,1,,7,,7,,40～49歳,女性
福井市,ややそう思う,,あまりそうは思わない,,そう思う,,そう思う,,そう思う,,どちらともいえない,,好ましい,,"観光客の消費によって飲食業や宿泊業が潤う, まちに賑わいが生まれる, 波及効果により他の地場産業が活気づく, 地域の知名度が上がる, 歴史文化資源の保存活用につながる, 移住・定住のきっかけとなる",,"騒音やごみの増加, 交通渋滞や路上駐車などの交通環境の悪化, 治安の悪化",,"観光スポットを結ぶ交通機関, トイレ・休憩所等の整備及びユニバーサル化, 観光イベント, 宿泊施設、土産物屋, 観光案内所、観光ガイド",3,4,,8,,8,,70歳以上,女性
勝山市,とてもそう思う,恐竜博物館に来るお客様が関東からの方が増えてきます,そう思う,働いている場所のお客様が増えた,そう思う,良いところが大きくないと観光客も増えないでしょうほ,とてもそう思う,いろんな観光地があるにも関わらず福井を選んで来てくださるお客様を歓迎しないでどうするの！！,とてもそう思う,まだまだ知られていない良いところがあるので知ってもらいたいです,どちらかといえば評価している,各市町村で盛り上げようとしてるとこが増えてる気がする,好ましい,観光客が増えればお土産なども買って帰ってくれるので経済効果はあるのかなぁ？と思う,"まちに賑わいが生まれる, 移住・定住のきっかけとなる",,"騒音やごみの増加, 交通渋滞や路上駐車などの交通環境の悪化, 日常生活に影響が出るほどの不安",ちゃんとしたスムーズな渋滞や駐車場の緩和を前もってされてるなら問題ないけれどそんな取り組みされてるとこはまだまだ少ない,"観光スポットを結ぶ交通機関, トイレ・休憩所等の整備及びユニバーサル化, 観光イベント, 飲食施設, 宿泊施設、土産物屋, 駐車場",4,5,自分が住んでるところに自慢できるものがあろのは嬉しい,8,,7,,50～59歳,女性
福井市,あまりそうは思わない,,あまりそうは思わない,,あまりそうは思わない,,ややそう思う,,あまりそうは思わない,,評価していない,,どちらともいえない,,地域の知名度が上がる,,"騒音やごみの増加, 治安の悪化",,体験施設,2,3,,3,,4,,50～59歳,男性
福井市,そう思う,,そう思う,,そう思う,,そう思う,,ややそう思う,,どちらともいえない,,どちらかと言えば好ましい,,波及効果により他の地場産業が活気づく,,交通渋滞や路上駐車などの交通環境の悪化,,"観光スポットを結ぶ交通機関, 観光イベント, 飲食施設, 宿泊施設、土産物屋, 駐車場",3,2,,7,,7,,60～69歳,男性
敦賀市,そう思う,,あまりそうは思わない,,そう思う,,そう思う,,そう思う,,どちらかといえば評価している,,どちらかと言えば好ましい,,"まちに賑わいが生まれる, 地域の知名度が上がる, 歴史文化資源の保存活用につながる, 移住・定住のきっかけとなる",,特に心配はない,,"観光スポットを結ぶ交通機関, 駐車場, 体験施設",3,3,,7,,7,,60～69歳,女性
福井市,そう思う,,ややそう思う,,そう思う,,とてもそう思う,,そう思う,,評価している,,とても好ましい,,"観光客の消費によって飲食業や宿泊業が潤う, まちに賑わいが生まれる, 波及効果により他の地場産業が活気づく, 地域の知名度が上がる",,特に心配はない,,"観光スポットを結ぶ交通機関, 宿泊施設、土産物屋, 観光案内所、観光ガイド, 駐車場",5,4,,10,,10,,50～59歳,女性
福井市,ややそう思う,駅前がとても賑やかになった,ややそう思う,東京方面に行くにはとても便利になった。しかし、関西方面に行くのには不便になったから。,そう思う,福井県の良さを知ってもらえるから。,そう思う,,そう思う,,評価している,,好ましい,,"観光客の消費によって飲食業や宿泊業が潤う, まちに賑わいが生まれる, 波及効果により他の地場産業が活気づく, 地域の知名度が上がる, ガイドなど市民参加の場が広がる",,"騒音やごみの増加, 交通渋滞や路上駐車などの交通環境の悪化, 治安の悪化",,"観光スポットを結ぶ交通機関, 観光スポットの案内板や標識（多言語表示）, 駐車場",2,3,,9,,10,,60～69歳,女性
小浜市,とてもそう思う,東京や埼玉や長野県に日帰り旅行行ける,とてもそう思う,移動が楽,そう思う,観光は、大切な資源だと思う,とてもそう思う,観光産業は、地域活性化する,とてもそう思う,イメージ大切だから,とても評価している,,とても好ましい,,"観光客の消費によって飲食業や宿泊業が潤う, まちに賑わいが生まれる, 波及効果により他の地場産業が活気づく, 歴史文化資源の保存活用につながる",,"騒音やごみの増加, 交通渋滞や路上駐車などの交通環境の悪化, 治安の悪化",,"観光スポットを結ぶ交通機関, 観光スポットの案内板や標識（多言語表示）, トイレ・休憩所等の整備及びユニバーサル化, 観光イベント, 飲食施設, 観光案内所、観光ガイド, 駐車場",4,5,,9,,9,,60～69歳,女性
福井市,ややそう思う,駅前が開発されてきたから賑わいそう,あまりそうは思わない,東京の行くのは便利だけど費用も増えたし大阪は行きづらい,そうは思わない,観光で活性化してほしいから,ややそう思う,歓迎して福井にあわよくば住んでほしいから,そう思う,旅先としての収入を期待するから,どちらともいえない,具体的な取り組みがわからないから,好ましい,ごみ問題とかあるが来てもらわなきゃなにも始まらないから,"観光客の消費によって飲食業や宿泊業が潤う, まちに賑わいが生まれる, 波及効果により他の地場産業が活気づく, 地域の知名度が上がる, 観光客との交流が生まれる, 移住・定住のきっかけとなる",,"騒音やごみの増加, 治安の悪化",インバウンドで海外からの旅行者多そうだから,"観光スポットを結ぶ交通機関, 観光イベント, 障害者や高齢者への配慮（バリアフリー）, 飲食施設, 宿泊施設、土産物屋, 駐車場, 体験施設",4,3,観光地にいくのに車がいるから,6,子供もいて親も助けてくれるし仕事もできているから,5,将来のことはまだわからないから、アリーナにお金かけすぎていて活用できるのか心配だから,30～39歳,女性
福井市,そう思う,観光客が来る,あまりそうは思わない,,そう思う,,とてもそう思う,,とてもそう思う,,どちらともいえない,,好ましい,,"観光客の消費によって飲食業や宿泊業が潤う, まちに賑わいが生まれる, 波及効果により他の地場産業が活気づく",,"騒音やごみの増加, 交通渋滞や路上駐車などの交通環境の悪化",,"観光スポットを結ぶ交通機関, 観光イベント, 観光マップやパンフレット",3,4,,8,,8,,40～49歳,女性
福井市,あまりそうは思わない,駅から離れている,そう思う,東京へ行くのが便利になった,そう思う,たくさんの人が来てくれる,とてもそう思う,いいところだと思ってほしい,あまりそうは思わない,豊かな自然が破壊される,どちらかといえば評価している,来てくれる人にはわかりやすく案内している,どちらかと言えば好ましい,消費が増える,"観光客の消費によって飲食業や宿泊業が潤う, 波及効果により他の地場産業が活気づく, 移住・定住のきっかけとなる",多くの人がいいところだと思ってくれる,"歴史文化資源の破壊, 自然破壊, 治安の悪化",福井は自然豊かなところが取り柄なので,"観光スポットを結ぶ交通機関, トイレ・休憩所等の整備及びユニバーサル化, 飲食施設, 宿泊施設、土産物屋",5,5,住みやすいところだと思う,9,のんびりできる,10,なにも不満はない,60～69歳,女性
福井市,そう思う,活性化している。,そう思う,地域振興。,そう思う,活性化している。,そう思う,地域振興。,ややそう思う,活性化のため。,どちらかといえば評価している,,好ましい,,"観光客の消費によって飲食業や宿泊業が潤う, まちに賑わいが生まれる",,特に心配はない,,"観光スポットを結ぶ交通機関, 観光スポットの案内板や標識（多言語表示）, 観光イベント",4,4,,8,,8,,50～59歳,男性
福井市,とてもそう思う,観光客が増えた,あまりそうは思わない,恩恵を受けていない,そう思う,お金が動く,そう思う,また来てもらう為,そう思う,また来てもらう為,どちらかといえば評価している,そう思うから,どちらかと言えば好ましい,そう思うから,"観光客の消費によって飲食業や宿泊業が潤う, まちに賑わいが生まれる, 波及効果により他の地場産業が活気づく, 地域の知名度が上がる",,"騒音やごみの増加, 交通渋滞や路上駐車などの交通環境の悪化, 歴史文化資源の破壊, 自然破壊, 治安の悪化",,"観光スポットを結ぶ交通機関, 観光スポットの案内板や標識（多言語表示）, トイレ・休憩所等の整備及びユニバーサル化, 飲食施設, 宿泊施設、土産物屋, 駐車場",3,3,そう思ったから,6,そう思ったから,6,可もなく不可もなく,50～59歳,男性
鯖江市,全くそうは思わない,"特急で十分だった。
新幹線への乗り換えや、福井駅越前たけふ駅までの送迎の手間が増えた。",全くそうは思わない,自身は新幹線を利用する機会はないが、送迎に費やす時間が増えた。,そう思う,外部からの意見(感想)や指摘は成長する上で大切であるから。,そう思う,,そう思う,,評価している,福井県の認知度が上がっているように感じるから。,好ましい,,"観光客の消費によって飲食業や宿泊業が潤う, 波及効果により他の地場産業が活気づく, 地域の知名度が上がる",,"騒音やごみの増加, 交通渋滞や路上駐車などの交通環境の悪化, 歴史文化資源の破壊, 自然破壊, 治安の悪化",,"飲食施設, 宿泊施設、土産物屋, 駐車場, 体験施設",3,4,,7,,5,,30～39歳,女性
福井市,とてもそう思う,"観光客が増え街に活気が出てきたから
",そう思う,県外は時短で行けるようになった,そう思う,テレビ等でもよく福井の事が紹介されている,そう思う,,そう思う,,どちらかといえば評価している,,好ましい,,"観光客の消費によって飲食業や宿泊業が潤う, まちに賑わいが生まれる, 波及効果により他の地場産業が活気づく",,特に心配はない,,"観光スポットを結ぶ交通機関, 観光スポットの案内板や標識（多言語表示）, トイレ・休憩所等の整備及びユニバーサル化, 観光マップやパンフレット, 駐車場",4,3,,6,,6,,60～69歳,女性
福井市,ややそう思う,東京から福井へ直通で行けるから,あまりそうは思わない,家業が観光や飲食関係ではないため,ややそう思う,自然が豊かな面と食べ物がおいしいため,そう思う,福井のいいところを味わってほしいと思うため,ややそう思う,いろんな人が一度は訪れてはほしいと思う,どちらかといえば評価している,,どちらかと言えば好ましい,,"観光客の消費によって飲食業や宿泊業が潤う, まちに賑わいが生まれる",,特に心配はない,,"観光スポットを結ぶ交通機関, 観光スポットの案内板や標識（多言語表示）, 観光イベント, 障害者や高齢者への配慮（バリアフリー）, 飲食施設",3,3,,2,娯楽、百貨店などがない,3,あまり状況が変わらなそうなため,40～49歳,女性
福井市,そう思う,,そう思う,,そう思う,,とてもそう思う,,そう思う,,評価している,,好ましい,,"観光客の消費によって飲食業や宿泊業が潤う, まちに賑わいが生まれる, 波及効果により他の地場産業が活気づく",,"交通渋滞や路上駐車などの交通環境の悪化, 治安の悪化",,"観光スポットを結ぶ交通機関, トイレ・休憩所等の整備及びユニバーサル化, 観光イベント, 宿泊施設、土産物屋, 駐車場, 体験施設",4,4,,8,,8,,40～49歳,女性
敦賀市,そう思う,,そう思う,,ややそう思う,,そう思う,,ややそう思う,,評価している,,どちらかと言えば好ましい,,"観光客の消費によって飲食業や宿泊業が潤う, まちに賑わいが生まれる, 地域の知名度が上がる",,"交通渋滞や路上駐車などの交通環境の悪化, 治安の悪化",,"トイレ・休憩所等の整備及びユニバーサル化, 障害者や高齢者への配慮（バリアフリー）",3,3,,7,,7,,30～39歳,女性
敦賀市,とてもそう思う,,あまりそうは思わない,,とてもそう思う,,とてもそう思う,,とてもそう思う,,評価している,,好ましい,,"観光客の消費によって飲食業や宿泊業が潤う, まちに賑わいが生まれる, 地域の知名度が上がる",,騒音やごみの増加,,"観光スポットを結ぶ交通機関, 観光スポットの案内板や標識（多言語表示）, トイレ・休憩所等の整備及びユニバーサル化",5,5,,8,,8,,50～59歳,女性
永平寺町,あまりそうは思わない,たいして今までと変わらないような気がするから,そうは思わない,東京ほうめんよりも、大阪方面に行く方が断然多いのに、凄く不自由不便になったから,ややそう思う,,ややそう思う,,ややそう思う,,どちらともいえない,,好ましい,,観光客の消費によって飲食業や宿泊業が潤う,,"騒音やごみの増加, 交通渋滞や路上駐車などの交通環境の悪化",,"観光スポットを結ぶ交通機関, トイレ・休憩所等の整備及びユニバーサル化",1,2,,10,,10,,50～59歳,女性
福井市,とてもそう思う,観光客げ増えたと思う,そうは思わない,とくに感じないから,そう思う,福井の知名度があがると思うから,ややそう思う,具体的に何をしたらいいかわからないからややそう思う,ややそう思う,少しでも知名度があがってほしい,どちらかといえば評価している,あわら市は今旅館が盛り上がってるなと思う,どちらかと言えば好ましい,観光客によるごみとかが増えたらいやだ,"観光客の消費によって飲食業や宿泊業が潤う, 地域の知名度が上がる",,"騒音やごみの増加, 交通渋滞や路上駐車などの交通環境の悪化, 治安の悪化",街が汚くなるのはいやだ,"観光スポットを結ぶ交通機関, 観光イベント, 飲食施設, 駐車場",2,2,,7,,7,,30～39歳,女性
福井市,そう思う,,そう思う,乗り換え無しで東京に移動できる,とてもそう思う,,とてもそう思う,,とてもそう思う,,どちらかといえば評価している,,とても好ましい,,"観光客の消費によって飲食業や宿泊業が潤う, まちに賑わいが生まれる, 波及効果により他の地場産業が活気づく, 地域の知名度が上がる",,特に心配はない,,"観光スポットを結ぶ交通機関, 観光スポットの案内板や標識（多言語表示）, 体験施設",1,5,,8,,8,,50～59歳,男性
福井市,そう思う,県外の方々のSNSに、福井市の投稿が増えている気がする。,そう思う,東京に行きやすくなった,そう思う,県外の方々が増えたと思う,そう思う,福井の良いとこを知ってほしい,そう思う,街が活性化する,どちらかといえば評価している,,好ましい,県外の方々に興味を持ってもらえてうれしい,"観光客の消費によって飲食業や宿泊業が潤う, まちに賑わいが生まれる, 波及効果により他の地場産業が活気づく, 地域の知名度が上がる, 観光客との交流が生まれる, 移住・定住のきっかけとなる",,"騒音やごみの増加, 交通渋滞や路上駐車などの交通環境の悪化",,"観光スポットを結ぶ交通機関, 観光スポットの案内板や標識（多言語表示）, トイレ・休憩所等の整備及びユニバーサル化, 観光イベント, 障害者や高齢者への配慮（バリアフリー）, 観光マップやパンフレット, 飲食施設, 宿泊施設、土産物屋, 駐車場, 体験施設",4,4,食べ物が美味しい,7,自然が豊かで、子育てしやすい,7,,30～39歳,女性
あわら市,あまりそうは思わない,,ややそう思う,,そう思う,,そう思う,,ややそう思う,,どちらかといえば評価している,,好ましい,,"観光客の消費によって飲食業や宿泊業が潤う, まちに賑わいが生まれる, 波及効果により他の地場産業が活気づく, 地域の知名度が上がる, 観光客との交流が生まれる",,"騒音やごみの増加, 交通渋滞や路上駐車などの交通環境の悪化",,"観光スポットを結ぶ交通機関, 観光スポットの案内板や標識（多言語表示）, トイレ・休憩所等の整備及びユニバーサル化, 観光イベント, 障害者や高齢者への配慮（バリアフリー）, 観光マップやパンフレット, 飲食施設, 宿泊施設、土産物屋, 駐車場",3,4,,8,,8,,20～29歳,女性
勝山市,そう思う,県外客が多い。,ややそう思う,収入の影響がある。,とてもそう思う,福井にとって、もの凄く大切な事。,とてもそう思う,福井に取って大切な物。,とてもそう思う,やはり大切にして行きたい。,とても評価している,,好ましい,,"観光客の消費によって飲食業や宿泊業が潤う, 地域の知名度が上がる",,特に心配はない,,観光スポットを結ぶ交通機関,5,5,,6,給料が安い,7,,60～69歳,男性
勝山市,ややそう思う,恐竜博物館に来る人が増えている,ややそう思う,東京に行くのが便利になった,ややそう思う,経済が潤うと思う,ややそう思う,リピーターになってもらいたい,そう思う,,どちらともいえない,,どちらかと言えば好ましい,,"観光客の消費によって飲食業や宿泊業が潤う, 波及効果により他の地場産業が活気づく",,交通渋滞や路上駐車などの交通環境の悪化,,"観光スポットを結ぶ交通機関, 観光スポットの案内板や標識（多言語表示）, 観光イベント, 障害者や高齢者への配慮（バリアフリー）, 観光マップやパンフレット, 飲食施設, 宿泊施設、土産物屋, 観光案内所、観光ガイド, 駐車場, 体験施設",4,4,,7,,4,年をとって、雪対策できるか心配,60～69歳,女性
福井市,ややそう思う,東京方面からのアクセスは、とても良くなった,ややそう思う,金沢が近くなった,そう思う,関東圏からの観光客は増えるから,ややそう思う,自身は、福井出身ではなく、いずれ県外に出る,ややそう思う,福井の良さは、マダガスカルの良さに似ている,どちらかといえば評価している,私には、あまり影響が無いから,どちらともいえない,静かな福井が良い,観光客の消費によって飲食業や宿泊業が潤う,,"騒音やごみの増加, 交通渋滞や路上駐車などの交通環境の悪化, 歴史文化資源の破壊, 自然破壊, 治安の悪化, 日常生活に影響が出るほどの不安",,"観光スポットを結ぶ交通機関, 観光スポットの案内板や標識（多言語表示）, トイレ・休憩所等の整備及びユニバーサル化, 障害者や高齢者への配慮（バリアフリー）, 観光マップやパンフレット, 飲食施設, 宿泊施設、土産物屋, 観光案内所、観光ガイド, 駐車場, 体験施設",1,2,施錠を忘れても、ほぼほぼ大丈夫な点,5,車がないと、生活出来ない,5,昨今の経済や世界情勢を考えると、あまり期待は持てない,60～69歳,無回答
福井市,あまりそうは思わない,名古屋や、大阪に行くのに乗り換えが不便,そうは思わない,実家が岐阜で不便,そう思う,人の流れよくなると、交通網が便利になる,そう思う,人との出会いを大切にしたいと,ややそう思う,,どちらともいえない,,好ましい,,"地域の知名度が上がる, 歴史文化資源の保存活用につながる",,"騒音やごみの増加, 歴史文化資源の破壊, 治安の悪化",,"観光スポットを結ぶ交通機関, 観光スポットの案内板や標識（多言語表示）, トイレ・休憩所等の整備及びユニバーサル化, 観光案内所、観光ガイド, 駐車場",3,3,,6,駅前がさみしい,5,歳をとり??社会だと不便,60～69歳,女性
坂井市,ややそう思う,少なからず観光客が増える,ややそう思う,通勤で新幹線が利用できる,そう思う,,ややそう思う,,そう思う,観光客が来る事により街が発展する,どちらかといえば評価している,県がキャンペーンを実施して観光客を呼ぼうとしてる,好ましい,,"観光客の消費によって飲食業や宿泊業が潤う, まちに賑わいが生まれる, 波及効果により他の地場産業が活気づく",,騒音やごみの増加,,"観光スポットを結ぶ交通機関, トイレ・休憩所等の整備及びユニバーサル化, 飲食施設, 宿泊施設、土産物屋, 駐車場",2,4,,7,過ごしやすいが、公共交通機関が不便,8,,40～49歳,男性
永平寺町,あまりそうは思わない,サンダーバードの時と比べてそんなに変わっていない気がする。,そうは思わない,大阪、京都にいきにくくなった。,ややそう思う,それなりに県外の人にはインパクトになると思う（福井ってどこにあるの？レベルで）,とてもそう思う,マナーの悪い人は来て欲しくないけど、福井にはいいところがいっぱいあるので知って欲しいし来て欲しいと思う！,とてもそう思う,,評価している,町職員さんをはじめ、いろいろな方ががんばってまちおこしをしたりしていると思う。移住や子育てとかも。,どちらかと言えば好ましい,たくさん来すぎてマナーが悪い人が増えたり、犯罪がおこったり、町が汚れたりゴミが増えたりするのは嫌だけど、活気がでるのはいいとおもう。,"観光客の消費によって飲食業や宿泊業が潤う, まちに賑わいが生まれる, 波及効果により他の地場産業が活気づく, 観光客との交流が生まれる, 歴史文化資源の保存活用につながる, 移住・定住のきっかけとなる, ガイドなど市民参加の場が広がる",,"騒音やごみの増加, 交通渋滞や路上駐車などの交通環境の悪化, 歴史文化資源の破壊, 自然破壊, 治安の悪化",外国人の犯罪とかニュースでみると、他人事ではないなと思うようになってきたから。,"観光スポットを結ぶ交通機関, 観光スポットの案内板や標識（多言語表示）, 観光イベント, 障害者や高齢者への配慮（バリアフリー）, 観光マップやパンフレット, 飲食施設, 宿泊施設、土産物屋, 観光案内所、観光ガイド, 駐車場, 体験施設",4,4,,7,,7,,40～49歳,女性
福井市,そう思う,福井駅前周辺の人の多さが開業前と違う様に思う。,あまりそうは思わない,,とてもそう思う,,とてもそう思う,,とてもそう思う,,評価している,,好ましい,,"まちに賑わいが生まれる, 波及効果により他の地場産業が活気づく, 地域の知名度が上がる, 移住・定住のきっかけとなる",,交通渋滞や路上駐車などの交通環境の悪化,,"観光スポットを結ぶ交通機関, 観光イベント, 宿泊施設、土産物屋",3,4,,9,,7,,50～59歳,男性
福井市,とてもそう思う,福井の事を知ってもらえた,ややそう思う,直接の影響はない,そう思う,悪い影響があるとは思えない,とてもそう思う,来てくれてありがとう,ややそう思う,あり続けるべきという強い思いはないかも,どちらかといえば評価している,空回り感はあるかも,どちらかと言えば好ましい,福井が賑わうのは良いと思う,"まちに賑わいが生まれる, 波及効果により他の地場産業が活気づく, 地域の知名度が上がる",,騒音やごみの増加,,"観光スポットを結ぶ交通機関, 観光イベント, 駐車場, 体験施設",3,3,福井が一番！とまでは言えないので,8,素晴らしい自然がたくさんある,8,5年で変わるかな?,60～69歳,女性
坂井市,そう思う,,そうは思わない,,そうは思わない,,そう思う,,そう思う,,どちらかと言えば評価していない,,どちらともいえない,,"観光客の消費によって飲食業や宿泊業が潤う, まちに賑わいが生まれる, 波及効果により他の地場産業が活気づく, 地域の知名度が上がる, 観光客との交流が生まれる, 歴史文化資源の保存活用につながる",,"騒音やごみの増加, 交通渋滞や路上駐車などの交通環境の悪化, 歴史文化資源の破壊, 自然破壊, 治安の悪化",,"観光スポットを結ぶ交通機関, 観光スポットの案内板や標識（多言語表示）, トイレ・休憩所等の整備及びユニバーサル化, 障害者や高齢者への配慮（バリアフリー）, 駐車場",1,3,,6,,5,,60～69歳,男性
敦賀市,あまりそうは思わない,観光客が増えた気がしない。空き家がまだ多い。,ややそう思う,移動手段で新幹線を選択肢に入れることが多くなった。,そう思う,,そう思う,,そう思う,,どちらともいえない,,好ましい,,"観光客の消費によって飲食業や宿泊業が潤う, 波及効果により他の地場産業が活気づく",,特に心配はない,,観光イベント,1,3,,9,,9,,60～69歳,女性
福井市,そう思う,観光客が増える,あまりそうは思わない,新幹線を使わない,あまりそうは思わない,効果はあると思う,そう思う,お金を使ってくれる,そう思う,お金を使ってくれる,評価していない,何をしているのか分かりません,好ましい,お金を使ってくれる,"観光客の消費によって飲食業や宿泊業が潤う, まちに賑わいが生まれる, 波及効果により他の地場産業が活気づく",,騒音やごみの増加,,観光スポットを結ぶ交通機関,3,3,田舎だから,3,不安がある,5,何となく,50～59歳,男性
越前市,あまりそうは思わない,影響度合いが分からないから,そうは思わない,普段の生活に新幹線の関わりがないから,そう思う,"知らない、行かないのイメージだったのが、
知られていなかった福井県の魅力や良さが
伝わるから。",そう思う,47都道府県ある中でわざわざ選択してくれてるから,そう思う,地域活性化や経済発展のため,どちらかといえば評価している,"まだまだやれることがあると思うが、取り組み自体があまり知られていないと思うので、まずそこの周知から進めるべきと思う。
",好ましい,経済効果,"観光客の消費によって飲食業や宿泊業が潤う, まちに賑わいが生まれる, 波及効果により他の地場産業が活気づく, 地域の知名度が上がる, 歴史文化資源の保存活用につながる, 移住・定住のきっかけとなる",,交通渋滞や路上駐車などの交通環境の悪化,,"観光スポットを結ぶ交通機関, 観光スポットの案内板や標識（多言語表示）, トイレ・休憩所等の整備及びユニバーサル化, 障害者や高齢者への配慮（バリアフリー）, 観光マップやパンフレット, 飲食施設, 宿泊施設、土産物屋, 観光案内所、観光ガイド, 駐車場",3,3,お勧めできるものを知らない,5,他の都道府県で暮らしたことがないので比較できない。良否がわからない。,5,現状より良くなる見込みがない,50～59歳,男性
福井市,とてもそう思う,県外の人が増えた,ややそう思う,,あまりそうは思わない,,そう思う,,そう思う,,どちらかといえば評価している,,どちらかと言えば好ましい,,"観光客の消費によって飲食業や宿泊業が潤う, まちに賑わいが生まれる, 地域の知名度が上がる",,"騒音やごみの増加, 治安の悪化",,観光スポットを結ぶ交通機関,3,2,,7,,7,,40～49歳,女性
福井市,そう思う,活性化になる,ややそう思う,時間が短縮になった,ややそう思う,福井を知ってもらえるきっかけになった,とてもそう思う,福井県の魅力を知らせたい,とてもそう思う,今まで北陸だと石川県のイメージだったから,どちらかといえば評価している,宣伝効果がでている,とても好ましい,駅が賑わっている,まちに賑わいが生まれる,活気があり楽しみ,交通渋滞や路上駐車などの交通環境の悪化,電車本数が少ない,"観光スポットを結ぶ交通機関, トイレ・休憩所等の整備及びユニバーサル化, 駐車場",4,4,自然の魅力がある所,8,住みやすいが、冬の時期雪問題がある,7,"住みやすいが、高齢になり車がなくなると
交通機関本数が少ないので不安だ
駅付近に便利な高齢者が入りやすいホームが
あると安心",60～69歳,女性
福井市,とてもそう思う,福井県を取材するテレビ番組が増えた,あまりそうは思わない,県外に出掛けることがないから,とてもそう思う,観光客が増えて経済が潤う,とてもそう思う,福井県をいいところだと思って、また来て欲しいから,とてもそう思う,たくさんの人に来てもらって、知名度をあげたいから,どちらともいえない,観光振興の取り組みがよく分からない,とても好ましい,福井県の経済が潤い知名度があがるから,"観光客の消費によって飲食業や宿泊業が潤う, まちに賑わいが生まれる, 地域の知名度が上がる, 移住・定住のきっかけとなる",,特に心配はない,,観光スポットを結ぶ交通機関,3,4,お勧めの食がたくさんあるから,7,幸せだけれど、公共交通機関がいまいち,7,今と変わらないと思う,50～59歳,女性
勝山市,とてもそう思う,栃木出身のわたしとしては、関東にいる家族、姪甥がきやすくなったから,とてもそう思う,家族、甥、姪に逢いやすくなったから,とてもそう思う,福井のいいところをアピールできる,とてもそう思う,わたしも、ヨーロッパ中旅した時、とても素晴らしい経験になったから,とてもそう思う,福井県のみならず、岐阜、大阪、兵庫、愛知県なども近いため、福井の観光地も訪れてほしい,評価している,県民が優しくて、わたしは、幸せだから,とても好ましい,わたしは、外国人を見ると話しかけたくなるから,"観光客の消費によって飲食業や宿泊業が潤う, まちに賑わいが生まれる, 波及効果により他の地場産業が活気づく, 地域の知名度が上がる, 観光客との交流が生まれる, 歴史文化資源の保存活用につながる, 移住・定住のきっかけとなる, ガイドなど市民参加の場が広がる",,特に心配はない,,"観光スポットの案内板や標識（多言語表示）, トイレ・休憩所等の整備及びユニバーサル化, 観光イベント, 障害者や高齢者への配慮（バリアフリー）, 観光マップやパンフレット, 飲食施設, 宿泊施設、土産物屋, 観光案内所、観光ガイド, 駐車場, 体験施設",5,5,"恐竜博物館、ゆめおーれ勝山、コンビニ
スーパー、平泉寺、ラブリー牧場のソフトクリーム、居酒屋などの飲食店、自然、動物、市役所、消防団、社協など",10,"植物、動物が好きだから
雄大な自然、山々達、
そして、人も素晴らしい　食べ物も美味しい",10,もっと、福井を知り、愛着を感じるから,40～49歳,女性
福井市,ややそう思う,都市圏から福井にくるのに便利になった。,あまりそうは思わない,敦賀には殆ど車だから。関西へは不便になった。,とてもそう思う,福井駅周辺には県外の人が増えた。,そう思う,福井の印象を良くしたいから。,とてもそう思う,,どちらかといえば評価している,,とても好ましい,,"観光客の消費によって飲食業や宿泊業が潤う, まちに賑わいが生まれる, 地域の知名度が上がる",,"交通渋滞や路上駐車などの交通環境の悪化, 治安の悪化",,"トイレ・休憩所等の整備及びユニバーサル化, 観光案内所、観光ガイド, 駐車場",4,3,,8,都会みたいに忙しい事なく、のんびりと暮らせます。,8,生活環境が変わらなければです。,70歳以上,男性
福井市,あまりそうは思わない,関西や中京圏とのアクセスが悪くなり、子どもたちの進学先として選びにくくなった。関東に出てしまうのでＵターン就職はより選ばれにくくなるとよく聞くし、我が子たちもそうなるのではと危惧している。若年層の流出が加速すると、市政に打撃である。,あまりそうは思わない,学生時代を過ごした関西に気軽に行けなくなった。福井にＵターンしたことを後悔している。,あまりそうは思わない,観光は水ものであり、安定した産業とはなりにくいと思う。,あまりそうは思わない,,あまりそうは思わない,,どちらともいえない,,どちらかと言えば好ましくない,,観光客の消費によって飲食業や宿泊業が潤う,,"騒音やごみの増加, 自然破壊, 治安の悪化, 日常生活に影響が出るほどの不安",街なかで子育てをしている者として、見知らぬ国や地域の人が絶えず大量に来訪する状態は脅威です。集団登校中に外国人にカメラを向けられた子どももいると聞きました。YouTubeなどへの場所が特定できる形での登下校風景などのupも阻止する術がありません。,"トイレ・休憩所等の整備及びユニバーサル化, 体験施設",1,2,,1,,1,街なかは空き家も増え、近所によく分からない者が引っ越してくることが増えた（自治会などにも、顔を出さず、実際に何人住んでいるのかなどもわからない）。会うのは自転車に乗って集団で移動する外国人ばかり。インフラも更新されない。農地を継ぐものがないという声も多数聞く。観光で街が良くなるとは思えない。,40～49歳,女性
福井市,そう思う,東京に住む親戚の帰省が楽になったと話していた,そうは思わない,去年まで愛知に住んでいたが、北陸新幹線開業後は名古屋福井間の乗り換え回数が増えてしまい不便になったため,あまりそうは思わない,,ややそう思う,,そう思う,,評価している,,どちらかと言えば好ましい,,"波及効果により他の地場産業が活気づく, 地域の知名度が上がる, 歴史文化資源の保存活用につながる",,"騒音やごみの増加, 交通渋滞や路上駐車などの交通環境の悪化, 歴史文化資源の破壊, 治安の悪化",,"観光スポットを結ぶ交通機関, トイレ・休憩所等の整備及びユニバーサル化, 体験施設",4,3,駅前に目ぼしい観光施設が無い。,7,,7,,20～29歳,無回答
福井市,ややそう思う,福井駅近くの飲食店、恐竜博物館に観光客の人が多く来てくれたから,あまりそうは思わない,l,ややそう思う,,そう思う,,ややそう思う,,どちらかといえば評価している,,どちらかと言えば好ましい,,"観光客の消費によって飲食業や宿泊業が潤う, 波及効果により他の地場産業が活気づく, 歴史文化資源の保存活用につながる",,特に心配はない,,"観光スポットを結ぶ交通機関, トイレ・休憩所等の整備及びユニバーサル化",3,4,,7,,7,,50～59歳,女性
越前市,ややそう思う,観光客が増えた,あまりそうは思わない,特に影響を感じないから,そう思う,観光以外にあまり影響を与えるものがないから,そう思う,もっと福井県の良い所を知ってもらいたいから,そう思う,福井県が盛り上がると思うから,評価している,越前そばのキャンペーンや旅行に来た時のアンケートキャンペーンなど実施しているから,どちらかと言えば好ましい,福井県が盛り上がるから,"観光客の消費によって飲食業や宿泊業が潤う, まちに賑わいが生まれる, 地域の知名度が上がる",,"騒音やごみの増加, 交通渋滞や路上駐車などの交通環境の悪化, 歴史文化資源の破壊, 自然破壊, 治安の悪化",,"観光スポットを結ぶ交通機関, 観光スポットの案内板や標識（多言語表示）, 観光イベント, 観光マップやパンフレット, 飲食施設, 駐車場, 体験施設",5,5,越前そばや漆器など、とても素晴らしいから,10,兵庫県から引っ越ししてきたが、自然が多く騒音もなく住みやすい,10,5年後も環境が変わらないと思うから,50～59歳,女性
勝山市,ややそう思う,,ややそう思う,,ややそう思う,,ややそう思う,,そう思う,,どちらともいえない,,どちらかと言えば好ましい,,"観光客の消費によって飲食業や宿泊業が潤う, 地域の知名度が上がる",,交通渋滞や路上駐車などの交通環境の悪化,,"観光スポットを結ぶ交通機関, 体験施設",4,3,,7,,7,,70歳以上,女性
福井市,そう思う,お店が増えるし、建物も綺麗になる,あまりそうは思わない,あまりかんけいがないから,あまりそうは思わない,,とてもそう思う,,そう思う,,どちらかといえば評価している,取り組を知らない,とても好ましい,,"観光客の消費によって飲食業や宿泊業が潤う, まちに賑わいが生まれる, 波及効果により他の地場産業が活気づく, 地域の知名度が上がる",,"騒音やごみの増加, 交通渋滞や路上駐車などの交通環境の悪化, 自然破壊",,"観光スポットを結ぶ交通機関, トイレ・休憩所等の整備及びユニバーサル化, 観光イベント, 体験施設",1,1,地味。恐竜しかない。羽二重餅とかも地味。とにかく地味一択。,2,交通が悪い。信号機多すぎ。繋がりも悪く渋滞が多い。車がないと無理なところ。,2,,40～49歳,女性
あわら市,ややそう思う,関東からのアクセスが良くなったから,あまりそうは思わない,出身地が関西で行くのに少し面倒になったから,そう思う,福井駅を利用する人が増えたように思うから,とてもそう思う,関係人口が増えるのは大切だから,そう思う,貴重な自然を壊すような迎え方はやめてほしいと思う,評価している,鯖江のおせっ会ボランティアさん、芦原温泉旅館からの発信や知事をアイコンに県庁からの発信、様々な立場で福井愛があたたかいと感じるから,好ましい,人、お金、新しい視点が混ざるのは面白いと思うから,"まちに賑わいが生まれる, 観光客との交流が生まれる, 歴史文化資源の保存活用につながる, ガイドなど市民参加の場が広がる",開かれた福井を期待できるから,"騒音やごみの増加, 自然破壊",日本文化、福井の文化をしっかり伝えた上で受け入れてほしいと思うから,"観光スポットを結ぶ交通機関, トイレ・休憩所等の整備及びユニバーサル化",3,5,素晴らしい自然、山、海、里が豊富だから,8,住んでいる地域が交通が不便で運転できなくなると不安に思うから,8,不安はあるがやはり福井が好きだから,60～69歳,女性
敦賀市,とてもそう思う,,ややそう思う,,とてもそう思う,,ややそう思う,,とてもそう思う,,どちらかと言えば評価していない,,とても好ましい,,"観光客の消費によって飲食業や宿泊業が潤う, まちに賑わいが生まれる, 波及効果により他の地場産業が活気づく, 地域の知名度が上がる, 移住・定住のきっかけとなる",,"交通渋滞や路上駐車などの交通環境の悪化, 歴史文化資源の破壊, 治安の悪化",,"観光スポットを結ぶ交通機関, 観光スポットの案内板や標識（多言語表示）, トイレ・休憩所等の整備及びユニバーサル化, 観光イベント, 障害者や高齢者への配慮（バリアフリー）, 観光マップやパンフレット, 飲食施設, 宿泊施設、土産物屋, 観光案内所、観光ガイド, 駐車場, 体験施設",2,4,,5,,4,,50～59歳,男性
敦賀市,ややそう思う,乗降客の増加,そうは思わない,新幹線を利用しないため,そう思う,経済的メリット,そう思う,もっと認知度を上げたいから,そう思う,前の質問の回答と同じ,どちらともいえない,あまり成果が見えないため,好ましい,経済的メリット,"観光客の消費によって飲食業や宿泊業が潤う, まちに賑わいが生まれる, 地域の知名度が上がる",,"騒音やごみの増加, 交通渋滞や路上駐車などの交通環境の悪化, 治安の悪化",,"観光スポットを結ぶ交通機関, 観光スポットの案内板や標識（多言語表示）, トイレ・休憩所等の整備及びユニバーサル化, 観光イベント, 障害者や高齢者への配慮（バリアフリー）, 宿泊施設、土産物屋, 観光案内所、観光ガイド, 駐車場",3,3,他の地域に勝るものがあまりないから,7,交通量が少ないのはいいが、公共交通が不便なため,6,,60～69歳,男性
小浜市,とてもそう思う,,そう思う,,そうは思わない,,そう思う,,とてもそう思う,,評価している,,とても好ましい,,"観光客の消費によって飲食業や宿泊業が潤う, まちに賑わいが生まれる, 波及効果により他の地場産業が活気づく, 地域の知名度が上がる, 観光客との交流が生まれる",,"騒音やごみの増加, 交通渋滞や路上駐車などの交通環境の悪化, 治安の悪化, 日常生活に影響が出るほどの不安",,"観光スポットを結ぶ交通機関, トイレ・休憩所等の整備及びユニバーサル化, 観光イベント, 観光マップやパンフレット, 飲食施設",4,3,,5,,5,,50～59歳,男性
敦賀市,そう思う,"町を歩く観光客が増えた
",そう思う,町が活気づく,そう思う,"シャッター街が再活用されることを期待する
",とてもそう思う,"福井の美味しい魚介類や自然環境を知って欲しい
",とてもそう思う,"県民のひとりとしてそうあって欲しい
",評価していない,"アピール力が乏しいと感じる
",とても好ましい,"活気づく事を期待しま
","観光客の消費によって飲食業や宿泊業が潤う, まちに賑わいが生まれる, 波及効果により他の地場産業が活気づく, 地域の知名度が上がる, 観光客との交流が生まれる, 移住・定住のきっかけとなる","活気づく事が全て

",特に心配はない,"まだまだ受け皿があると思うから

","観光スポットを結ぶ交通機関, 観光スポットの案内板や標識（多言語表示）, トイレ・休憩所等の整備及びユニバーサル化, 観光イベント, 障害者や高齢者への配慮（バリアフリー）, 観光マップやパンフレット, 飲食施設, 宿泊施設、土産物屋, 観光案内所、観光ガイド, 駐車場",5,5,"人間性
",8,"スーパー銭湯が閉店さて楽しみが減ったから10点から8点に
",10,期待を込めての10点,60～69歳,男性
南越前町,あまりそうは思わない,駅から遠く、交通の便が悪いため,全くそうは思わない,新幹線など、公共交通機関を使わない。車中心,ややそう思う,観光客が増える,とてもそう思う,福井にはいいところが沢山ある,とてもそう思う,観光業の繁盛,どちらかと言えば評価していない,アピールが印象的ではない,どちらともいえない,マナーの悪い外国人は遠慮して欲しい,"観光客の消費によって飲食業や宿泊業が潤う, まちに賑わいが生まれる, 波及効果により他の地場産業が活気づく, 地域の知名度が上がる, 歴史文化資源の保存活用につながる",賑わいある方が良いから。閑散としてると残念,"騒音やごみの増加, 交通渋滞や路上駐車などの交通環境の悪化",有名観光地、京都など、日本人が楽しめなくなる,"トイレ・休憩所等の整備及びユニバーサル化, 障害者や高齢者への配慮（バリアフリー）, 駐車場",5,4,交通の便が悪い,10,自然豊か,10,自分次第だから,50～59歳,女性
福井市,あまりそうは思わない,"東京には近くなったと思うが、関西，名古屋方面へのアクセスがとてつもなく不便になった。
",あまりそうは思わない,周りの人たちと話していても、関西方面へのアクセスが悪くなり、元々関西と仕事関係でも密接であり、不便この上ないとの話が聞こえてくる。関西の友人とも疎遠になりつつある。,ややそう思う,観光客は増えていると思う。,そう思う,福井の良いところを知ってもらいたい。又きて欲しいし、口コミで、福井の良さを，広めてもらいたい。,そう思う,観光地としては、まだまだ下位に甘んじてると思う。金沢に寄ったついでに行ってみるが現実だと思う。最初から、福井へ行こう！と言う気持ちを観光客に持たせる何かを、隣県に行く目的とは違ったものを考えるべきでは。,どちらともいえない,どこがどんなことをどんなふうに取り組んでいるかわからない。,好ましい,"経済的にも潤い、福井が元気になる。どちらかと言うと保守的な県民性が変わってくるかも。
観光客が増えることによって、新しいアイデアも生まれてくる気がする。","観光客の消費によって飲食業や宿泊業が潤う, まちに賑わいが生まれる, 観光客との交流が生まれる, 歴史文化資源の保存活用につながる, ガイドなど市民参加の場が広がる",,"騒音やごみの増加, 交通渋滞や路上駐車などの交通環境の悪化",,"観光スポットを結ぶ交通機関, トイレ・休憩所等の整備及びユニバーサル化, 観光イベント, 障害者や高齢者への配慮（バリアフリー）, 宿泊施設、土産物屋",4,3,住む環境としては、良い場所だが、観光地としては地味なところであることも否めない。,8,衣食住ほぼ満足している。友人たちにも恵まれ、自然も残っている。,7,5年経てば、歳もとり、体力もおとりそれなりに生活の質は低下してくる。,70歳以上,女性
越前市,ややそう思う,,ややそう思う,,ややそう思う,,とてもそう思う,,ややそう思う,,どちらかといえば評価している,,好ましい,,"観光客の消費によって飲食業や宿泊業が潤う, まちに賑わいが生まれる",,特に心配はない,,"観光スポットを結ぶ交通機関, 飲食施設",4,3,,8,,8,,50～59歳,女性
福井市,そう思う,観光客が増え賑やかになる,あまりそうは思わない,,そう思う,,そう思う,,そう思う,,どちらかといえば評価している,,どちらかと言えば好ましい,,波及効果により他の地場産業が活気づく,,"騒音やごみの増加, 交通渋滞や路上駐車などの交通環境の悪化",,"観光スポットを結ぶ交通機関, 観光スポットの案内板や標識（多言語表示）",2,3,,7,,7,,50～59歳,女性
福井市,そうは思わない,京都、大阪に行きにくくなった。,全くそうは思わない,京都、大阪に行きにくくなった。,あまりそうは思わない,混雑が激しい。,そう思う,お客さんには親切にしたい。,ややそう思う,,どちらかといえば評価している,,どちらかと言えば好ましくない,,"観光客の消費によって飲食業や宿泊業が潤う, 波及効果により他の地場産業が活気づく, 観光客との交流が生まれる, ガイドなど市民参加の場が広がる",,"騒音やごみの増加, 交通渋滞や路上駐車などの交通環境の悪化, 治安の悪化, 日常生活に影響が出るほどの不安",,"観光スポットを結ぶ交通機関, 障害者や高齢者への配慮（バリアフリー）, 駐車場",3,2,,3,,3,,60～69歳,男性
鯖江市,全くそうは思わない,鯖江には止まらないから、不便,あまりそうは思わない,,そう思う,福井県の良いところをもっと多くの人に知ってもらえて、観光に来る人が増え活性化に繋がる,そう思う,旅を楽しんでもらいたい,そう思う,,評価している,,好ましい,町の活性化に繋がる,"観光客の消費によって飲食業や宿泊業が潤う, まちに賑わいが生まれる, 地域の知名度が上がる, 移住・定住のきっかけとなる",,"騒音やごみの増加, 交通渋滞や路上駐車などの交通環境の悪化, 歴史文化資源の破壊, 自然破壊, 治安の悪化",,"観光スポットを結ぶ交通機関, 観光スポットの案内板や標識（多言語表示）, トイレ・休憩所等の整備及びユニバーサル化, 観光イベント, 障害者や高齢者への配慮（バリアフリー）, 飲食施設, 宿泊施設、土産物屋, 観光案内所、観光ガイド",3,5,"食べ物が美味しい
自然が豊か
とても住みやすい
空気がきれい
人があたたかい",10,福井県が大好きだから,10,今と変わらないと思う,40～49歳,女性
福井市,そう思う,観光客が増えたと思う,ややそう思う,観光客が増えたと思う,そう思う,観光客がお金を落としてくれる,そう思う,観光客がお金を落としてくれる,とてもそう思う,観光地が沢山ある,どちらかと言えば評価していない,認知度が低い,好ましい,地域の発展,"観光客の消費によって飲食業や宿泊業が潤う, まちに賑わいが生まれる, 地域の知名度が上がる, 歴史文化資源の保存活用につながる",もっと知名度を上げたい,"騒音やごみの増加, 交通渋滞や路上駐車などの交通環境の悪化",やはりマナーが大事,"観光スポットを結ぶ交通機関, 観光スポットの案内板や標識（多言語表示）, 障害者や高齢者への配慮（バリアフリー）, 観光マップやパンフレット, 観光案内所、観光ガイド",4,3,まだまだ知名度が低い,5,車で走行すると分かると思うが、走りにくい,5,,70歳以上,男性
坂井市,ややそう思う,東尋坊があるから,ややそう思う,道が少し混み合うのかなぁ,とてもそう思う,賑やかになり活性化されるから,とてもそう思う,いい気分で帰ってまた来たいと思ってほしいから,そう思う,地元民への還元もあるとなおいいかな,どちらともいえない,あんまり取り組みを感じないから,好ましい,お店にお客様が来るとお店も元気になれるから,"観光客の消費によって飲食業や宿泊業が潤う, まちに賑わいが生まれる, 観光客との交流が生まれる",,騒音やごみの増加,,"観光スポットを結ぶ交通機関, その他",3,3,東尋坊などせっかく新幹線が通っても店も空き店舗が多いしもっと空き店舗をなくしてタワーも綺麗にしてまた来たいと思うような場所にするべき！,8,天災がすくないから,7,老後か心配。子供世帯ばかりにお金を使っても仕事を退職した老人は暮らしていけないと思う。若い人は馬力があるから稼げると思う,50～59歳,女性
おおい町,そうは思わない,嶺南在住は米原を利用する方が便利なので。,全くそうは思わない,同上,そう思う,敦賀駅周辺の活気が少し増した気がするので,とてもそう思う,福井県を好きになってほしいので,とてもそう思う,,どちらともいえない,県は嶺南にも目を向けてほしい,とても好ましい,経済が動くので,"観光客の消費によって飲食業や宿泊業が潤う, 波及効果により他の地場産業が活気づく",,歴史文化資源の破壊,海外の団体客の受け入れで他府県では問題が起きているので、対策ができているのか心配,"観光スポットを結ぶ交通機関, 観光イベント, 障害者や高齢者への配慮（バリアフリー）, 駐車場, 体験施設",5,3,季節と天候によって、観光案内できる箇所がないことがあるので,7,空港がなく、嶺南は新幹線がない。気軽に県外へいけないので。,5,人口減少がどこまで深刻化しているか見えないので,30～39歳,女性
鯖江市,全くそうは思わない,鯖江市には新幹線が通ってないから,全くそうは思わない,,とてもそう思う,都会に出て行く人が多いから,とてもそう思う,,とてもそう思う,,まったく評価していない,,とても好ましい,,"観光客の消費によって飲食業や宿泊業が潤う, まちに賑わいが生まれる, 波及効果により他の地場産業が活気づく, 地域の知名度が上がる, 観光客との交流が生まれる, 移住・定住のきっかけとなる, ガイドなど市民参加の場が広がる",,"騒音やごみの増加, 交通渋滞や路上駐車などの交通環境の悪化, 歴史文化資源の破壊, 自然破壊, 治安の悪化",,"観光スポットを結ぶ交通機関, 観光スポットの案内板や標識（多言語表示）, トイレ・休憩所等の整備及びユニバーサル化, 観光イベント, 障害者や高齢者への配慮（バリアフリー）, 観光マップやパンフレット, 宿泊施設、土産物屋, 観光案内所、観光ガイド, 駐車場, 体験施設, その他",3,3,,5,,5,,30～39歳,男性
福井市,ややそう思う,観光客が少し増えると思う,あまりそうは思わない,観光客に出会う生活を送っていない,ややそう思う,観光客相手の収益が上がるのではと予想,ややそう思う,福井の良いところを体験して、福井は思ったより良いところだとみんなに知らせて欲しい,ややそう思う,観光客相手ばかりではダメだと思うから。,どちらともいえない,具体的に何をしているか今ひとつ分からないから,どちらかと言えば好ましい,先程同じ理由,"観光客の消費によって飲食業や宿泊業が潤う, 地域の知名度が上がる",,"自然破壊, 治安の悪化",,"観光スポットを結ぶ交通機関, 体験施設",3,3,ほかの県の方が色んな観光や名所があるし、グルメもある,6,自然や安全面では都会に比べて豊かだとは思うけど、引きつけるなにかはない。行政が住民(特に中年代に対して）に優しくない。優しくするのは子育て世代だけ。,4,歳とっても若者世代にだけ、恩恵を与えると思うから。,50～59歳,女性
福井市,そう思う,東京まで行きやすくなった,そう思う,東京にいる孫に会いに行きやすくなった,そう思う,観光客が増えた,そう思う,福井の印象が良いといいと思う,そう思う,美味しいもの素敵な場所がある,どちらかといえば評価している,駅前などのイベント,好ましい,福井をたくさんの人に知って欲しい,まちに賑わいが生まれる,,特に心配はない,,観光スポットを結ぶ交通機関,4,4,,7,,7,,60～69歳,女性
越前市,全くそうは思わない,敦賀止まりでは先がない,全くそうは思わない,"サンダーバードがなくなり
関西へ行くのが非常に不便だ！",そうは思わない,,とてもそう思う,,とてもそう思う,,どちらともいえない,,とても好ましい,繁栄すると思う,"観光客の消費によって飲食業や宿泊業が潤う, まちに賑わいが生まれる, 地域の知名度が上がる, 観光客との交流が生まれる, 歴史文化資源の保存活用につながる, 移住・定住のきっかけとなる, ガイドなど市民参加の場が広がる",,"騒音やごみの増加, 交通渋滞や路上駐車などの交通環境の悪化, 歴史文化資源の破壊, 自然破壊, 治安の悪化",,観光スポットを結ぶ交通機関,5,1,異動手段が最悪,1,"車がないと生きていけない
老後が心配
現在の両親の移動手段がなさすぎる",1,車の運転が年々不安になると思う,50～59歳,女性
鯖江市,そう思う,新しく開通した場所ということで他県の方からしても興味をもってもらいやすく行ってみたいという気持ちをもってもらえると思うから。,そう思う,地域が潤うと生活も潤うと思うから。,そう思う,あまり悪いところが思いつかないから,そう思う,福井県が好きだから来てくれる人にもいいところだと思ってもらいたい,そう思う,福井県はとても魅力的な場所だから,どちらともいえない,どんな取り組みをしているのかわからないから,好ましい,いろんな人に福井の良さを知ってもらいたいから,"観光客の消費によって飲食業や宿泊業が潤う, まちに賑わいが生まれる, 波及効果により他の地場産業が活気づく, 地域の知名度が上がる, 観光客との交流が生まれる, 歴史文化資源の保存活用につながる, 移住・定住のきっかけとなる, ガイドなど市民参加の場が広がる",,"騒音やごみの増加, 交通渋滞や路上駐車などの交通環境の悪化",,"観光スポットを結ぶ交通機関, 観光スポットの案内板や標識（多言語表示）, 障害者や高齢者への配慮（バリアフリー）",4,5,綺麗だし食べ物も美味しいし人も優しいから,8,今の福井県での暮らしに満足しているから,9,願いもこめて?,40～49歳,女性
福井市,とてもそう思う,駅前に飲食店が増え、観光客も多くなって消費が活性化している。,ややそう思う,公共交通機関を使って食事に出かける機会が増えた。,全くそうは思わない,駅前に活気が出たから,そう思う,福井を知ってもらうチャンス。移住につながるかも。,そう思う,街や公共交通機関発展することで県民の生活も潤う,どちらともいえない,,好ましい,,"観光客の消費によって飲食業や宿泊業が潤う, 波及効果により他の地場産業が活気づく, 移住・定住のきっかけとなる",,交通渋滞や路上駐車などの交通環境の悪化,駅前周辺の信号がわかりにくい。県外ナンバーの急な車線変更などがある。,"観光スポットを結ぶ交通機関, 飲食施設",1,3,,10,食べ物が美味しく、住み慣れてるから。,8,,40～49歳,女性
坂井市,とてもそう思う,賑わいが増えた,とてもそう思う,お店が増えた,とてもそう思う,お店がどんどん増えている,そう思う,いい場所が多いが、それぞれが遠い,とてもそう思う,名所が多いから,どちらともいえない,,とても好ましい,,"観光客の消費によって飲食業や宿泊業が潤う, 地域の知名度が上がる",,"騒音やごみの増加, 交通渋滞や路上駐車などの交通環境の悪化",,観光スポットを結ぶ交通機関,5,5,,10,,10,,20～29歳,男性
鯖江市,全くそうは思わない,駅がない,全くそうは思わない,JRが撤退した,ややそう思う,,あまりそうは思わない,,そうは思わない,,どちらかと言えば評価していない,,好ましくない,,"まちに賑わいが生まれる, 観光客との交流が生まれる",,"交通渋滞や路上駐車などの交通環境の悪化, 治安の悪化",,"飲食施設, 体験施設",3,3,,8,,7,,30～39歳,男性
福井市,あまりそうは思わない,名古屋などに出る時、新幹線に乗らなくては行けなくなったから,あまりそうは思わない,今後、京都や大阪に繋がるならメリットはあると思う,あまりそうは思わない,,とてもそう思う,福井の良さを知って来てくれるなら、もっと美味しいところや場所を紹介したい,そう思う,,どちらかといえば評価している,米券やふく＋など家計に助かっているが、県民税とかは増え続けてるため、税金を減らしてもらいたい,好ましい,,地域の知名度が上がる,,交通渋滞や路上駐車などの交通環境の悪化,,観光スポットを結ぶ交通機関,4,3,,5,,3,,20～29歳,女性
坂井市,そう思う,レンタカーや宿泊客が増えた,あまりそうは思わない,あまりJRを利用しない,そう思う,まちなみに人が増えた,とてもそう思う,福井県をもっと知ってほしい。,そう思う,県内の活性化に繋がる,どちらともいえない,県内に魅力が薄いのかもしれないが、活性化内容がとぼしい,好ましい,マナーを守らない人もいるから,"観光客の消費によって飲食業や宿泊業が潤う, まちに賑わいが生まれる, 波及効果により他の地場産業が活気づく, 地域の知名度が上がる, 観光客との交流が生まれる, 歴史文化資源の保存活用につながる, ガイドなど市民参加の場が広がる",,"騒音やごみの増加, 交通渋滞や路上駐車などの交通環境の悪化, 歴史文化資源の破壊, 自然破壊, 治安の悪化",,"観光スポットを結ぶ交通機関, トイレ・休憩所等の整備及びユニバーサル化, 障害者や高齢者への配慮（バリアフリー）, 観光マップやパンフレット, 宿泊施設、土産物屋, 観光案内所、観光ガイド, 体験施設",3,4,歴史のある観光地だから,4,,4,自家用車がなくなると交通便が不自由になる,60～69歳,男性
福井市,ややそう思う,乗り継ぎしなくても関東圏域の人が来やすくなった,ややそう思う,姉妹が帰省しやすくなった,ややそう思う,福井の認知度が少しは上がる,ややそう思う,福井の事を知ってもらえる,ややそう思う,福井の良い所を知ってもらえる,どちらともいえない,どういった取り組みをしてるのかよく分からないから,どちらかと言えば好ましい,福井の良い所や、情報を広げてもらえる,"観光客の消費によって飲食業や宿泊業が潤う, 波及効果により他の地場産業が活気づく, 地域の知名度が上がる, 観光客との交流が生まれる, 歴史文化資源の保存活用につながる, 移住・定住のきっかけとなる",,"騒音やごみの増加, 歴史文化資源の破壊, 治安の悪化",,"観光スポットを結ぶ交通機関, 観光スポットの案内板や標識（多言語表示）, トイレ・休憩所等の整備及びユニバーサル化, 障害者や高齢者への配慮（バリアフリー）, 観光マップやパンフレット, 飲食施設, 宿泊施設、土産物屋, 観光案内所、観光ガイド, 体験施設",3,2,自然豊か,5,人が優しく自然豊かで食べ物も水も美味しい,5,よく分からない,50～59歳,女性
越前市,あまりそうは思わない,観光客を見かけないため,ややそう思う,関東方面へのアクセスが良くなった。,そうは思わない,福井を観光してくれることは非常に良いため。,そう思う,良いこと。知名度も上がりよく知ってもらういい機会になるため。,そう思う,,どちらともいえない,,好ましい,,"観光客の消費によって飲食業や宿泊業が潤う, まちに賑わいが生まれる, 地域の知名度が上がる",,特に心配はない,,"観光スポットの案内板や標識（多言語表示）, トイレ・休憩所等の整備及びユニバーサル化, 観光イベント",1,3,,7,,7,,30～39歳,女性
大野市,ややそう思う,大野市内にはそんなに観光客が来てない,ややそう思う,新幹線に乗る機会がないから,そう思う,福井駅周辺は新幹線が出来てから賑わっているように見える,そう思う,,そう思う,それはどの県にとっても同じ考えかなと思います,評価している,恐竜博物館のある勝山市とか東尋坊やあわら温泉一帯は賑わってるかとは思います,とても好ましい,,"観光客の消費によって飲食業や宿泊業が潤う, まちに賑わいが生まれる, 移住・定住のきっかけとなる",,"特に心配はない, その他",その人のマナーがあるか無いか次第ではないでしょうか,"観光スポットを結ぶ交通機関, 観光スポットの案内板や標識（多言語表示）, 観光イベント, 障害者や高齢者への配慮（バリアフリー）, 観光マップやパンフレット, 駐車場",3,4,,6,他ほ地域に住んだことが無いので比較出来ない,5,ずっとここに住んでるのでこれが普通です,50～59歳,男性
福井市,あまりそうは思わない,大坂に直でいけないため　電車利用がもともとないまめ,全くそうは思わない,利用する機会がない,あまりそうは思わない,いいところはあるが、これといったところがない,そう思う,"東北から越してきて、数年立ち
好きなところもすこしはあるため",そう思う,経済をまわすためにもそうであってほしい,評価していない,評価するきっかけがない,どちらかと言えば好ましい,"経済をまわすため
",ガイドなど市民参加の場が広がる,子供や大人もいけるところがふえるため,"騒音やごみの増加, 交通渋滞や路上駐車などの交通環境の悪化, 治安の悪化",,"観光スポットを結ぶ交通機関, トイレ・休憩所等の整備及びユニバーサル化, 観光イベント, 障害者や高齢者への配慮（バリアフリー）, 飲食施設, 宿泊施設、土産物屋, 駐車場, 体験施設",1,2,これといってすすめられるところがない,1,なんとか子ども達をそだてていけるから,3,生活への経済的不安があるため,30～39歳,女性
福井市,とてもそう思う,"県外の人が多く来られるようになった
観光用の建物 お店が多くなり 駅前 が活気づいています",とてもそう思う,仕事で東京へ行く機会が多いので新幹線があって助かっています,そうは思わない,従来より 人が増えているので売上、消費が多くなっていると思います,とてもそう思う,県外に魅力ある県となって欲しいから,そう思う,県外から魅力ある県ということは、福井県の魅力が評価されていると思うから,評価している,,好ましい,,"観光客の消費によって飲食業や宿泊業が潤う, 波及効果により他の地場産業が活気づく, 移住・定住のきっかけとなる",福井県の店舗の売上もさることなから 人口増加を目指すためには 移住先、U ターン 、Ｉターン含めとして魅力ある県として認知される必要があると思います,"騒音やごみの増加, 治安の悪化",,"観光スポットを結ぶ交通機関, 体験施設",4,4,,9,とても住みやすく 海や山も近く 自然も豊かであり 食も美味しいものがたくさんあるから,9,現状から特に変わらないと思われるから,50～59歳,男性
越前町,そう思う,,あまりそうは思わない,関西に行きにくくなった,そう思う,福井を知ってもらえる,そう思う,まだまだ良いところがいっぱいあると思うから,そう思う,食べ物が美味しい,評価している,施設の充実,好ましい,福井を知ってもらえる,"観光客の消費によって飲食業や宿泊業が潤う, 地域の知名度が上がる, 歴史文化資源の保存活用につながる",,交通渋滞や路上駐車などの交通環境の悪化,滋賀県をみててそう思う,"観光スポットを結ぶ交通機関, トイレ・休憩所等の整備及びユニバーサル化, 観光イベント, 飲食施設, 宿泊施設、土産物屋",4,4,,7,イオンがない,7,,60～69歳,男性
福井市,ややそう思う,,ややそう思う,東京まで行くのが楽になった,ややそう思う,観光客は増えていると思う,そう思う,まだまだ魅力的なことがあると思うので,そう思う,,どちらかといえば評価している,,好ましい,,"観光客の消費によって飲食業や宿泊業が潤う, まちに賑わいが生まれる, 地域の知名度が上がる, 移住・定住のきっかけとなる",,"騒音やごみの増加, 交通渋滞や路上駐車などの交通環境の悪化",,"観光スポットを結ぶ交通機関, 宿泊施設、土産物屋, 観光案内所、観光ガイド",3,4,,9,,9,,40～49歳,女性
福井市,ややそう思う,東京へ行く際には便利になった,ややそう思う,東京からも来てもらいやすい,そう思う,たくさんの方が訪れば、潤う,そう思う,福井のよさを知ってもらえる,そう思う,観光だけでなく、産業にも活かせると思うから、まずは観光でPR,評価している,それなりの成果が出ていると思うから,どちらかと言えば好ましい,来福されると嬉しい,観光客の消費によって飲食業や宿泊業が潤う,福井が潤う事が大事だから,交通渋滞や路上駐車などの交通環境の悪化,イベントが有るたびに 交通渋滞を考えてしまう,観光スポットを結ぶ交通機関,4,5,自然豊かで住みやすいところ,8,食べ物が豊富で自然豊かなところ,9,今より更に住みやすくなると思っています,50～59歳,女性
坂井市,とてもそう思う,来福が増えた,ややそう思う,お店の来客が増えた,ややそう思う,観光地の人数が増えた,そう思う,観光地のアピールにつながる,ややそう思う,"もっと良いところをアピールする事が
大切",どちらともいえない,あまり表面ではわからない,どちらかと言えば好ましい,活気につながる,"観光客の消費によって飲食業や宿泊業が潤う, 波及効果により他の地場産業が活気づく, 地域の知名度が上がる",,"騒音やごみの増加, 交通渋滞や路上駐車などの交通環境の悪化, 歴史文化資源の破壊, 自然破壊",,"観光スポットを結ぶ交通機関, 観光スポットの案内板や標識（多言語表示）, トイレ・休憩所等の整備及びユニバーサル化, 観光イベント, 体験施設",4,3,観光スポットが決まっている,7,交通に不便なことがある,7,先はわからない,50～59歳,女性
福井市,ややそう思う,全国で福井に興味を持つ人が増えた,あまりそうは思わない,"関西へ　敦賀での無用な乗り換えが増えた
関東へ　値段が高くなったしかも早くはな　　　　　　　　　　　　ってない",ややそう思う,自分の交通の便が悪くなった以外に悪い影響は思い当たらない,あまりそうは思わない,他人だから,そう思う,力を入れて税収になるなら拒む理由はない,どちらともいえない,税金を有効に使って効果があるなら良いが収支が見合ってないならやるべきではない,どちらかと言えば好ましい,観光客に行くような所に普段行くわけではないのでなんとも思わない。,"観光客の消費によって飲食業や宿泊業が潤う, まちに賑わいが生まれる, 歴史文化資源の保存活用につながる",,特に心配はない,,"観光スポットを結ぶ交通機関, その他",2,3,観光にきても3ヶ所しか行かない人が多いから。恐竜永平寺東尋坊,7,不便はないから,6,歳を取ってからだが動かなくなっていたら交通が不便だから,50～59歳,女性
福井市,ややそう思う,観光客が増えた気がする。,そうは思わない,サンダーバードの直通がなくなった。,ややそう思う,多少は経済のプラスになる。,ややそう思う,,あまりそうは思わない,観光客の増加が必ずしも地元民の生活を向上させるわけではなく、国内での競争力も高くないので、別の分野に力を入れるべきである。,どちらかと言えば評価していない,費用対効果からすれば、他に資源を投入すべき,どちらかと言えば好ましい,,観光客の消費によって飲食業や宿泊業が潤う,,"騒音やごみの増加, 交通渋滞や路上駐車などの交通環境の悪化",一般的にはそう言えるが、著しい増加は見込めないので、現状では心配ない。,"観光スポットを結ぶ交通機関, 観光スポットの案内板や標識（多言語表示）, トイレ・休憩所等の整備及びユニバーサル化, 障害者や高齢者への配慮（バリアフリー）, 駐車場",3,5,特別なものはないが、居住環境は優れている。,9,特別なものはないが、居住環境は優れている。,9,まだ車の運転が可能だろうから,60～69歳,男性
鯖江市,あまりそうは思わない,鯖江市は、不便になった様な気がする。,あまりそうは思わない,乗ったことが無い。,ややそう思う,関東の旅行客が増える可能性がある。,そう思う,おもてなしは、日本人の文化だから。,そう思う,景気が良くなるように,どちらともいえない,増えてるとは思わない。,好ましい,活気がでて、福井県が良くなると思うから。,"観光客の消費によって飲食業や宿泊業が潤う, まちに賑わいが生まれる, 波及効果により他の地場産業が活気づく, 地域の知名度が上がる, 観光客との交流が生まれる, 歴史文化資源の保存活用につながる, 移住・定住のきっかけとなる",お金が入るから。,特に心配はない,,観光イベント,4,3,県外との魅力の差,8,平和だから。,8,変わらず平和,60～69歳,男性
福井市,あまりそうは思わない,,あまりそうは思わない,,あまりそうは思わない,,ややそう思う,,ややそう思う,,どちらともいえない,,どちらともいえない,,"観光客の消費によって飲食業や宿泊業が潤う, 地域の知名度が上がる",,"交通渋滞や路上駐車などの交通環境の悪化, 治安の悪化",,"観光スポットを結ぶ交通機関, トイレ・休憩所等の整備及びユニバーサル化, 観光イベント, 駐車場",2,2,,3,,3,,40～49歳,女性
敦賀市,とてもそう思う,,とてもそう思う,,とてもそう思う,,とてもそう思う,,とてもそう思う,,とても評価している,,とても好ましい,,"観光客の消費によって飲食業や宿泊業が潤う, まちに賑わいが生まれる, 波及効果により他の地場産業が活気づく, 地域の知名度が上がる, 観光客との交流が生まれる",,"騒音やごみの増加, 交通渋滞や路上駐車などの交通環境の悪化, 治安の悪化",,"観光スポットの案内板や標識（多言語表示）, トイレ・休憩所等の整備及びユニバーサル化",5,5,,10,,10,,50～59歳,男性
福井市,ややそう思う,ライブに来る人が増えた,全くそうは思わない,"関西中京に行きにくい、金沢富山に行きにくい
交通の便が悪くなった",ややそう思う,観光する人が増えている,とてもそう思う,来てくれるのはうれしい,全くそうは思わない,ぎゃくばりで、来にくい県になればよいとのでは。知る人ぞ知る、行きたい人だけの県,どちらともいえない,よくしらない,とても好ましい,特段産業がないなら外貨を稼ぐ方向に,"観光客の消費によって飲食業や宿泊業が潤う, ガイドなど市民参加の場が広がる",観光業がうるおってほしい,特に心配はない,心配するほどになってほしい、それが成功では。,"観光スポットを結ぶ交通機関, 観光スポットの案内板や標識（多言語表示）, トイレ・休憩所等の整備及びユニバーサル化, 観光イベント, 障害者や高齢者への配慮（バリアフリー）, 観光マップやパンフレット, 飲食施設, 宿泊施設、土産物屋, 観光案内所、観光ガイド, 駐車場, 体験施設",2,1,車を使わなければいけないところばかり。文化イベントもないから。,1,幸福の指標は人それぞれ,1,交通の便が解消してくれるなら期待,50～59歳,女性
鯖江市,全くそうは思わない,鯖江駅に特急が止まらなくなった、関西、中京方面に行くのが不便になった,そうは思わない,普段の生活には関係がなく、東京行くこともほとんど無いため,そう思う,観光客向けの商売や施設、コンテンツなどで福井が盛り上がってる感じがするから,とてもそう思う,想定がマナーの良い観光客を想定して、人と人の出会いは大切にしたいから,とてもそう思う,地方にあるためどうしても自発的には活発、活性化をはかるのは難しいから,どちらかといえば評価している,県としては今や恐竜博物館の認知度は全国的にも非常に高いため。鯖江市としても、メガネを全面的に押出し、ちょくちょくメディアに登場する機会があるから,どちらかと言えば好ましい,マナーの良い観光客ばかりではないと思うから,"観光客の消費によって飲食業や宿泊業が潤う, まちに賑わいが生まれる, 観光客との交流が生まれる",,"騒音やごみの増加, 交通渋滞や路上駐車などの交通環境の悪化, 治安の悪化, その他",普段利用している飲食店などが観光客向けに値上げすることや、総じて物価が上がる事,"観光スポットを結ぶ交通機関, 観光イベント, 飲食施設",3,2,自分が住んでいると何が観光的に良いか良くわからないから、他県の観光地が良く感じるから,8,普段の生活で特に不自由を感じてないから,8,5年程度ではそんなに今と変わらないと思うから,50～59歳,男性
福井市,とてもそう思う,井の中の蛙からの脱却に繋がる,そう思う,都会や他地域の人との交流,とてもそう思う,旅行の足の選択肢の増加,とてもそう思う,礼儀,そう思う,,どちらともいえない,アピールが弱い、遅い,好ましい,まず知ってもらうことが大切,"観光客の消費によって飲食業や宿泊業が潤う, まちに賑わいが生まれる, 波及効果により他の地場産業が活気づく, 地域の知名度が上がる, 観光客との交流が生まれる, 歴史文化資源の保存活用につながる, 移住・定住のきっかけとなる, ガイドなど市民参加の場が広がる",そらそうでしょ,"騒音やごみの増加, 歴史文化資源の破壊, 治安の悪化",来訪者が全て善人にあらず,"観光スポットを結ぶ交通機関, トイレ・休憩所等の整備及びユニバーサル化, 観光イベント, 障害者や高齢者への配慮（バリアフリー）, 観光マップやパンフレット, 飲食施設, 宿泊施設、土産物屋, 観光案内所、観光ガイド, 駐車場, 体験施設",5,4,他地域の方が知らない魅力がある,8,生活環境がある程度充実,5,他地域の良い面もあるから,60～69歳,男性
永平寺町,ややそう思う,駅前にがふえていると思う,あまりそうは思わない,東京へのアクセスはいいけど、名古屋や大阪方面へのアクセスが悪くなった。,あまりそうは思わない,,ややそう思う,,あまりそうは思わない,,どちらともいえない,,どちらともいえない,,観光客の消費によって飲食業や宿泊業が潤う,,"騒音やごみの増加, 交通渋滞や路上駐車などの交通環境の悪化",,"観光スポットを結ぶ交通機関, 観光スポットの案内板や標識（多言語表示）, トイレ・休憩所等の整備及びユニバーサル化",3,3,,5,,5,,40～49歳,女性
大野市,あまりそうは思わない,"大野市は新幹線が停まらないので
車で来られる方か多いと思う",あまりそうは思わない,あまり旅行とか行かないし、車両の乗り換えとか得意ではないので,とてもそう思う,近年恐竜とか食とか有名になってきて、福井県の認知度が確実に上がってきていて、県民としても嬉しく誇らしく感じている,そう思う,"何かが出来るわけではないが
県外の方だなぁと分かると、楽しんで貰いたいと思う",とてもそう思う,福井県が豊かになる,評価している,"市報とか見ていても変わった政策や
工夫していると感じる",とても好ましい,財政が少しでも豊かになる,"観光客の消費によって飲食業や宿泊業が潤う, まちに賑わいが生まれる, 波及効果により他の地場産業が活気づく, 地域の知名度が上がる, 移住・定住のきっかけとなる",,"騒音やごみの増加, 交通渋滞や路上駐車などの交通環境の悪化",,"観光スポットを結ぶ交通機関, トイレ・休憩所等の整備及びユニバーサル化, 飲食施設, 宿泊施設、土産物屋, 駐車場",4,4,現在住んでいて特段不都合かない,8,"大きな総合病院で診てもらいたくても
初診だとダメとか制限があるので、満点にしなかった",8,悪くなる条件がない,60～69歳,女性
大野市,あまりそうは思わない,福井駅までが不便です。,あまりそうは思わない,福井まで不便で車使用になる。,ややそう思う,恐竜博物館などは全国的に関心を持たれてる,ややそう思う,地元が少しでも潤えばよいかと。,そう思う,交通の利便性や、産業が少しでも豊かになれば。,どちらかと言えば評価していない,勝山や芦原まででなく、もう一足伸ばして,どちらかと言えば好ましい,少しでも活気が出れば。,"観光客の消費によって飲食業や宿泊業が潤う, まちに賑わいが生まれる, 地域の知名度が上がる, 歴史文化資源の保存活用につながる",,特に心配はない,,"観光スポットを結ぶ交通機関, 観光スポットの案内板や標識（多言語表示）, 障害者や高齢者への配慮（バリアフリー）, 飲食施設, 観光案内所、観光ガイド",3,3,そんなに珍しくなく、似た様な感じ。,4,冬の雪対策。,4,冬の雪、除雪が大変。,70歳以上,女性
福井市,そう思う,,あまりそうは思わない,京都、大阪へのアクセスが悪くなった,そう思う,,そう思う,,そう思う,,評価している,,どちらかと言えば好ましい,,"観光客の消費によって飲食業や宿泊業が潤う, 波及効果により他の地場産業が活気づく, 歴史文化資源の保存活用につながる, 移住・定住のきっかけとなる",,"騒音やごみの増加, 交通渋滞や路上駐車などの交通環境の悪化, 歴史文化資源の破壊, 治安の悪化",,"観光スポットの案内板や標識（多言語表示）, トイレ・休憩所等の整備及びユニバーサル化, 障害者や高齢者への配慮（バリアフリー）, 駐車場",3,3,,8,,8,,50～59歳,女性
福井市,ややそう思う,駅周辺などにホテルが出来た。有名人のライブなどが増えた気がする。,ややそう思う,ライブなどが増えたから嬉しい,そう思う,,とてもそう思う,,とてもそう思う,,どちらかといえば評価している,どんな取り組みをしているのか知らないため,とても好ましい,,"観光客の消費によって飲食業や宿泊業が潤う, まちに賑わいが生まれる, 波及効果により他の地場産業が活気づく, 地域の知名度が上がる, 観光客との交流が生まれる",,交通渋滞や路上駐車などの交通環境の悪化,駅前に駐車場が少なく土日に停めるところがない,"観光スポットを結ぶ交通機関, トイレ・休憩所等の整備及びユニバーサル化, 観光イベント, 観光マップやパンフレット, 飲食施設, 宿泊施設、土産物屋, 観光案内所、観光ガイド, 駐車場, 体験施設",5,5,,10,,10,,30～39歳,女性
坂井市,とてもそう思う,東尋坊や芝マサを訪れる県外のお客様が増えたと思うから,あまりそうは思わない,坂井市でも住まいは春江町なのであまり影響が無い。,とてもそう思う,福井県の場所を知らない日本人も多かったと思うので、認知度が高くなって良い。,そう思う,郷土愛から,そう思う,沢山の方達に福井県を認知してもらい、訪れていただいて、お買い物や、宿泊して消費してもらいたい。また、過疎地に移住してもらい、人口が増えると良い。,評価している,福井県で宿泊するとハピコインが付与されるキャンペーンが良い,とても好ましい,どんなに増えても、まだまだ福井県ではオーバーツーリズムにはならないから。,"観光客の消費によって飲食業や宿泊業が潤う, まちに賑わいが生まれる, 波及効果により他の地場産業が活気づく, 地域の知名度が上がる, 移住・定住のきっかけとなる",,特に心配はない,,"観光スポットを結ぶ交通機関, 観光スポットの案内板や標識（多言語表示）, トイレ・休憩所等の整備及びユニバーサル化, 障害者や高齢者への配慮（バリアフリー）, 観光案内所、観光ガイド, 体験施設",1,2,坂井市でも、丸岡町には丸岡城があり、三国町には三国花火があるが、春江町や坂井町にはこれといっておすすめの観光地が無いから。,5,特に困った事も無いから。,5,五年と言う短い期間で、この田舎がそう変わるとは思えないから,60～69歳,女性
坂井市,あまりそうは思わない,,あまりそうは思わない,,ややそう思う,,ややそう思う,,ややそう思う,,どちらともいえない,,どちらともいえない,,"観光客の消費によって飲食業や宿泊業が潤う, 移住・定住のきっかけとなる",,"騒音やごみの増加, 交通渋滞や路上駐車などの交通環境の悪化",,"トイレ・休憩所等の整備及びユニバーサル化, 障害者や高齢者への配慮（バリアフリー）, 飲食施設, 宿泊施設、土産物屋, 駐車場",3,3,,3,,4,,40～49歳,女性
福井市,そう思う,東京からのアクセスが良くなり、観光地として選ばれやすくなった。,ややそう思う,東京へのアクセスが良くなった。一方で名古屋、大阪方面のアクセスが悪くなったのはとてもマイナス。,とてもそう思う,便利になるし、魅力的な店が増える。観光客が増えたら公共の交通機関も良くなるかもしれない。（現状はお粗末すぎる）,とてもそう思う,観光客がどんどん来て、文化的で魅力的な街になって欲しいから。現状、カフェや外食などレベルが低すぎる。,そう思う,,どちらかといえば評価している,,とても好ましい,,"まちに賑わいが生まれる, 歴史文化資源の保存活用につながる",,特に心配はない,,"観光スポットを結ぶ交通機関, 観光イベント, 飲食施設, 宿泊施設、土産物屋, 体験施設",4,3,,5,,5,,50～59歳,女性
あわら市,そう思う,芦原温泉駅で乗り降りする人が増え、温泉へのお客さまも増えた気がするから。,そう思う,東京や長野に楽に出かけられるようになった,そう思う,福井県への観光客が増え、福井駅前も活気づいてきた,とてもそう思う,福井の良さを知り、また来てもらいたいから。,そう思う,福井の食、文化等を知ってほしいから。,どちらかといえば評価している,福井駅前や芦原温泉駅前で様々なイベントを企画し実施しているから。,好ましい,旅館やホテル、飲食店などが元気になるから。,"観光客の消費によって飲食業や宿泊業が潤う, まちに賑わいが生まれる, 地域の知名度が上がる, 観光客との交流が生まれる, 移住・定住のきっかけとなる",人口減少が続くあわら市に移住してくる人が増えるといいと思うから。,"騒音やごみの増加, 交通渋滞や路上駐車などの交通環境の悪化",他の観光地でのオーバーツーリズムのニュースを良く見るから。,観光スポットを結ぶ交通機関,4,4,芦原温泉のおもてなしは他に誇れると思うから。,6,車がないと生活できないのがつらいから。,5,地域の人口が減り寂しくなると思うから。,60～69歳,女性
福井市,そう思う,,ややそう思う,,そう思う,,そう思う,,そう思う,,評価している,,好ましい,,"観光客の消費によって飲食業や宿泊業が潤う, まちに賑わいが生まれる, 地域の知名度が上がる",,騒音やごみの増加,,"観光スポットを結ぶ交通機関, 観光スポットの案内板や標識（多言語表示）, 駐車場, 体験施設",3,4,,8,,8,,40～49歳,女性
坂井市,あまりそうは思わない,駅がないので影響がない,あまりそうは思わない,影響がない,そう思う,観光に人が来る,そう思う,,そう思う,,どちらかといえば評価している,,どちらかと言えば好ましい,,"まちに賑わいが生まれる, 波及効果により他の地場産業が活気づく, 地域の知名度が上がる, 観光客との交流が生まれる",,"交通渋滞や路上駐車などの交通環境の悪化, 治安の悪化",,"観光スポットを結ぶ交通機関, 観光イベント, 宿泊施設、土産物屋, 駐車場",4,3,,6,,6,,50～59歳,男性
福井市,そう思う,人が増えることで、イベントやお店などに活気がでて、イベント回数の増加や新店舗の増加も期待が出るという良い循環が生まれるため。,ややそう思う,福井駅前が活発化して、駅前に飲みに出かける機会が増えた,そう思う,治安の悪化やごみのポイ捨てなと明らかに悪くなった印象もあるが、人が増えることによる良い循環のほうが長期的なメリットはある,とてもそう思う,人が来ないと経済はまわらないため,そう思う,観光都市だけでなく、商業都市として発展できればなおよい,評価している,チラシとか観光冊子とか積極的に作っており、良いと思う。ただ作られていても存在に気づいてないとか、アナログ雑誌だと数に限界があるという問題あるので、対策必要そう。,とても好ましい,経済がまわるため。,"観光客の消費によって飲食業や宿泊業が潤う, まちに賑わいが生まれる, 波及効果により他の地場産業が活気づく, 地域の知名度が上がる, 移住・定住のきっかけとなる",,"騒音やごみの増加, 交通渋滞や路上駐車などの交通環境の悪化, 歴史文化資源の破壊, 自然破壊, 治安の悪化",,"観光イベント, 観光マップやパンフレット, 宿泊施設、土産物屋, その他",5,4,歴史を深掘りすれば、凄い人たちや、観光名所などあることを知れるが、それを知ろうと思ったら、博物館に行かないとわからないという問題がある。るるぶやまっぷるに頼り切りにならない観光ガイドブックが必要。,8,都会と比べ年収は低く、希望のものを買うには厳しいが、魚やご飯はおいしく、空気は綺麗（排ガスがそこまでひどくない）ので、良好。,8,働ける職場次第。都会のフルリモートに転職検討しており、そのうえで、福井在住であれば、都会の年収規模にあわせたものになるのて、満足度は上がるかも。,30～39歳,男性
坂井市,ややそう思う,,ややそう思う,,ややそう思う,,ややそう思う,,ややそう思う,,どちらともいえない,,どちらともいえない,,"観光客の消費によって飲食業や宿泊業が潤う, まちに賑わいが生まれる",,"騒音やごみの増加, 交通渋滞や路上駐車などの交通環境の悪化",,"観光スポットを結ぶ交通機関, 観光スポットの案内板や標識（多言語表示）",4,4,,4,交通不便　多様性がせまい,3,,50～59歳,無回答
福井市,全くそうは思わない,ハピラインになり、運賃、便数が減る。サンダーバードがなく、大阪に行きにくい。,そうは思わない,電車で敦賀に行かず、車で行くようになった。,とてもそう思う,カツ丼とカニくらいしかない。あと恐竜。バスケでは福井は救えない。,とてもそう思う,愛知の友達がお盆で、東尋坊を観光に来た。,とてもそう思う,さっきも行ったが、温泉地としては芦原だけで、石川に負けている。芦原のストリップ劇場とか、他県にないものをアピールしたらどうか。,どちらかといえば評価している,5-6年前に一度利用した私にもアンケートを聞いてくる。有効性は別として耳を傾けるのは良いことだ。,好ましい,中には移住しても良い人がいるかもしれない。空き家に中国人やら、研修生がたむろしていて怖い思いをした。,移住・定住のきっかけとなる,先ほど述べたが、町おこし協力隊が定着しているか分からない。彼らは渡り鳥だからだ。何度も訪れた人の方が定着しやすい。,"治安の悪化, 日常生活に影響が出るほどの不安",サントリー白州で感じたのはインバウンドが必ずしも永遠に続くわけではない。若い人が食料品しか買わない現状をどうにかしてほしい。,"トイレ・休憩所等の整備及びユニバーサル化, 観光イベント, 障害者や高齢者への配慮（バリアフリー）",5,2,泊まるとことして福井は選ばれていない。高くても石川へ行くのは選択肢が多いからだ。人口が少な過ぎて、内需が足りない。,7,私は漁協や、猟友会に参加している。福井が地元なのもあり、交友関係も広い。畑や、果樹園もしている。温暖化を肌で感じているが、私の世代で投網補修やら学んでギリギリ楽しめている。ただ需要が減り、生産しないものがある。竹籠などである。今後は少人化で技能継承者もいなくなるだろう。徒弟制なので、育てるつもりもない。,1,母校が一学年13人と聞き、出産率1倍を切ってるんじゃないだろうか。先がない。,50～59歳,男性
坂井市,ややそう思う,観光客が増えた？,そう思う,敦賀までの時間が早くなった,ややそう思う,観光客が増えるのはいいが、増えすぎは良くない,そう思う,福井のよさを知ってほしい,ややそう思う,福井は住みよいところだから,評価している,インバウンドに力を入れすぎていないところ,どちらかと言えば好ましい,観光業が潤うから,観光客の消費によって飲食業や宿泊業が潤う,,騒音やごみの増加,,"観光スポットを結ぶ交通機関, トイレ・休憩所等の整備及びユニバーサル化, 観光イベント, 障害者や高齢者への配慮（バリアフリー）, 体験施設",2,4,,9,,8,外人が増えすぎている,50～59歳,女性
福井市,とてもそう思う,以前より旅行客をよく見かけるから,あまりそうは思わない,,とてもそう思う,,とてもそう思う,福井の良いところをもっと知ってほしいから,とてもそう思う,移住定住のきっかけになってほしい,とても評価している,たくさん観光情報を発信をしているから。,とても好ましい,オーバーツーリズムにはまだまだなのでもっと積極的に呼び込んで、福井が活気づいてほしい,"歴史文化資源の保存活用につながる, 移住・定住のきっかけとなる",,交通渋滞や路上駐車などの交通環境の悪化,,"観光スポットを結ぶ交通機関, トイレ・休憩所等の整備及びユニバーサル化, 宿泊施設、土産物屋",5,5,,10,,10,,40～49歳,女性
福井市,とてもそう思う,,そう思う,,とてもそう思う,観光客が増えて、経済が潤う,とてもそう思う,福井駅前のカフェで働いているので、お客さんが増えるので,とてもそう思う,福井の経済を潤おす為,どちらかといえば評価している,,とても好ましい,,"観光客の消費によって飲食業や宿泊業が潤う, 波及効果により他の地場産業が活気づく, 地域の知名度が上がる, 観光客との交流が生まれる",,特に心配はない,,"観光スポットを結ぶ交通機関, 観光スポットの案内板や標識（多言語表示）, 観光イベント, 体験施設",2,3,福井の冬は、雪が降ると大変なので…,7,,7,,60～69歳,女性
越前市,あまりそうは思わない,あまり変化を感じない,あまりそうは思わない,変化を感じない,ややそう思う,福井県に来てもらうことは良い事だ,そう思う,良いイメージを持って帰っってもらいたいから,そう思う,途中でなく主の目的地であって欲しい,どちらともいえない,地元、県内では取組が見えない,どちらかと言えば好ましい,増える事はいい,地域の知名度が上がる,良いイメージを持って帰っってもらいたいから,"騒音やごみの増加, 交通渋滞や路上駐車などの交通環境の悪化",やはりマナー,"トイレ・休憩所等の整備及びユニバーサル化, 障害者や高齢者への配慮（バリアフリー）, 飲食施設, 宿泊施設、土産物屋, 駐車場",4,4,愛着はあり自信かどうか不明だが話せる,8,福井県で住んでるから幸せかどうかは不明、でも悪くわない,8,他の所が知らないので、今住んでる家とか土地とか無くしてまで違う所には今の所行く気がない,70歳以上,男性
福井市,ややそう思う,観光客は増えたと思うけど、福井市に住んでる人は関西に行くのがすごく不便になったから,あまりそうは思わない,関西方面に行くのがすっっっごく不便になったから,ややそう思う,来る人は確実に増えたから,そう思う,せっかく福井を選んで来てくれたんだから、いい印象を持ってほしいから,ややそう思う,ほどよく来て欲しいから,どちらかといえば評価している,色々努力してそうだから,どちらかと言えば好ましい,潤うから,"観光客の消費によって飲食業や宿泊業が潤う, まちに賑わいが生まれる, 波及効果により他の地場産業が活気づく",,特に心配はない,,"観光スポットを結ぶ交通機関, 観光イベント",3,3,食はおすすめできるけど、観光で行く場所は少ない,7,暮らしやすいから,8,歳をとるほど良さが分かる気がする,40～49歳,女性
あわら市,ややそう思う,関東方面からの観光客が増えるため,あまりそうは思わない,名古屋、関西方面のアクセスが悪くなったため,ややそう思う,,そう思う,,ややそう思う,,どちらかといえば評価している,,好ましい,,"観光客の消費によって飲食業や宿泊業が潤う, まちに賑わいが生まれる",,"騒音やごみの増加, 交通渋滞や路上駐車などの交通環境の悪化",,"観光スポットを結ぶ交通機関, トイレ・休憩所等の整備及びユニバーサル化, 障害者や高齢者への配慮（バリアフリー）, 飲食施設, 体験施設",2,2,,6,,5,,50～59歳,女性
福井市,そう思う,,そう思う,,ややそう思う,,そう思う,,そう思う,,評価している,,好ましい,,"まちに賑わいが生まれる, 観光客との交流が生まれる",,騒音やごみの増加,,観光スポットを結ぶ交通機関,4,4,,9,,9,,30～39歳,女性
越前市,そう思う,駅があるため,ややそう思う,金沢方面への電車移動が早くなった,そう思う,,とてもそう思う,福井のことをもっと知って欲しい,とてもそう思う,,どちらともいえない,,好ましい,,"観光客の消費によって飲食業や宿泊業が潤う, まちに賑わいが生まれる, 波及効果により他の地場産業が活気づく, 地域の知名度が上がる, 移住・定住のきっかけとなる",,交通渋滞や路上駐車などの交通環境の悪化,,"観光スポットを結ぶ交通機関, 観光スポットの案内板や標識（多言語表示）, 観光イベント, 飲食施設, 宿泊施設、土産物屋, 駐車場",5,5,,10,,10,,50～59歳,男性
越前市,そう思う,経済効果が高いから,ややそう思う,職場で扱っている商品の売上向上につながりそうだから,あまりそうは思わない,それなりに悪い影響はあるものの良い影響よりは少ないと思うから,ややそう思う,福井県の良さを知ってほしいから,ややそう思う,福井県の知名度が増えてほしいから,どちらかといえば評価している,SNSなどで積極的にPRしているから,どちらともいえない,メリットもあるがデメリットもあるから,"観光客の消費によって飲食業や宿泊業が潤う, まちに賑わいが生まれる, 波及効果により他の地場産業が活気づく, 地域の知名度が上がる, 歴史文化資源の保存活用につながる, 移住・定住のきっかけとなる, ガイドなど市民参加の場が広がる",,"騒音やごみの増加, 交通渋滞や路上駐車などの交通環境の悪化, 歴史文化資源の破壊, 自然破壊, 治安の悪化",,"観光スポットを結ぶ交通機関, 観光スポットの案内板や標識（多言語表示）, トイレ・休憩所等の整備及びユニバーサル化, 観光マップやパンフレット, 飲食施設, 宿泊施設、土産物屋, 観光案内所、観光ガイド, 駐車場",3,3,地味だが魅力があるから,5,普通だから,5,今と変わらないと思うから,20～29歳,女性
福井市,そう思う,観光客が増えそうです,あまりそうは思わない,実家の京都へ帰るのが不便になりました,そう思う,,そう思う,,そう思う,,どちらともいえない,,どちらかと言えば好ましい,,"観光客の消費によって飲食業や宿泊業が潤う, まちに賑わいが生まれる, 波及効果により他の地場産業が活気づく, 地域の知名度が上がる",,"騒音やごみの増加, 交通渋滞や路上駐車などの交通環境の悪化",,観光スポットを結ぶ交通機関,3,2,,4,,2,年をとると雪かきが負担になるから,60～69歳,女性
越前市,とてもそう思う,石川、富山がより近くなった,そう思う,東京方面への移動時間が短縮され、自分の時間に余裕ができた。,とてもそう思う,福井のいい所が、みんなに伝わるので活気が出てくる,とてもそう思う,一人ひとりに、おもてなしをしたい,とてもそう思う,県民のやる気が出ると思う,評価している,メディアでよく目にする様になった,好ましい,地域に活気が出てくると思う,"観光客の消費によって飲食業や宿泊業が潤う, まちに賑わいが生まれる, 波及効果により他の地場産業が活気づく, 地域の知名度が上がる, 歴史文化資源の保存活用につながる",,"騒音やごみの増加, 交通渋滞や路上駐車などの交通環境の悪化",,"トイレ・休憩所等の整備及びユニバーサル化, 障害者や高齢者への配慮（バリアフリー）",5,5,住みやすい町だから,10,四季を感じられる。災害が少ない,10,子供たちと幸せに暮らせていると思うから。,60～69歳,男性
福井市,ややそう思う,観光客が今までより増えると思うから,あまりそうは思わない,北陸新幹線を1年に1度利用するかしないかなので今までの生活と変わらない,そうは思わない,観光客が増えると福井も賑わうと思うから,とてもそう思う,福井県は住みやすく、食べ物も美味しいと思うから,ややそう思う,観光客に来てもらいたいけどまた行きたいと思える観光地は少ないし、交通の便も良くないから,どちらともいえない,,好ましい,福井県が賑わうと思うから,"観光客の消費によって飲食業や宿泊業が潤う, まちに賑わいが生まれる",,特に心配はない,,"観光スポットを結ぶ交通機関, 障害者や高齢者への配慮（バリアフリー）, 宿泊施設、土産物屋",4,4,食べ物か美味しくて住みやすい。,8,都会のような華やかさはないけれど自然がいっぱいでのんびり暮らせる,9,福井県は住みやすいので,60～69歳,女性
坂井市,そう思う,市外からの来訪者が増えるため、経済的効果があると思う。,あまりそうは思わない,開業して２年、何も感じない、何も変わっていないため。,そう思う,地域内経済が大きくなるため。,そう思う,福井のことを好きになって欲しいから。,ややそう思う,福井の魅力や良さを感じて欲しいから。,どちらかと言えば評価していない,なんか、見てくれだけを整えている感じ。何も知らない偉い人が、口を出しすぎ。,どちらかと言えば好ましい,好ましいことだが、程度がある。,"観光客の消費によって飲食業や宿泊業が潤う, まちに賑わいが生まれる, 波及効果により他の地場産業が活気づく, 地域の知名度が上がる, 観光客との交流が生まれる",,"騒音やごみの増加, 交通渋滞や路上駐車などの交通環境の悪化, 治安の悪化",,"観光スポットを結ぶ交通機関, 観光スポットの案内板や標識（多言語表示）, トイレ・休憩所等の整備及びユニバーサル化, 観光イベント, 障害者や高齢者への配慮（バリアフリー）, 観光マップやパンフレット, 飲食施設, 宿泊施設、土産物屋, 観光案内所、観光ガイド, 駐車場, 体験施設",3,5,うまいものがたくさんある。,8,何不自由はありませんよ。,6,,50～59歳,男性
越前市,ややそう思う,,あまりそうは思わない,,あまりそうは思わない,,ややそう思う,,ややそう思う,,どちらかといえば評価している,,どちらかと言えば好ましい,,観光客の消費によって飲食業や宿泊業が潤う,,"騒音やごみの増加, 交通渋滞や路上駐車などの交通環境の悪化, 治安の悪化",,"観光スポットを結ぶ交通機関, 観光スポットの案内板や標識（多言語表示）",3,3,,5,,5,,40～49歳,女性
坂井市,全くそうは思わない,駅から遠い,全くそうは思わない,,ややそう思う,観光客が増える,ややそう思う,,ややそう思う,,どちらかと言えば評価していない,観光の目玉が少ない,どちらかと言えば好ましい,経済が回る,"観光客の消費によって飲食業や宿泊業が潤う, 地域の知名度が上がる",,特に心配はない,,"観光スポットを結ぶ交通機関, 観光スポットの案内板や標識（多言語表示）, 駐車場",2,1,何も無い,3,車が無いと生活出来ない,1,公共交通機関がなにもない,60～69歳,女性
福井市,ややそう思う,福井駅や駅周辺に人が多くなった。,そうは思わない,関東に行く際、東海道新幹線を使っていたのが北陸新幹線を利用せざるを得なくなった。,ややそう思う,来県する人が増えたように思う。,そう思う,福井の良さを知ってもらい、福井への移住のきっかけになれば良いと思うから。,ややそう思う,来訪者が増えれば、福井の良さを広めてくれる。,どちらともいえない,取り組みがわからない。,好ましい,町が賑わうと思うから。,"観光客の消費によって飲食業や宿泊業が潤う, まちに賑わいが生まれる, 波及効果により他の地場産業が活気づく, 観光客との交流が生まれる, 移住・定住のきっかけとなる",,特に心配はない,,"観光スポットを結ぶ交通機関, トイレ・休憩所等の整備及びユニバーサル化, 観光マップやパンフレット",3,2,,7,,5,,70歳以上,女性
越前市,ややそう思う,あまり観光客が増えたとは思わない,とてもそう思う,東京への利便性が向上した,そう思う,福井駅周辺では観光客が増えた,とてもそう思う,福井の良いところを多くの人にしってもらいたいから,とてもそう思う,,どちらかといえば評価している,,好ましい,,"観光客の消費によって飲食業や宿泊業が潤う, まちに賑わいが生まれる, 歴史文化資源の保存活用につながる",,騒音やごみの増加,,"観光スポットを結ぶ交通機関, 観光スポットの案内板や標識（多言語表示）, トイレ・休憩所等の整備及びユニバーサル化, 観光イベント, 観光マップやパンフレット, 飲食施設, 宿泊施設、土産物屋, 観光案内所、観光ガイド, 駐車場, 体験施設",5,4,,7,,3,高齢者の住みやすさが不安,60～69歳,女性
坂井市,とてもそう思う,アクセスが良くなった。いいお店が増えた。,とてもそう思う,旅行に行きやすくなった。福井のお土産のレベルが上がった。手土産に困らなくなった。,とてもそう思う,県外の人が来てくれるだけで嬉しい。,そう思う,直接関わることは少ないが、福井の魅力を知ってもらいたいとは思う。,そう思う,いい町になっていくためには観光客のための事業が必要と感じるから。,評価している,福井に期待と思えるような広告をたくさん目にしているから。,とても好ましい,観光客に福井の経済をより良く回してほしい。,"観光客の消費によって飲食業や宿泊業が潤う, まちに賑わいが生まれる, 地域の知名度が上がる",,"騒音やごみの増加, 交通渋滞や路上駐車などの交通環境の悪化, 自然破壊, 治安の悪化",,体験施設,1,3,いい施設はたくさんある。,10,家族と平和な暮らしができているので、とても幸せです。,10,5年後は子育てなどしているかと思います。子育てサポートを充実させてもらえていると期待しています。,20～29歳,女性
福井市,ややそう思う,,ややそう思う,,ややそう思う,,ややそう思う,,ややそう思う,,どちらともいえない,,どちらかと言えば好ましい,,"観光客の消費によって飲食業や宿泊業が潤う, まちに賑わいが生まれる, 波及効果により他の地場産業が活気づく",,"騒音やごみの増加, 交通渋滞や路上駐車などの交通環境の悪化, 自然破壊, 治安の悪化",,"観光スポットを結ぶ交通機関, 飲食施設, 宿泊施設、土産物屋, 観光案内所、観光ガイド",3,3,,9,,9,,50～59歳,男性
永平寺町,全くそうは思わない,列車に乗る機会が少ないため,ややそう思う,関東からの観光客,ややそう思う,福井を知ってもらえる,そう思う,地域の活性化,そう思う,それさえなくなると、孤島になるから,どちらともいえない,,好ましい,地域の活性化,"観光客の消費によって飲食業や宿泊業が潤う, 地域の知名度が上がる",,"騒音やごみの増加, 交通渋滞や路上駐車などの交通環境の悪化, 歴史文化資源の破壊, 治安の悪化",,"観光スポットを結ぶ交通機関, 観光スポットの案内板や標識（多言語表示）, トイレ・休憩所等の整備及びユニバーサル化, 観光イベント, 障害者や高齢者への配慮（バリアフリー）, 観光マップやパンフレット, 飲食施設, 宿泊施設、土産物屋, 観光案内所、観光ガイド, 駐車場, 体験施設",1,5,雪以外の災害がないため,8,雪以外の災害がないため,8,そうあってほしい,60～69歳,男性
坂井市,そう思う,"三国の方の観光客が増えた
東尋坊のバス停が人いっぱい",全くそうは思わない,別に使わないし、人が増えても関係ない,とてもそう思う,小さいお店でもSNSのおかげで人が増えている,そう思う,いいところなので知ってもらいたい,そう思う,福井にしかないものやいいものがたくさんあるので色々知ってもらいたい,評価している,ご飯の方に力をいれているみたいなのでいいと思う。,好ましい,経済が回っているから,"観光客の消費によって飲食業や宿泊業が潤う, 地域の知名度が上がる, 歴史文化資源の保存活用につながる, 移住・定住のきっかけとなる",,"騒音やごみの増加, 交通渋滞や路上駐車などの交通環境の悪化, 歴史文化資源の破壊, 治安の悪化",色々騒ぐ人が増えるのは嫌だ,"観光スポットを結ぶ交通機関, 観光イベント, 観光マップやパンフレット, 宿泊施設、土産物屋, 観光案内所、観光ガイド, 駐車場, 体験施設",4,4,いいところがたくさんあるので知ってもらいたい,7,いいところもあるけど、田舎の悪いところもある,7,現状維持,30～39歳,女性
坂井市,ややそう思う,,あまりそうは思わない,,とてもそう思う,,とてもそう思う,,とてもそう思う,,評価している,,とても好ましい,,"観光客の消費によって飲食業や宿泊業が潤う, まちに賑わいが生まれる, 波及効果により他の地場産業が活気づく, 地域の知名度が上がる, 観光客との交流が生まれる, 歴史文化資源の保存活用につながる, 移住・定住のきっかけとなる",,特に心配はない,,"観光スポットを結ぶ交通機関, トイレ・休憩所等の整備及びユニバーサル化, 観光イベント, 障害者や高齢者への配慮（バリアフリー）, 駐車場",4,4,,9,,9,,40～49歳,女性
小浜市,とてもそう思う,観光客が増えた,そう思う,旅行に行くのに時間短縮,そう思う,,そう思う,,そう思う,,評価している,,どちらかと言えば好ましい,,"観光客の消費によって飲食業や宿泊業が潤う, まちに賑わいが生まれる, 波及効果により他の地場産業が活気づく",,"騒音やごみの増加, 交通渋滞や路上駐車などの交通環境の悪化, 治安の悪化",,"観光スポットを結ぶ交通機関, 観光スポットの案内板や標識（多言語表示）, 観光イベント, 障害者や高齢者への配慮（バリアフリー）",2,3,,8,,8,,60～69歳,女性
おおい町,とてもそう思う,おおい町の夏のイベント「スーパー大火勢」の来客者の増加が見込まれる,とてもそう思う,町が盛り上がれば、活気が出て、相乗効果があると考える,とてもそう思う,福井県の良さを知ってもらえるため。,とてもそう思う,ウェルカムの心は大切である,とてもそう思う,恐竜やスキーや食べ物など、魅力的なアイテムが揃っているため,とても評価している,福井駅の恐竜など、アピールが上手である,とても好ましい,町や県が盛り上がれば、活気が出て、相乗効果があると考える,"観光客の消費によって飲食業や宿泊業が潤う, まちに賑わいが生まれる, 波及効果により他の地場産業が活気づく",期待される効果は、相乗効果で県民にもメリットがあると思う。,特に心配はない,歓迎するなら仕方のない話,"観光スポットの案内板や標識（多言語表示）, 観光マップやパンフレット",5,5,住みたい街NO.1ですよ,10,衣食住、全国他府県へのアクセス性、どれをとっても憧れる県だから,10,今と同様のアピールができれば大丈夫,50～59歳,男性
越前市,そう思う,企業がオフィスを構えて雇用が増えそう,そう思う,東京に行くのに便利,そう思う,,とてもそう思う,,とてもそう思う,恐竜博物館は訪れるべき,評価している,,好ましい,,"観光客の消費によって飲食業や宿泊業が潤う, まちに賑わいが生まれる, 波及効果により他の地場産業が活気づく, 歴史文化資源の保存活用につながる",,"騒音やごみの増加, 治安の悪化",,"観光スポットを結ぶ交通機関, 観光イベント",3,2,,8,,8,,30～39歳,男性
福井市,ややそう思う,,あまりそうは思わない,,ややそう思う,,ややそう思う,,そう思う,,どちらかといえば評価している,,どちらかと言えば好ましい,,"観光客の消費によって飲食業や宿泊業が潤う, 地域の知名度が上がる",,騒音やごみの増加,,観光イベント,4,3,,7,,7,,30～39歳,女性
高浜町,そうは思わない,敦賀からは遠く、あまり何かプラスになる事があるとは思えない。,そうは思わない,"敦賀まで新幹線が来るようになっても、先日関東に行く時やはり米原まで出て新幹線に乗ったので、以前と変わらない。
また、自分の地域から敦賀まで行く事自体が遠いので、何もメリットがない。",そう思う,人口が少なく、外からの収入がある方が良いと思うから。,そう思う,あまり何もないところだけど、遊びに来てくれるのは良い事だと思うし、人が来てくれると見も地域ももっと喜んでもらえる物を作ったりし、それは住人にとっても良い事だと思うから。,そう思う,観光地の目的でないと、他に人が来る事はないと思うので。観光を目的とするにも少し人を呼べる物が少ないと思うが。,どちらかと言えば評価していない,嶺北の方では恐竜をモチーフにしたお土産品などを増やしたりされているが、もっとそれぞれの地域の特徴を活かした何かがあっても良いと思うし、嶺南は特にこれといった特色がないので、もっとこの地域はこんなのですといった色が出てないと魅力がないと思うから。,好ましい,外からの収入が増えることにより、より地域が活性化すると思うから。そしてもっと来てもらおうと進化していくと思うから。,"観光客の消費によって飲食業や宿泊業が潤う, まちに賑わいが生まれる, 波及効果により他の地場産業が活気づく, 観光客との交流が生まれる, 歴史文化資源の保存活用につながる, 移住・定住のきっかけとなる",,"交通渋滞や路上駐車などの交通環境の悪化, 歴史文化資源の破壊, 自然破壊, 治安の悪化",,"観光スポットを結ぶ交通機関, 観光スポットの案内板や標識（多言語表示）, トイレ・休憩所等の整備及びユニバーサル化, 観光イベント, 障害者や高齢者への配慮（バリアフリー）, 観光マップやパンフレット, 飲食施設, 宿泊施設、土産物屋, 観光案内所、観光ガイド, 体験施設",1,2,"海と山が近く、新鮮な野菜や魚が食べられるメリットがあるが、地元で魚が取れる割に魚の値段が高すぎる。街で買うのと変わらないから。（新鮮さは少しは違うが）
観光で来るならやはり地元は安くて良い物が目的となると思う。",4,"食材は新鮮な物があるが、生活に便利な物や何か楽しい物をといったショッピングは全く期待できず、外に行くにもアクセスが悪すぎる。
田舎だから…といってもそこに無いものを買いに出る時のアクセスの良さがあればまた違ってくると思う。",4,5年後も特に変わらないと思うから。,60～69歳,女性
福井市,とてもそう思う,人の流れができ地域が活性化した,そう思う,行動可能範囲が広く感じられる,とてもそう思う,経済活性,とてもそう思う,県民として当然の感情,ややそう思う,移住者を増やす施策が必要,評価している,新しい魅力を発信している,とても好ましい,経済の好循環,"観光客の消費によって飲食業や宿泊業が潤う, まちに賑わいが生まれる, 波及効果により他の地場産業が活気づく, 移住・定住のきっかけとなる",人の往来が経済効果を生む,"騒音やごみの増加, 自然破壊",,"観光スポットを結ぶ交通機関, 障害者や高齢者への配慮（バリアフリー）",2,3,観光地が点在しているので移動時間が多くなる,7,大型ショッピングモールなどがない,7,企業の誘致が鍵,60～69歳,男性
永平寺町,ややそう思う,永平寺への観光客が増えると思う,ややそう思う,長野、東北が近くなった,そう思う,福井駅前の人が増えた,そう思う,福井を楽しんで欲しい,ややそう思う,楽しんでもらうことが重要だと思う,どちらともいえない,取り組みを知らない,好ましい,街が賑やかになるから,"観光客の消費によって飲食業や宿泊業が潤う, まちに賑わいが生まれる",,"騒音やごみの増加, 交通渋滞や路上駐車などの交通環境の悪化",,"観光スポットを結ぶ交通機関, トイレ・休憩所等の整備及びユニバーサル化",1,3,,7,,7,,50～59歳,男性
福井市,とてもそう思う,県外資本や観光客流入による経済活性化,そう思う,イベントが増えたしその客も増えたのですごくいい！,そうは思わない,人が入ってこない限りじり貧である。まず人が来れば問題は解決できるが、入ってこないものについては策の打ちようがないし、これまでがそうだったから,とてもそう思う,,とてもそう思う,他県に行ってもこんなにきれいに観光地が確立（動線などが整備されてるかは別として）されているところは少ない。食も確立してる。,どちらともいえない,質問が抽象的なので回答困難,とても好ましい,,"観光客の消費によって飲食業や宿泊業が潤う, まちに賑わいが生まれる, 波及効果により他の地場産業が活気づく, 地域の知名度が上がる, 観光客との交流が生まれる, 歴史文化資源の保存活用につながる, 移住・定住のきっかけとなる",,"騒音やごみの増加, 交通渋滞や路上駐車などの交通環境の悪化",8号線の渋滞など元から解決する気のない問題がたくさんある,"観光スポットを結ぶ交通機関, 観光スポットの案内板や標識（多言語表示）, 観光イベント, 飲食施設, 駐車場",5,5,他県に行ってもこんなにきれいに観光地が確立（動線などが整備されてるかは別として）されているところは少ない。食も確立してるし。,4,地元の人への還元が微妙かな。アプリや券を使った還元してもほかの資本に金が流れていくだけ。直接的に感じる還元をしてほしい。,5,,20～29歳,男性
勝山市,とてもそう思う,観光客が増えた,そう思う,東京に行くのに乗換不要,とてもそう思う,活性化してる,とてもそう思う,いいところだから,とてもそう思う,いいところたくさん,とても評価している,知事の発信も素晴らしい,とても好ましい,にぎやか,"観光客の消費によって飲食業や宿泊業が潤う, まちに賑わいが生まれる, 地域の知名度が上がる",賑やかになるのはいいこと,"騒音やごみの増加, 交通渋滞や路上駐車などの交通環境の悪化",渋滞はイヤですね,"観光スポットを結ぶ交通機関, トイレ・休憩所等の整備及びユニバーサル化, 駐車場",5,5,ステキなところが沢山ある,10,緑豊か,10,もっとよくなる,50～59歳,女性
あわら市,ややそう思う,芦原温泉があるが、今のところそれほど良い影響があるとは言えない。でもこれから観光客増加など良い影響があることを期待したい。,ややそう思う,東京方面は乗り換えもなくとても便利になったと思う。でも今まで乗り換えなしで行けていた関西方面は乗り換えが必要でかえって不便になったと思う。,そう思う,今まで以上に福井県の良い所を知ってもらえる機会が増える。,とてもそう思う,福井県の素晴らしい自然と美味しい食べ物を堪能してもらえるのは嬉しい。,そう思う,,どちらかといえば評価している,福井県の良い所をもっとSNSやメディアでＰＲして全国の人に知ってもらいたい。,好ましい,観光客が増えることは単純にうれしく思うが、有名観光地で問題になっているオーバーツーリズムや観光客のマナー、ゴミ問題など考えると心配な部分もある。,"観光客の消費によって飲食業や宿泊業が潤う, 波及効果により他の地場産業が活気づく, 地域の知名度が上がる, 歴史文化資源の保存活用につながる, 移住・定住のきっかけとなる",観光で人の流れが増え消費が拡大して地元が潤うこともあるが、移住や定住のきっかけになれば、過疎地域の問題や高齢者の増加などいろいろな面で良い効果がありそう。,"騒音やごみの増加, 交通渋滞や路上駐車などの交通環境の悪化, 歴史文化資源の破壊, 自然破壊, 治安の悪化",マナーを守れない人や日本のルールを知らない海外の人が多いので心配。,"観光スポットを結ぶ交通機関, 観光スポットの案内板や標識（多言語表示）, トイレ・休憩所等の整備及びユニバーサル化, 駐車場, 体験施設",4,3,,8,生活する上で十分な環境である。,8,,70歳以上,女性
若狭町,そう思う,,ややそう思う,,ややそう思う,,ややそう思う,,ややそう思う,,どちらともいえない,,どちらかと言えば好ましい,,観光客の消費によって飲食業や宿泊業が潤う,,騒音やごみの増加,,トイレ・休憩所等の整備及びユニバーサル化,3,3,,3,,3,,50～59歳,女性
福井市,とてもそう思う,利便性と観光客の誘致,とてもそう思う,関西方面に行きやすい,とてもそう思う,,とてもそう思う,,とてもそう思う,,どちらかといえば評価している,,とても好ましい,,"観光客の消費によって飲食業や宿泊業が潤う, 地域の知名度が上がる, 移住・定住のきっかけとなる",,治安の悪化,,"観光スポットを結ぶ交通機関, 観光イベント, 障害者や高齢者への配慮（バリアフリー）, 観光マップやパンフレット, 飲食施設, 宿泊施設、土産物屋, 観光案内所、観光ガイド",5,4,,7,,7,,50～59歳,女性
越前市,ややそう思う,観光客誘致目的で、環境が急速に変化しているから。良い面と悪い面があり、少し戸惑っている。,ややそう思う,首都圏へは便利になった一方で、良く行っていた関西中京方面へは不便になり、寂しい。,ややそう思う,人口減の中で必要な事だとは思うが、本当は、日本人がもっと増えて、モラルのない人は減って欲しい。,あまりそうは思わない,民度の低い人は来ないで欲しい。,あまりそうは思わない,福井愛がある人だけ来て欲しい。,どちらかといえば評価している,学生さんなども巻き込んで、様々な取り組みをしていて感心する。,どちらともいえない,モラルのない人が結構いるから。,"観光客の消費によって飲食業や宿泊業が潤う, まちに賑わいが生まれる, 波及効果により他の地場産業が活気づく",地場産業が栄えるといいなと思う。,"騒音やごみの増加, 交通渋滞や路上駐車などの交通環境の悪化, 歴史文化資源の破壊, 自然破壊, 治安の悪化",ポイ捨ては随分と増えた気がする。,"観光スポットを結ぶ交通機関, 観光スポットの案内板や標識（多言語表示）, トイレ・休憩所等の整備及びユニバーサル化",3,4,私個人としては、旅行の目的は、食べ物が1番なので、福井には美味しい食べ物がたくさんある。,10,ひと通り何でも揃ってる。,10,穏やかな街だから。,60～69歳,女性
鯖江市,そうは思わない,鯖江に駅がないため,そうは思わない,新幹線の駅がないため,ややそう思う,,ややそう思う,,ややそう思う,,どちらともいえない,,どちらかと言えば好ましい,,まちに賑わいが生まれる,,"騒音やごみの増加, 自然破壊, 治安の悪化",,"観光スポットを結ぶ交通機関, 観光マップやパンフレット",3,3,,5,,5,,30～39歳,女性
福井市,とてもそう思う,関東方面からの観光客が増えている感じがある,とてもそう思う,関東へのアクセスが良くなった,とてもそう思う,,とてもそう思う,,とてもそう思う,,評価している,,好ましい,静かな空間である方が価値がある名所もあるため,"観光客の消費によって飲食業や宿泊業が潤う, まちに賑わいが生まれる, 移住・定住のきっかけとなる",,"騒音やごみの増加, 交通渋滞や路上駐車などの交通環境の悪化",,"観光スポットを結ぶ交通機関, 観光スポットの案内板や標識（多言語表示）, 飲食施設",4,5,,8,,8,,20～29歳,男性
越前町,全くそうは思わない,,全くそうは思わない,サンダーバードが敦賀発になり実家に帰るのが不便になった。,ややそう思う,,ややそう思う,,そう思う,,どちらかと言えば評価していない,何をしているかが見えてこない,好ましい,お金を落としてくれるから,"波及効果により他の地場産業が活気づく, 歴史文化資源の保存活用につながる, 移住・定住のきっかけとなる",,特に心配はない,心配する程増えるのか？,"観光スポットを結ぶ交通機関, 観光イベント, 宿泊施設、土産物屋, 駐車場, 体験施設",4,4,私も移住組なので自然、食など良いところは一杯あると思う。,5,今住んでいる集落は若者がことごとく出ていき老後が心配です。我が家も子供たちは都会に出ていきました。若者がIターン、Uターンができるような政策をお願いしたいものです。,3,老いを迎え、日常の生活が送れるのかが心配。冬の雪も心配。,60～69歳,女性
小浜市,全くそうは思わない,敦賀以西への観光客の流入がほとんどないため,全くそうは思わない,,そうは思わない,,そう思う,,そう思う,,どちらかといえば評価している,,好ましい,,"観光客の消費によって飲食業や宿泊業が潤う, まちに賑わいが生まれる, 波及効果により他の地場産業が活気づく",,"騒音やごみの増加, 交通渋滞や路上駐車などの交通環境の悪化",,"観光スポットを結ぶ交通機関, 観光イベント",4,4,,7,,7,,50～59歳,男性
敦賀市,とてもそう思う,県外者が増えて街に活気が出てきた,あまりそうは思わない,県外者が増えてどこへ行くにも人が多い,ややそう思う,ゴミなど捨てる人が多い,そう思う,,そう思う,,評価している,,どちらかと言えば好ましい,マナーを守らない人がいるからそんな人は来ないで欲しい,"観光客の消費によって飲食業や宿泊業が潤う, まちに賑わいが生まれる",,"騒音やごみの増加, 交通渋滞や路上駐車などの交通環境の悪化, 治安の悪化, 日常生活に影響が出るほどの不安",,"観光スポットを結ぶ交通機関, 観光イベント, 飲食施設, 宿泊施設、土産物屋, 駐車場",4,4,,8,,8,,30～39歳,女性
美浜町,あまりそうは思わない,,ややそう思う,殆ど利用することはないが、長野、東北方面に行きやすくなった。,ややそう思う,福井県の認知度が上がる,ややそう思う,,ややそう思う,,どちらともいえない,,どちらかと言えば好ましい,,"地域の知名度が上がる, 歴史文化資源の保存活用につながる",,"騒音やごみの増加, 交通渋滞や路上駐車などの交通環境の悪化",,"観光スポットの案内板や標識（多言語表示）, 飲食施設, 宿泊施設、土産物屋",3,3,,5,,5,,60～69歳,女性
福井市,あまりそうは思わない,福井駅は活気が全くない,あまりそうは思わない,魅力がない,あまりそうは思わない,交通便が悪い,そう思う,,そう思う,,どちらともいえない,,好ましい,,"観光客の消費によって飲食業や宿泊業が潤う, 地域の知名度が上がる",,特に心配はない,,観光スポットを結ぶ交通機関,3,3,,5,,5,,60～69歳,女性
越前町,そう思う,東京から便利になった,そう思う,東京の孫が帰り易くなった,そう思う,観光客がお金を使う,そう思う,,ややそう思う,オ?バ?ﾂ-ﾘｽﾞﾑが嫌,どちらかといえば評価している,,どちらともいえない,,"観光客の消費によって飲食業や宿泊業が潤う, 波及効果により他の地場産業が活気づく, 観光客との交流が生まれる, 歴史文化資源の保存活用につながる",,"騒音やごみの増加, 交通渋滞や路上駐車などの交通環境の悪化, 歴史文化資源の破壊, 自然破壊",,"観光スポットを結ぶ交通機関, 障害者や高齢者への配慮（バリアフリー）, 駐車場, 体験施設",4,4,,7,雪掻きが大変,6,,60～69歳,男性
勝山市,ややそう思う,,あまりそうは思わない,,そう思う,,ややそう思う,,ややそう思う,,どちらともいえない,,好ましい,,"観光客の消費によって飲食業や宿泊業が潤う, まちに賑わいが生まれる, 波及効果により他の地場産業が活気づく, 地域の知名度が上がる, 移住・定住のきっかけとなる",,特に心配はない,,"観光スポットを結ぶ交通機関, 観光スポットの案内板や標識（多言語表示）, 観光イベント, 障害者や高齢者への配慮（バリアフリー）",3,4,,5,,5,,50～59歳,女性
鯖江市,あまりそうは思わない,駅もなく、駅から市内を結ぶ2次交通が整備されていない,そうは思わない,普段の生活土日変わりない。逆に県外への利便性が悪くなった。ハピラインになり敦賀止まりになった事で中京、関西圏へ乗り換えなしで行けなくなってしまった,ややそう思う,リピする場所が余りにも少ないない,そう思う,静かで食べ物は美味しい,そう思う,日本の中心の位置している為、、関東、関西、東海へ繋ぐ要所となれば良いと思う,まったく評価していない,①新幹線開業が年数が経ち熱が奪われた②県都である福井市にある福井駅前にホテルが建ち過ぎ③県庁が邪魔③新幹線のどの駅前にも人を呼び込む強力な施設がない,どちらかと言えば好ましい,近隣の府県との差がなくなる,"まちに賑わいが生まれる, その他",魅力があれば、県外に進出しても戻ってくる,その他,心配されるほど影響は出ていない,"観光スポットを結ぶ交通機関, 飲食施設",3,3,眼鏡産地という事は知れ渡っているから,5,住みやすい所たと思うが、高齢者になるほど住みにくい、交通の便が悪過ぎ→コミュニティバスの本数、考えた人は自分でちゃんと乗って検証したのか聞いてみたい,5,問14の答えのままであれば不幸,50～59歳,男性
美浜町,そう思う,嶺南にもきてもらえるようになるから,ややそう思う,特にかわらない,そう思う,とてもいいところなので、みんなにお知らせできるといい,とてもそう思う,福井の良さを知ってもらいたい,とてもそう思う,よいところをアピールしよう,どちらかといえば評価している,もっと頑張ってほしいが,とても好ましい,知らない県と言われないように,"観光客の消費によって飲食業や宿泊業が潤う, まちに賑わいが生まれる, 地域の知名度が上がる",,騒音やごみの増加,,"観光イベント, 観光マップやパンフレット, 飲食施設, 宿泊施設、土産物屋",3,5,福井が好きだから,7,お店がないなどの不便さがあるから,7,かわらない,50～59歳,女性
坂井市,とてもそう思う,,そう思う,,とてもそう思う,,とてもそう思う,,とてもそう思う,私は今年度から福井県に移住してきたが、魅力的なまちだと感じている。もっといろんな人に福井の魅力を知ってもらいたい。,どちらともいえない,取り組みをよく知らない,好ましい,福井の経済が活発化することは良いことだと思う。ゴミを放置したりマナー違反の観光客が来るのは歓迎しない。,"観光客の消費によって飲食業や宿泊業が潤う, まちに賑わいが生まれる, 波及効果により他の地場産業が活気づく, 地域の知名度が上がる, 歴史文化資源の保存活用につながる, 移住・定住のきっかけとなる",,"騒音やごみの増加, 交通渋滞や路上駐車などの交通環境の悪化, 歴史文化資源の破壊, 自然破壊, 治安の悪化",,"観光スポットを結ぶ交通機関, トイレ・休憩所等の整備及びユニバーサル化, 観光マップやパンフレット, 駐車場, 体験施設",3,4,,9,自然豊かで美味しいご飯やさんがたくさんある。,8,,20～29歳,女性
永平寺町,ややそう思う,観光客が増えた,あまりそうは思わない,特に変化はない,ややそう思う,観光客が増えれば、経済にいい影響があると思うので。,そう思う,,そう思う,,どちらともいえない,,どちらかと言えば好ましい,,"観光客の消費によって飲食業や宿泊業が潤う, まちに賑わいが生まれる",,"自然破壊, 治安の悪化",,観光スポットを結ぶ交通機関,2,2,,6,,6,,50～59歳,女性
越前市,そう思う,少しでも停車駅の近くで行ってみたいと思えるところがあったら来てくれるかなと思うから,ややそう思う,田舎なので…土地開発が進んで住みやすくなるといいかなと思います,ややそう思う,人口が少ない分、他府県から来てもらうことで地域活性化になると思う,ややそう思う,住んでいる身からして生活圏内に常に人が多いとマナーや渋滞などで困りますが。福井県は地味にいいところや美味しいものがたくさんあるので、それを目当てに観光しに来る人が一時的に人が増えるのはいいことだと思う。,そう思う,問5で回答したことと同じです,評価している,頑張っていると思うが、他府県にもお知らせしてもいいのでは？と思うところもある。,どちらかと言えば好ましい,福井県のいいところを多くの人に知ってほしい,"観光客の消費によって飲食業や宿泊業が潤う, まちに賑わいが生まれる, 波及効果により他の地場産業が活気づく, 地域の知名度が上がる, 観光客との交流が生まれる, 歴史文化資源の保存活用につながる, 移住・定住のきっかけとなる, ガイドなど市民参加の場が広がる",,"騒音やごみの増加, 交通渋滞や路上駐車などの交通環境の悪化, 自然破壊, 治安の悪化",,"観光スポットを結ぶ交通機関, 観光スポットの案内板や標識（多言語表示）, トイレ・休憩所等の整備及びユニバーサル化, 障害者や高齢者への配慮（バリアフリー）, 駐車場",4,4,交通の便は不便ですが、美味しいものがいっぱいあります,7,他県からお嫁に来た身です。雑貨屋さんが近くに少ない。誰かにプレゼントする時などすごく困る。イオンモールみたいに同じ商品でもいろんな種類を見て選べるお店が近くになくて、すごく困る。けど、田舎の良さもあって、静かで自然豊かで子どもがのびのびと暮らせます。割と家から近くに西松屋とマクドが同じ敷地内にできたのはすごいと思いました。,7,,30～39歳,女性
坂井市,あまりそうは思わない,"観光客が増えたわけじゃない
逆に関西からの車移動の方が目立つ",あまりそうは思わない,"新幹線を利用する機会がない
新幹線で来る方と接する機会がない",ややそう思う,さびれた観光地や看板が整備された,とてもそう思う,素晴らしさを感じて欲しい,ややそう思う,自然こそ魅力　都会化は望まない,評価していない,"お金をかけるところが間違っている
観光客と接するのは、芸能人でも議員でもない
接する方々の声や視察の機会が一番必要だと感じる
私自身も北陸新幹線に乗った事も恐竜博物館、永平寺、新しい施設、お店宿泊施設行った事も無くお客様が来られても話しのネタにも出来ない。自己資金を利用しなくてはいけない現状では負担になる",どちらかと言えば好ましい,"福井県の良さを知って欲しい
しかし、オーバーツーリズムにはならないように。",観光客の消費によって飲食業や宿泊業が潤う,,"騒音やごみの増加, 交通渋滞や路上駐車などの交通環境の悪化, 歴史文化資源の破壊, 自然破壊, 治安の悪化, 日常生活に影響が出るほどの不安",,"観光スポットを結ぶ交通機関, トイレ・休憩所等の整備及びユニバーサル化, 障害者や高齢者への配慮（バリアフリー）, 観光マップやパンフレット",3,2,魅力ある場所、人がたくさん,10,海、山、滝、温泉、海鮮、温かな人柄、朝陽、夕陽　全て揃っている,8,開発が進む中で、どの方向に向いているか,60～69歳,女性
小浜市,そう思う,新幹線利用者がまわりにたくさんいるから,そう思う,関東への移動に便利になった,とてもそう思う,"人が来ることによって活気が出ているから
人の往来がないと寂れていく空気があった
特にコロナ中とコロナを境目に目に見えて寂しくなってた",そう思う,生まれ育った場所だから来て良かったと思ってもらいたい,そう思う,観光として人が来ることによって若い人にも魅力的な町になり進学後も帰ってこようと思ってもらいたい,どちらかといえば評価している,小浜市は鯖缶宇宙のドラマで少し注目を集めていたのを機に冊子を作ってくれてるから,どちらかと言えば好ましい,人の流れはあったほうが活気があるから,"観光客の消費によって飲食業や宿泊業が潤う, まちに賑わいが生まれる, 波及効果により他の地場産業が活気づく, 地域の知名度が上がる, 観光客との交流が生まれる",見てそう思う,"騒音やごみの増加, 交通渋滞や路上駐車などの交通環境の悪化",少し出ているから,"トイレ・休憩所等の整備及びユニバーサル化, 飲食施設, 宿泊施設、土産物屋",4,4,"楽しそうに観光してる姿を見ると嬉しいから
県外に出た子供夫婦が帰省して熊川宿や三方の縄文パーク、年縞博物館、ヒマワリ畑、ごしょえんを巡っての楽しんで良かったよと言ってくれるから",6,車がないと不便だったり大きな手術は地元でできなかったり雪かきが大変だったり改善してほしいこともあるけどのんびりした空気があり幸せだとは思う,6,もっと歳をとると生きにくくなるとは思う,50～59歳,女性
あわら市,あまりそうは思わない,関西方面からの観光客が減る,あまりそうは思わない,観光業ではない,あまりそうは思わない,悪い人が入ってくる,そう思う,活性化する,そう思う,"福井県の活性化
",どちらともいえない,結果が見えない,どちらかと言えば好ましい,活性化する,"観光客の消費によって飲食業や宿泊業が潤う, まちに賑わいが生まれる, 移住・定住のきっかけとなる",県が潤う,"騒音やごみの増加, 交通渋滞や路上駐車などの交通環境の悪化, 治安の悪化",,"観光スポットを結ぶ交通機関, 観光スポットの案内板や標識（多言語表示）, トイレ・休憩所等の整備及びユニバーサル化, 観光イベント, 飲食施設, 駐車場, 体験施設",1,2,温泉があるだけで魅力がない,8,楽,7,楽,60～69歳,女性
福井市,ややそう思う,関東地方からの観光客は増加すると思うが、関西地方からの観光客の減少が心配,あまりそうは思わない,関西地方への旅行が乗り換えを必要となり、個人的には関西地方への旅行が多いため、あまり良いとは言えない。,あまりそうは思わない,上の回答と同じ,そう思う,福井県の魅力を実感してほしい。,そう思う,魅力的な観光資源が多い。,どちらともいえない,良いこともあるが、十分と言うにはほど遠い。,好ましい,福井県の良さを認識してもらえれば、福井県に住みたい人間も増えることが期待できる。,"観光客の消費によって飲食業や宿泊業が潤う, 波及効果により他の地場産業が活気づく, 地域の知名度が上がる, 移住・定住のきっかけとなる",,"交通渋滞や路上駐車などの交通環境の悪化, 自然破壊",,"観光スポットを結ぶ交通機関, トイレ・休憩所等の整備及びユニバーサル化, 障害者や高齢者への配慮（バリアフリー）, 観光マップやパンフレット, 駐車場",4,3,福井市の生活環境、観光資源がイマイチ。,7,全体的には満足しているが、公共交通機関の整備、高齢者対策が不足している,6,公共交通機関の減少が心配,70歳以上,男性
坂井市,ややそう思う,,あまりそうは思わない,,あまりそうは思わない,,とてもそう思う,,とてもそう思う,,どちらともいえない,,どちらかと言えば好ましい,,"観光客の消費によって飲食業や宿泊業が潤う, 地域の知名度が上がる",,"騒音やごみの増加, 交通渋滞や路上駐車などの交通環境の悪化, 歴史文化資源の破壊, 自然破壊",,"観光スポットの案内板や標識（多言語表示）, トイレ・休憩所等の整備及びユニバーサル化, 障害者や高齢者への配慮（バリアフリー）",4,5,,10,,10,,70歳以上,女性
鯖江市,あまりそうは思わない,新幹線の駅の周りが発展してないから,全くそうは思わない,新幹線を利用することがほとんどないから,ややそう思う,他県からの観光客は増えるので、経済効果などがあるのではと思う,とてもそう思う,自分が住んでいる所へ観光に来てくれるのは純粋に嬉しいから,とてもそう思う,,どちらかといえば評価している,,どちらかと言えば好ましい,マナーを守っての観光であれば好ましい,"観光客の消費によって飲食業や宿泊業が潤う, 波及効果により他の地場産業が活気づく, 地域の知名度が上がる, 歴史文化資源の保存活用につながる, 移住・定住のきっかけとなる",,"騒音やごみの増加, 交通渋滞や路上駐車などの交通環境の悪化, 治安の悪化",,"観光スポットを結ぶ交通機関, 観光スポットの案内板や標識（多言語表示）, トイレ・休憩所等の整備及びユニバーサル化, 観光マップやパンフレット",4,3,,4,経済的にもう少し豊かだといいと思う,3,,30～39歳,女性
鯖江市,あまりそうは思わない,鯖江に停車しない,あまりそうは思わない,影響はない,ややそう思う,,そう思う,,そう思う,,どちらともいえない,,好ましい,,"観光客の消費によって飲食業や宿泊業が潤う, まちに賑わいが生まれる, 波及効果により他の地場産業が活気づく, 地域の知名度が上がる",,"騒音やごみの増加, 交通渋滞や路上駐車などの交通環境の悪化, 治安の悪化",,"観光スポットを結ぶ交通機関, 観光スポットの案内板や標識（多言語表示）, 宿泊施設、土産物屋",3,3,,7,,7,,40～49歳,女性
福井市,とてもそう思う,観光　経済の活性化,とてもそう思う,市の財政が潤う,とてもそう思う,福井の魅力を全国に伝える事が出来る,とてもそう思う,住んでいてとても良いところだと思うから,とてもそう思う,何度も足を運んでもらい福井の良さを感じて欲しい,評価している,,とても好ましい,,"観光客の消費によって飲食業や宿泊業が潤う, まちに賑わいが生まれる, 波及効果により他の地場産業が活気づく, 地域の知名度が上がる, 観光客との交流が生まれる, 移住・定住のきっかけとなる",,特に心配はない,,"観光スポットを結ぶ交通機関, 観光イベント, 体験施設",5,5,,9,,8,,60～69歳,女性
越前市,ややそう思う,都市圏からの観光客が増えたような気がする,ややそう思う,武生から関西や名古屋への行き方が不便になった,ややそう思う,福井県の知名度が上がったと思います,ややそう思う,,そう思う,リピーターが増えるといいと思います,どちらかといえば評価している,,どちらかと言えば好ましい,福井県の知名度をあげたい,"観光客の消費によって飲食業や宿泊業が潤う, まちに賑わいが生まれる, 地域の知名度が上がる",,"騒音やごみの増加, 交通渋滞や路上駐車などの交通環境の悪化",,"観光イベント, 観光マップやパンフレット, 駐車場",3,3,,7,食べ物もおいしいし、治安も良い。,6,健康に暮らせているか不安がある,50～59歳,女性
福井市,とてもそう思う,関西へ行き来する人が多いから,とてもそう思う,自分も関西へ行くから,そう思う,県を活性化するには必須,そう思う,,そう思う,何度も訪れたいと思ってもらうようなところにならないといけない,どちらかといえば評価している,もっと全国的な目でみて店舗選びをするべき,とても好ましい,知名度をあげ魅力のある県になるべき,"観光客の消費によって飲食業や宿泊業が潤う, まちに賑わいが生まれる, 地域の知名度が上がる, 移住・定住のきっかけとなる",,騒音やごみの増加,,"観光スポットを結ぶ交通機関, 観光イベント, 飲食施設, 宿泊施設、土産物屋",3,2,特に何もないから,5,,3,,50～59歳,女性
敦賀市,ややそう思う,開業2年を過ぎて盛り上がりも冷めた感がある様に思う。単なる乗り継ぎ駅になった。,あまりそうは思わない,,ややそう思う,嶺北では影響が少なからずあると思う。,ややそう思う,コレと言える観光地等が少なすぎる。子供がいたら恐竜博物館くらいしかおもいつかない。,ややそう思う,冬限定で越前ガニしか思いつかない。若狭牛ではパンチ力不足。これといった名物が無い。,どちらともいえない,インパクトが足らないよう感じる。,どちらともいえない,交通アクセスが悪く不便。嶺南は置き去りに感じる。,"観光客の消費によって飲食業や宿泊業が潤う, 地域の知名度が上がる",,特に心配はない,,観光スポットを結ぶ交通機関,2,3,,4,,3,,50～59歳,男性
坂井市,とてもそう思う,観光客、旅行客が増えている気がする。,あまりそうは思わない,関西方面への移動がめんどくさい,ややそう思う,,そう思う,,そう思う,,どちらかといえば評価している,交通の便はよくない,好ましい,,"観光客の消費によって飲食業や宿泊業が潤う, まちに賑わいが生まれる, 波及効果により他の地場産業が活気づく, 地域の知名度が上がる, 観光客との交流が生まれる, 歴史文化資源の保存活用につながる, 移住・定住のきっかけとなる, ガイドなど市民参加の場が広がる",,"騒音やごみの増加, 歴史文化資源の破壊, 自然破壊, 治安の悪化",,"観光スポットを結ぶ交通機関, 観光スポットの案内板や標識（多言語表示）, トイレ・休憩所等の整備及びユニバーサル化, 体験施設",4,4,食事はうまい　だから他の地域に行っても感動がない,7,雪がなければ住みやすい　近年は除雪が遅く、毎年朝出れなくなる時がある,4,歳をとるとだんだん除雪がきつい,50～59歳,男性
福井市,そう思う,"観光客が多くなったと思う。
今年のフェニックス祭りに県外からの参加チームが多かった。",そう思う,日帰りの東京出張で余裕が少しできたと感じる。早く帰ってくれるようになって家族との時間が増えた。,とてもそう思う,悪い影響は今のところ感じていない。今後は若者の流出が不安ではある。,とてもそう思う,多くの観光客に来てもらい福井の活性化に繋がってほしい。,とてもそう思う,福井には素晴らしい観光地や食があるので、もっと県外の人に知ってもらいたい。大事にしていきたい財産です。,どちらかといえば評価している,もっと他県にはない突拍子もないことをしてオリジナリティを出したほうが良いと思う。,好ましい,活性化になる。ただ、治安の悪化は心配。,"観光客の消費によって飲食業や宿泊業が潤う, まちに賑わいが生まれる, 波及効果により他の地場産業が活気づく, 観光客との交流が生まれる, 移住・定住のきっかけとなる",,"交通渋滞や路上駐車などの交通環境の悪化, 治安の悪化",,"観光スポットを結ぶ交通機関, トイレ・休憩所等の整備及びユニバーサル化, 観光イベント, 飲食施設, 宿泊施設、土産物屋, 駐車場",4,4,"食、食材、お酒などはとても素晴らしいと思う。
打刃物などの産業も。",8,"交通の便、雪対策、学童の不足は課題あり。
夏の祭りなど外でのイベントは時期を見直すべき。",9,石田知事が頑張ってくれているので今より良い変化が起きていると期待します。,40～49歳,男性
福井市,ややそう思う,,あまりそうは思わない,,ややそう思う,,とてもそう思う,,ややそう思う,,とても評価している,,どちらかと言えば好ましい,,"歴史文化資源の保存活用につながる, 移住・定住のきっかけとなる",,"騒音やごみの増加, 治安の悪化",,観光スポットを結ぶ交通機関,1,3,,7,,7,,50～59歳,女性
小浜市,とてもそう思う,福井がニュースなどの話題に出るから,あまりそうは思わない,自分の仕事があまり関連がないから,全くそうは思わない,観光業は、観光以外の多くの業界に関連があるから、活性化に繋がる,とてもそう思う,数多くの中から旅行先に福井を選んでくれたから,とてもそう思う,"観光業は、それ以外の業種にも大きな影響を与えると考えているから
地元民もあらためて地元の良さに気づくことができ、愛着を持てるようにもなるのはいいこと",どちらかといえば評価している,PRが足りていないのと、ソフト面のレベルが低め、取り組みが個々でバラバラだったりちぐはぐで、もっと連携をとるとか、いろんな人の意見も聞くといいと思う。意見を聞く人を肩書きで選んで、失敗している感じがする。,とても好ましい,弊害もあると思うが、外部との接触はいろんな面でプラスの方が大きいと思う,"観光客の消費によって飲食業や宿泊業が潤う, まちに賑わいが生まれる, 波及効果により他の地場産業が活気づく, 地域の知名度が上がる, 観光客との交流が生まれる, 歴史文化資源の保存活用につながる, 移住・定住のきっかけとなる, ガイドなど市民参加の場が広がる",上記のとおり,特に心配はない,上記の問題点が少しはあっても大都会でもないからそこまでではないと思う,"観光スポットの案内板や標識（多言語表示）, トイレ・休憩所等の整備及びユニバーサル化, 飲食施設, 宿泊施設、土産物屋",4,3,目玉となる観光地があまりない,5,東京が好きだから,6,"のんびり暮らすならいい面が多いと思うが
地域のしがらみ、いろんな行事も多く、生活しにくい面も多いと感じる。",50～59歳,女性
小浜市,ややそう思う,,あまりそうは思わない,,そう思う,,とてもそう思う,,そう思う,,評価している,,どちらかと言えば好ましい,,"観光客の消費によって飲食業や宿泊業が潤う, まちに賑わいが生まれる, 地域の知名度が上がる, 歴史文化資源の保存活用につながる",,"騒音やごみの増加, 交通渋滞や路上駐車などの交通環境の悪化",,"観光スポットを結ぶ交通機関, 飲食施設, 宿泊施設、土産物屋",4,4,,6,,6,,50～59歳,女性
越前市,あまりそうは思わない,,ややそう思う,県外へのアクセス時間が短縮された点。,そう思う,観光客により経済が回ると思うから,とてもそう思う,福井を楽しんでもらって、また来たい福井というイメージで帰ってもらう必要があると思うから,とてもそう思う,,どちらともいえない,お土産が増えてきていますが、福井県製造のものが少ない。越前市は越前たけふ駅がありますが、観光地やお店が車移動を必須とするため、立ち寄る意味が少ないと思われていると思う。,好ましい,,"観光客の消費によって飲食業や宿泊業が潤う, まちに賑わいが生まれる, 地域の知名度が上がる, 観光客との交流が生まれる",,"騒音やごみの増加, 交通渋滞や路上駐車などの交通環境の悪化",,"観光スポットを結ぶ交通機関, 観光スポットの案内板や標識（多言語表示）, 飲食施設, 駐車場",5,4,,8,,7,外国人の居住が増えているので、他県で見るような迷惑行為が増えると安心な生活が維持できるのか不安に思う。,30～39歳,女性
坂井市,あまりそうは思わない,賑わっているのは福井駅周辺のみ,あまりそうは思わない,生活が向上している実感は湧かない。,ややそう思う,福井を知らない人には体感できる機会とはなった。,そう思う,,ややそう思う,景観や自然の保護・保全が可能ならば。,どちらともいえない,箱もの観光では限界があり、飽きられてしまう。,どちらかと言えば好ましい,オーバーツーリズムにならぬよう願う。,"観光客の消費によって飲食業や宿泊業が潤う, まちに賑わいが生まれる, 地域の知名度が上がる, 観光客との交流が生まれる, 歴史文化資源の保存活用につながる, ガイドなど市民参加の場が広がる",,"騒音やごみの増加, 交通渋滞や路上駐車などの交通環境の悪化, 自然破壊, 日常生活に影響が出るほどの不安",,"観光スポットを結ぶ交通機関, 観光スポットの案内板や標識（多言語表示）, トイレ・休憩所等の整備及びユニバーサル化, 観光イベント, 障害者や高齢者への配慮（バリアフリー）, 飲食施設, 宿泊施設、土産物屋, 体験施設",1,3,,6,,5,,60～69歳,男性
福井市,とてもそう思う,福井駅前に賑わいができた。再開発が進んだ影響も大きいと感じる。,そう思う,福井駅前に出かけることが増えた,そう思う,日常生活では、福井駅前のイベントなどに行くことも増えたため,そう思う,観光客が来ることで、街が発展すると思うから,とてもそう思う,,どちらともいえない,まだまだ宣伝不足だと思う,好ましい,福井の活性化に繋がるから,"観光客の消費によって飲食業や宿泊業が潤う, まちに賑わいが生まれる, 波及効果により他の地場産業が活気づく, 地域の知名度が上がる, 歴史文化資源の保存活用につながる, 移住・定住のきっかけとなる",,"自然破壊, 治安の悪化",,"観光スポットを結ぶ交通機関, 観光マップやパンフレット, 飲食施設, 宿泊施設、土産物屋, 体験施設",3,4,,7,,7,,40～49歳,女性
坂井市,ややそう思う,芝政ワールドとかあるから！でもCMが夏によく見るイメージ。ほかの季節は少ないイメージがあるからどうかな？,全くそうは思わない,特に何も変わらない,そう思う,知事をはじめ、インスタグラマーさんとかが福井を発信してくれてるから,とてもそう思う,,とてもそう思う,福井がもっと賑やかになってほしい,評価している,みんな発信頑張っている,どちらかと言えば好ましい,人が増えると、いろんな感染症などが発症しやすくなりそう,"観光客の消費によって飲食業や宿泊業が潤う, まちに賑わいが生まれる, 波及効果により他の地場産業が活気づく, 地域の知名度が上がる, 移住・定住のきっかけとなる",,"騒音やごみの増加, 交通渋滞や路上駐車などの交通環境の悪化, 自然破壊, 治安の悪化, 日常生活に影響が出るほどの不安",,"観光スポットを結ぶ交通機関, 観光スポットの案内板や標識（多言語表示）, トイレ・休憩所等の整備及びユニバーサル化, 観光イベント, 障害者や高齢者への配慮（バリアフリー）, 観光マップやパンフレット, 飲食施設, 宿泊施設、土産物屋, 駐車場, 体験施設",4,4,,8,,5,,30～39歳,女性
越前市,ややそう思う,観光産業が豊かになるから,ややそう思う,東京に行く手段が増えたから,そう思う,県にとって利があると考えられるから,とてもそう思う,まだまだ知られていない観光地があると思うから,とてもそう思う,観光産業はこれから伸びると考えられるから,どちらかといえば評価している,全国放送で福井がよく出るようになったから,どちらかと言えば好ましい,福井に利が生まれる,"観光客の消費によって飲食業や宿泊業が潤う, 波及効果により他の地場産業が活気づく, 地域の知名度が上がる",,治安の悪化,外国人による犯罪の拠点となりうるから,"観光スポットを結ぶ交通機関, 観光イベント",3,3,あまり自信が持てない,5,何とも言えない,5,先が見えない,50～59歳,男性
福井市,とてもそう思う,東京まで行くのに、乗り換えしなくても行けるようになり楽になった,とてもそう思う,,そう思う,,とてもそう思う,福井の事をもっと知って欲しいから,そう思う,まだまだ発展するには、足りない気がする,どちらかといえば評価している,,好ましい,,"観光客の消費によって飲食業や宿泊業が潤う, まちに賑わいが生まれる, 地域の知名度が上がる",,特に心配はない,,"観光スポットを結ぶ交通機関, 観光イベント, 観光マップやパンフレット, 飲食施設, 宿泊施設、土産物屋, 体験施設",3,3,,7,,7,,50～59歳,女性
鯖江市,あまりそうは思わない,東京や軽井沢など福井市やタケフ市からは行きやすいが鯖江からは特にメリットがあるわけではない（差し引きたけふから乗車すれば乗り換えなしで便利ですが）。関西へ行くには不便を感じるようになったため。,そう思う,東京や軽井沢へは福井やたけふからは乗り換えがいらないから。時短だし。それに福井駅前が栄えたので福井駅前へ行く機会が多くなった。,そう思う,福井駅周辺が活性化したおかげで遊び場もおおくなったし、何より福井の知名度が高くなったのではないかな。我が家にとっては障がい児がいるため、駅前周辺にインクルーシブな場所が増えたので助かっている。,とてもそう思う,福井の経済が活発になれば産業も栄える、自営業者としてはありがたい。福祉もサポートが厚くなる予感がする。,とてもそう思う,観光地が増えると医療的ケア児も生きやすい街つくりに発展すると思う。,とても評価している,鯖江にもイベントが多く開催されていると思う,とても好ましい,東京行きの新幹線が増えたり、福井中心部にホテルや芦原などに旅館か増えたりすると思う。オシャレな飲食店や車椅子でも入りやすい店舗が増える。,"観光客の消費によって飲食業や宿泊業が潤う, まちに賑わいが生まれる, 波及効果により他の地場産業が活気づく, 地域の知名度が上がる, 移住・定住のきっかけとなる, ガイドなど市民参加の場が広がる, 特に効果は期待できない",障がい児と旅行するのにも県内の観光地でも十分に楽しめる,特に心配はない,福井は観光地が分散されているので渋滞なども心配ないと思う。,"観光スポットを結ぶ交通機関, トイレ・休憩所等の整備及びユニバーサル化, 観光イベント, 障害者や高齢者への配慮（バリアフリー）, 飲食施設, 宿泊施設、土産物屋",4,4,米、魚、水が美味しいのは福井の強みだと思う。回転寿司でさえ驚かられる。,8,特に生活に不満はないが、福祉や医療に地域差を感じる。,9,モデルとする県がたくさんあるので、福井もこれからどんどん取り入れていくのではないと思う,50～59歳,女性
福井市,ややそう思う,,あまりそうは思わない,,ややそう思う,,ややそう思う,,そう思う,,どちらかといえば評価している,,どちらともいえない,,"観光客の消費によって飲食業や宿泊業が潤う, まちに賑わいが生まれる, 波及効果により他の地場産業が活気づく, 歴史文化資源の保存活用につながる",,"騒音やごみの増加, 交通渋滞や路上駐車などの交通環境の悪化, 歴史文化資源の破壊, 自然破壊, 治安の悪化, 日常生活に影響が出るほどの不安",,"観光スポットを結ぶ交通機関, 観光スポットの案内板や標識（多言語表示）, トイレ・休憩所等の整備及びユニバーサル化, 観光イベント, 宿泊施設、土産物屋, 駐車場, 体験施設",3,3,,5,,5,,40～49歳,女性
坂井市,そう思う,来てくれた人が増えたと思う,そう思う,単身赴任なので、赴任先との行き来が便利になった,そう思う,福井に来やすくなり、経済効果はあるはず,そう思う,福井でお金を使って欲しいから,とてもそう思う,福井の今後の発展のためにそうなることが必要不可欠と思うから,どちらかといえば評価している,"福井のために頑張ってるのは伝わる
",好ましい,先述の福井の経済のため,"観光客の消費によって飲食業や宿泊業が潤う, まちに賑わいが生まれる, 波及効果により他の地場産業が活気づく",,"騒音やごみの増加, 交通渋滞や路上駐車などの交通環境の悪化, 歴史文化資源の破壊, 自然破壊, 治安の悪化",,"観光スポットを結ぶ交通機関, 観光スポットの案内板や標識（多言語表示）, トイレ・休憩所等の整備及びユニバーサル化, 観光イベント, 障害者や高齢者への配慮（バリアフリー）, 飲食施設, 宿泊施設、土産物屋, 駐車場",4,3,"恐竜以外の強い観光資源がほしいところ
カニ、海産物は高いし、他の県でもある",7,都会より不便は感じるが、人が少なくていいこともある,7,子供の高校通学が三国から不便でないか心配,40～49歳,男性
越前町,全くそうは思わない,,全くそうは思わない,,あまりそうは思わない,,ややそう思う,,ややそう思う,,どちらかと言えば評価していない,,どちらかと言えば好ましい,,観光客の消費によって飲食業や宿泊業が潤う,,騒音やごみの増加,,"トイレ・休憩所等の整備及びユニバーサル化, 観光イベント, 駐車場",3,3,,7,,8,,60～69歳,女性
福井市,そう思う,駅前のにぎわいを感じる,あまりそうは思わない,敦賀から関西方面の乗り継ぎが不便,ややそう思う,福井県の観光PRにより以前より福井の認知度が高まっているように思う,とてもそう思う,また来てほしいと思える県を目指したいから,とてもそう思う,魅力のあるものが沢山あるので全国にそれをどう発信し続けていくかが課題,どちらかといえば評価している,,とても好ましい,経済的効果が期待できる,"観光客の消費によって飲食業や宿泊業が潤う, まちに賑わいが生まれる, 波及効果により他の地場産業が活気づく, 地域の知名度が上がる",,"騒音やごみの増加, 交通渋滞や路上駐車などの交通環境の悪化",,"観光スポットを結ぶ交通機関, トイレ・休憩所等の整備及びユニバーサル化, 観光マップやパンフレット, 飲食施設, 宿泊施設、土産物屋, 体験施設",3,3,,7,,5,移動手段が車のため公共交通機関を使用する際地域的に不便,70歳以上,女性
福井市,とてもそう思う,観光客がたくさん来てくれる,とてもそう思う,関東方面の旅行が多くなった,とてもそう思う,,とてもそう思う,,とてもそう思う,,とても評価している,,好ましい,,"観光客の消費によって飲食業や宿泊業が潤う, まちに賑わいが生まれる, 地域の知名度が上がる",,"騒音やごみの増加, 交通渋滞や路上駐車などの交通環境の悪化, 治安の悪化",,"観光スポットを結ぶ交通機関, 観光イベント, 宿泊施設、土産物屋",3,4,,8,,8,,60～69歳,女性
高浜町,とてもそう思う,関東への交通利便性向上,そう思う,観光客が増え、町が活気が出る,とてもそう思う,少子化が進んでいるので、観光を期に移住してくれるかもしれないから,とてもそう思う,綺麗な海や自然を見てほしい,とてもそう思う,,とても評価している,,とても好ましい,,"観光客の消費によって飲食業や宿泊業が潤う, まちに賑わいが生まれる, 波及効果により他の地場産業が活気づく, 地域の知名度が上がる, 移住・定住のきっかけとなる",,騒音やごみの増加,,"観光スポットを結ぶ交通機関, トイレ・休憩所等の整備及びユニバーサル化, 観光イベント, 観光案内所、観光ガイド",5,4,子育て支援が手厚いから,10,子育て支援が手厚いから,10,災害が少なく、安心して暮らせるから,40～49歳,女性
福井市,あまりそうは思わない,大阪市と京都市へのアクセスが極端に悪化したため,全くそうは思わない,東京より大阪市に用件があるため,ややそう思う,経済効果があると思います,そう思う,福井県は素晴らしいと思うからです,そう思う,目的地にふさわしい場所があると思います,どちらかといえば評価している,尽力している姿を見たことがあります,好ましい,経済効果があるため,観光客の消費によって飲食業や宿泊業が潤う,,"騒音やごみの増加, 治安の悪化",,"観光スポットを結ぶ交通機関, 宿泊施設、土産物屋",5,5,,10,,10,,60～69歳,男性
福井市,全くそうは思わない,関西方面、名古屋方面への移動が大変になるだけ。福井嶺北の人達は、関西や名古屋方面に働きにいくことや、出張が多いと思う。北陸新幹線は金沢か福井市までで止めておくべきだった。,全くそうは思わない,,そうは思わない,,そうは思わない,何を持ってもてなすんですか？恐竜ですか？交通の便がとても悪く、恐竜博物館は激混み、こんなもので県外の友人が来ても、もてなせません！。海の幸とか、適当なこと言ってますが他県の方が値段、料理とも満足されているのではないでしょうか。食べログの口コミ見ればすぐわかる。,全くそうは思わない,,まったく評価していない,,どちらともいえない,,観光客の消費によって飲食業や宿泊業が潤う,,"騒音やごみの増加, 交通渋滞や路上駐車などの交通環境の悪化, 歴史文化資源の破壊, 治安の悪化",,"観光スポットを結ぶ交通機関, 障害者や高齢者への配慮（バリアフリー）, 駐車場",1,1,,0,,0,,40～49歳,女性
大野市,全くそうは思わない,大野市への電車の本数が少ないため観光客の少なさは変わらないと思う。,全くそうは思わない,福井市や敦賀市に行くのに電車・新幹線より車の方が早いし、お金もあまりかからない。,ややそう思う,,ややそう思う,,ややそう思う,,評価していない,,どちらかと言えば好ましい,,まちに賑わいが生まれる,,交通渋滞や路上駐車などの交通環境の悪化,,"観光イベント, 飲食施設, 宿泊施設、土産物屋",2,2,,7,,5,,30～39歳,男性
福井市,そう思う,東京には出やすくなったが、関西や名古屋へ行きづらくなった,あまりそうは思わない,東京よりも関西への用事の方が多いのに、関西へ行きづらくなった。,そう思う,観光地としてある程度栄えれば、企業などの誘致もしやすくなり、若者の流出も少しは止められるのではと思う。,そう思う,自分の育った故郷を良いところだと思って欲しい。実際良い所ではあると思う。,あまりそうは思わない,観光業は税収が少ないと聞くので、そこまで頑張らなくても良いのではと思うが、観光地としてある程度栄えていた方が街は明るくなるとも思うし…難しいところ…,どちらともいえない,よく知らない,好ましい,街が明るくなって良いと思う。,"観光客の消費によって飲食業や宿泊業が潤う, まちに賑わいが生まれる, 地域の知名度が上がる, 歴史文化資源の保存活用につながる, 移住・定住のきっかけとなる",,"騒音やごみの増加, 交通渋滞や路上駐車などの交通環境の悪化, 治安の悪化",,"観光スポットを結ぶ交通機関, 観光イベント",4,3,自宅は、海も山も1時間以内で遊びに行ける。大きな公園も30分圏内にいくつもある。子供を育てるにはとても良い環境。食べ物も美味しい。ただ、車がないとどこへも行けない。自動車免許のない方には福井はお勧めはできない。,9,子どもを自然の中でのびのびと育てられる。戸建てに住める。ただ、同じ資格の仕事でも、県外よりもかなり賃金が低い。一般家庭が余裕のある生活をするには夫婦でフルタイム共働きが必要だと感じる。,8,他県と比べ賃金は低いが、両親が近くにいるため子どもを見てもらえる。将来奨学金を借りさせずに、県外へ進学できるだけの教育費を用意しようと思うと夫婦でフルタイムで働くしかない。でも本当は自分で子供をみたい。,30～39歳,女性
敦賀市,とてもそう思う,,とてもそう思う,,とてもそう思う,,とてもそう思う,,とてもそう思う,,評価していない,,とても好ましい,,"観光客の消費によって飲食業や宿泊業が潤う, まちに賑わいが生まれる, 波及効果により他の地場産業が活気づく",,"交通渋滞や路上駐車などの交通環境の悪化, 治安の悪化",,"観光スポットを結ぶ交通機関, 観光マップやパンフレット, 飲食施設, 駐車場, 体験施設",4,2,,5,,4,,50～59歳,男性
福井市,ややそう思う,観光客が増える,ややそう思う,出張に行きやすい,あまりそうは思わない,,そう思う,福井には美味しい物がいっぱい有るから,そう思う,,どちらかといえば評価している,,好ましい,,"観光客の消費によって飲食業や宿泊業が潤う, まちに賑わいが生まれる, 地域の知名度が上がる",,特に心配はない,,"観光スポットを結ぶ交通機関, 観光イベント, 宿泊施設、土産物屋, 体験施設",3,3,,7,,7,,50～59歳,女性
越前市,ややそう思う,,あまりそうは思わない,,そう思う,,そう思う,,そう思う,,評価している,,好ましい,,"観光客の消費によって飲食業や宿泊業が潤う, まちに賑わいが生まれる, 地域の知名度が上がる",,交通渋滞や路上駐車などの交通環境の悪化,,"観光スポットを結ぶ交通機関, 観光スポットの案内板や標識（多言語表示）",1,3,,5,,5,,50～59歳,女性
敦賀市,ややそう思う,観光客の方が増えたと思う,ややそう思う,新しく開店する飲食店がある、閉店した店もあるが。,ややそう思う,福井は住みやすいと言われることはあるが、知名度の低い県なので,ややそう思う,敦賀は勝山の恐竜博物館とか三国の東尋坊とかこれありますと一推しのスポットはない。が、なにもないなぁ、アーケード街はシャッター閉まってるなぁと歩いていくと、赤い??のケイさんがある。こういうところが好きなので、歩いて見てほしいので。,ややそう思う,目的地になれなくても、金沢に来た人や琵琶湖に来た人が足を伸ばして見てほしいかな,どちらかといえば評価している,おぼろっくしたりして、若い人にも来てもらおうと努力してると思う,どちらかと言えば好ましい,福井を福岡や福島と間違える人が減ってほしい,"まちに賑わいが生まれる, 地域の知名度が上がる",,特に心配はない,,"観光スポットを結ぶ交通機関, トイレ・休憩所等の整備及びユニバーサル化, 障害者や高齢者への配慮（バリアフリー）",4,4,冬は雪掻きしないと行けないけど、住み続けて愛着ある,8,友だちもいるし、京阪神にはJR で行けるから,8,今住んでいるところは、徒歩圏内にスーパー、かかりつけ医、駅があるので、大丈夫かな,60～69歳,女性
福井市,そう思う,来訪者が増えた,ややそう思う,関東圏へのアクセスが便利になった,ややそう思う,来訪者が増えるのは良いが、マナーの悪い外国人が増えた気がする,ややそう思う,マナーの良い人が来るのは良い,そう思う,福井県の良いところを更に伝えて欲しい,どちらともいえない,"恐竜やカニだけでなく他もPRしなければ
",どちらともいえない,マナーの悪い外国人は来てほしくない,観光客の消費によって飲食業や宿泊業が潤う,福井県をアピールできる,"騒音やごみの増加, 交通渋滞や路上駐車などの交通環境の悪化, 歴史文化資源の破壊, 自然破壊, 治安の悪化",とくに外国人,"観光イベント, 駐車場",3,3,これといったものはない,7,のどかなところ,5,今より本当に良くなるか分からない,70歳以上,男性
福井市,とてもそう思う,北陸新幹線に乗るといつも満席だから。,とてもそう思う,次男が東京に居て何度も利用したから。,とてもそう思う,楽しそうな外国人旅行客の家族をよく見かけたから。,とてもそう思う,自然が豊かで魚も野菜も美味しい。,とてもそう思う,都心から泊まりに来た友だちもとても喜ぶから。,とても評価している,遊びに行った先であやかったことがあるから。,好ましい,魅力的な土地だから。,波及効果により他の地場産業が活気づく,住民票のある人間にも楽しめるスポットが増えた。,交通渋滞や路上駐車などの交通環境の悪化,主要道路の渋滞は気をつかう。,"観光スポットを結ぶ交通機関, 観光スポットの案内板や標識（多言語表示）, トイレ・休憩所等の整備及びユニバーサル化, 飲食施設, 宿泊施設、土産物屋, 駐車場",5,5,友だちが時々来たがるし、あちこち連れて行きたい場所がある。,8,高齢になった時は心配。,8,まだ若いが、その先がどうかなと思う。,50～59歳,女性
福井市,そう思う,観光客が増えた,あまりそうは思わない,,ややそう思う,,そう思う,,そう思う,,評価している,,好ましい,,"観光客の消費によって飲食業や宿泊業が潤う, 波及効果により他の地場産業が活気づく",,騒音やごみの増加,,"観光スポットの案内板や標識（多言語表示）, 観光マップやパンフレット, 駐車場",3,4,,9,,9,,70歳以上,女性
勝山市,そう思う,観光客の流入,ややそう思う,経済効果がある,そう思う,,そう思う,,そう思う,,どちらかといえば評価している,,好ましい,,"まちに賑わいが生まれる, 地域の知名度が上がる",,交通渋滞や路上駐車などの交通環境の悪化,,観光スポットを結ぶ交通機関,3,3,,5,,5,,40～49歳,女性
敦賀市,そう思う,来県者が増加する,ややそう思う,住んでいる街が活性化する,ややそう思う,外国人観光客がまだ少ないため,そう思う,,あまりそうは思わない,,どちらともいえない,,好ましい,,"観光客の消費によって飲食業や宿泊業が潤う, まちに賑わいが生まれる, 波及効果により他の地場産業が活気づく",,"騒音やごみの増加, 交通渋滞や路上駐車などの交通環境の悪化",,体験施設,3,3,,6,,5,,30～39歳,女性
福井市,ややそう思う,関東から来やすくなったため。,とてもそう思う,関東方面への旅行に行きやすくなったため。,とてもそう思う,観光業は県が潤う要素だと思うからです。,とてもそう思う,福井県が認知され皆が行きたいと思ってくれたら、福井県のブランド力が上がり、県民としては誇らしいことだからです。,とてもそう思う,問５と同じ理由です。,どちらかといえば評価している,観光振興の取り組みを全て把握出来ている訳ではないので全面的に評価しているとは言いきれないです。,とても好ましい,問５と同じ理由です。,"観光客の消費によって飲食業や宿泊業が潤う, まちに賑わいが生まれる, 波及効果により他の地場産業が活気づく, 地域の知名度が上がる, 移住・定住のきっかけとなる",,"騒音やごみの増加, 治安の悪化",,観光スポットを結ぶ交通機関,4,3,良い面も沢山ありますが、福井県は全体的に遅れている。都会には当然あるものがなさすぎる。なくてもカバーされていたら良いが若者にとっては厳しいかなと思います。,6,治安の良さ、人柄の良さ、車のマナーの良さ(一部の高齢者は除きます)、子育て環境等良い面も沢山あります。ただ、何においても選択肢が少ない。迷わなくて良いという点は良いかもですが...,6,問14と同じ理由です。,40～49歳,女性
小浜市,あまりそうは思わない,京都や大阪などはインバウンドが増加していてどこも混雑している。宿泊施設も高額になり、電車やバスも満員状態で存分に楽しめない。30年後の予想もつかないので、小浜市が関西と同様になるとは限らないが、全てを楽観的に受け止められない。,あまりそうは思わない,新幹線開業で生活が便利になったとか等の実感が無い。,ややそう思う,観光業者や飲食業者などには恩恵があると思うが、一般市民へは特に良い影響は無いのでは？,そう思う,観光客優先ではなく、地元民ファーストにも配慮が必要だと思う。,そう思う,観光客には福井県の良さを感じてほしいと思う一方で、道路整備や交通標識などが不足している部分は感じる。地元民の安全の確保、文化財の尊重などを意識づけしてほしい。,どちらともいえない,ムダが多いと感じる,どちらかと言えば好ましい,,"観光客の消費によって飲食業や宿泊業が潤う, 波及効果により他の地場産業が活気づく, 歴史文化資源の保存活用につながる",,"騒音やごみの増加, 交通渋滞や路上駐車などの交通環境の悪化, 歴史文化資源の破壊, 自然破壊, 治安の悪化, 日常生活に影響が出るほどの不安",,"観光スポットを結ぶ交通機関, 観光スポットの案内板や標識（多言語表示）, 観光案内所、観光ガイド, 駐車場",3,2,,2,,2,,60～69歳,女性
福井市,ややそう思う,駅前の人が増えた,そう思う,活気が出てきた,そう思う,外人も増えた,ややそう思う,観光地のインフラは良くない,そう思う,,どちらかといえば評価している,,好ましい,もっと外人が来てほしい,まちに賑わいが生まれる,,治安の悪化,,観光スポットを結ぶ交通機関,4,4,,9,,8,,50～59歳,男性
福井市,とてもそう思う,敦賀も福井も駅前の商業施設が増え、人も増えて賑わうようになった,そう思う,駅前での飲み会などの交流が増えた,とてもそう思う,県外からの来福が増え…,とてもそう思う,経済が活性化すると思われる,そう思う,県外から来てもらわないと発展がない,どちらともいえない,"観光振興されている様子があまりみられない。
実感がない",とても好ましい,経済がまわる,"観光客の消費によって飲食業や宿泊業が潤う, まちに賑わいが生まれる, 波及効果により他の地場産業が活気づく",そのまま,特に心配はない,記述されている心配より、経済効果のほうが上回ると思われる,"観光スポットを結ぶ交通機関, トイレ・休憩所等の整備及びユニバーサル化, 観光マップやパンフレット, 飲食施設, 宿泊施設、土産物屋",2,2,お勧めできるものがない,5,福井県に住んでいるからといって、不幸や幸福を感じていない,5,福井県だからといって、不幸屋幸せを感じていない,50～59歳,男性
福井市,あまりそうは思わない,インバウンドが他県に比べて見受けられない,ややそう思う,東京に行くのに便利,ややそう思う,経済効果,ややそう思う,上記と同じで経済効果への期待,ややそう思う,経済効果への期待,評価していない,現状恩恵がみえないから,どちらかと言えば好ましい,経済効果,波及効果により他の地場産業が活気づく,,治安の悪化,,"トイレ・休憩所等の整備及びユニバーサル化, 宿泊施設、土産物屋",2,2,,6,,5,,50～59歳,男性
あわら市,そう思う,"あわら温泉の街中に、県外からの旅行者っぽい方が増えた感じがある！
オタ活繋がりの人が、あわらに行きやすくなった！と行っていた♪
関東の親戚や東京の娘が、我が家に来やすくなった笑",とてもそう思う,"東京に行きやすくなった！（JRおとなびが無くなったのは残念…）
関西方面は乗り継ぎが発生して少し面倒だが、敦賀トンネルが新幹線だと早く抜けるのが良い笑
乗り継ぎは年配者や体の不自由な人には、やっぱり大変な様子…",そうは思わない,"マナーが悪い感じは今はそれほどなく、むしろ観光客が増えることでのお店や街の賑わいが嬉しいと思う。
観光客が増えれば、地元の交通機関も潤うきっかけになるのではないだろうか。
福井は地元民にとっても交通機関が不便なので、観光客はもっと不便だと思う。",とてもそう思う,福井県を選んで来てくれる事は素直に嬉しいので！,ややそう思う,目的地、旅先であってくれるのは望ましいけど、観光客へのアピールは大切だが、まずは住み良い福井県になる（地域インフラ）事を住人としては望む！,どちらかといえば評価している,"私の地域でも知名度を上げたり集客に繋がるイベントを行っているが、それが街の活性化になっているとは言い難い…
ただ、県、市含め、観光振興をする事は、続けて欲しいと感じる。",とても好ましい,県、市、街が賑わい、潤うので！,"観光客の消費によって飲食業や宿泊業が潤う, まちに賑わいが生まれる, 波及効果により他の地場産業が活気づく, 歴史文化資源の保存活用につながる",,"騒音やごみの増加, 交通渋滞や路上駐車などの交通環境の悪化",,"観光スポットを結ぶ交通機関, 観光スポットの案内板や標識（多言語表示）, トイレ・休憩所等の整備及びユニバーサル化, 障害者や高齢者への配慮（バリアフリー）, 観光マップやパンフレット, 飲食施設, 宿泊施設、土産物屋, 観光案内所、観光ガイド, その他",4,2,"小学校は休校という名の廃校。
年寄りは免許返納がなかなかできない。
（交通手段が乏しすぎる！）
自然豊かで人もあたたかく大好きだが、若い人が少ないために、地域での負担ごとが多い。",7,"福井県での暮らしは、自然や人の温かさを感じて、すごく良いと思う。
子どもの成長にも！
ただ、交通機関の不自由さは否めなく、特に私の住む地域は、自家用車（自分で運転）がなければ、本当に住んでいけない。
現在、免許返納した母は自由に出かけること（通院含む）は出来にくいし（市の乗合タクシーはなかなか不自由…）、送迎する家族の負担も大きい。
高校生の子どもがいた時は、送り迎えの不自由さで転職もしている。",6,"福井県での暮らしは、若い頃や子ももにとっては良いと思う。
先に述べたように交通機関の不自由さは、年を重ねる毎に幸せから遠のくきっかけになると思う。
自分が年をとったり、体が不自由になった時に運転しなくなることを考えると、福井を出たい気持ちは強くある！",50～59歳,女性
越前市,とてもそう思う,越前市には新幹線の駅ができたから,そう思う,敦賀駅周辺の意識が高まった,そう思う,観光客が増えてお金が動くから,ややそう思う,潤ってほしいが、観光客によるマナー違反でゴミが増えたり治安が悪化することもあるかと思う,そう思う,都会にはない静かで綺麗な町が多いから,どちらかといえば評価している,福井に住んでいると、どのように誘致を頑張っているか見えない部分も多いので、メディアで紹介してほしい,どちらかと言えば好ましい,"マナー違反がなければ歓迎したい
福井県民も観光地に行きたいので、カレンダーの休日が、いつも観光客で混むのは残念","観光客の消費によって飲食業や宿泊業が潤う, まちに賑わいが生まれる, 波及効果により他の地場産業が活気づく, 地域の知名度が上がる, 歴史文化資源の保存活用につながる, 移住・定住のきっかけとなる",伝統工芸等の後継者問題の解決につながるといいと思う,"騒音やごみの増加, 交通渋滞や路上駐車などの交通環境の悪化, 治安の悪化",県外ナンバーの車両が増えたように思う。,"観光スポットを結ぶ交通機関, トイレ・休憩所等の整備及びユニバーサル化",4,3,おすすめしたいところもあるし、そうでないところもある,8,子育て中なので、子供に関する支援が手厚いなと感じます,8,今と変わってないと思う,30～39歳,女性
福井市,ややそう思う,東京から、来安くなった,あまりそうは思わない,新幹線を使わないから,そう思う,悪い影響が思いつかない,そう思う,楽しんで欲しい,そう思う,恐竜博物館見てほしい,どちらともいえない,よく分からない,好ましい,活性化して欲しいから,"観光客の消費によって飲食業や宿泊業が潤う, まちに賑わいが生まれる",駅前がまだまださみしい,交通渋滞や路上駐車などの交通環境の悪化,駅近くに住んでるから、アリーナが出来たら更に混みそう,"観光イベント, 宿泊施設、土産物屋, 駐車場, 体験施設",3,4,嫁に来たから、愛着はうすい,8,特に不幸とは感じないが、都会ならもっと劇場など芸術に触れる機会があると思うから,8,子供の就職の不安がある,50～59歳,女性
勝山市,あまりそうは思わない,,あまりそうは思わない,,あまりそうは思わない,,ややそう思う,,ややそう思う,,どちらかといえば評価している,,どちらともいえない,,まちに賑わいが生まれる,,治安の悪化,,"観光スポットを結ぶ交通機関, 飲食施設",4,4,,7,,6,,30～39歳,男性
あわら市,そう思う,芦原温泉目的に来られる観光客が増えると思うから,あまりそうは思わない,関西圏に行くことが多く、あまり影響ない,そう思う,全国的にも知名度が上がっているように思うから,そう思う,観光地に近いこともある,ややそう思う,賑わうのは嬉しいが、人口減は続いている,評価している,観光客向けのイベントなども多い,好ましい,,"観光客の消費によって飲食業や宿泊業が潤う, まちに賑わいが生まれる, 波及効果により他の地場産業が活気づく, 地域の知名度が上がる, 観光客との交流が生まれる, 歴史文化資源の保存活用につながる, ガイドなど市民参加の場が広がる",,特に心配はない,,"観光スポットを結ぶ交通機関, 観光スポットの案内板や標識（多言語表示）, 観光案内所、観光ガイド",4,4,,7,,7,,60～69歳,女性
坂井市,とてもそう思う,坂井市は東尋坊という観光地を持っているから,そう思う,観光客が増えて税収が増えれば我々にも還元されるはず,とてもそう思う,オーバーツーリズムにはならないから,とてもそう思う,福井県を楽しみ愛でてもらうのは、我々の生活の質の向上にもつながるから,とてもそう思う,東尋坊、丸岡城、永平寺、恐竜博物館などなど、まだまだ福井県の魅力ある観光地があるから,どちらともいえない,過去の踏襲で新しさがない,とても好ましい,税収が増える,"観光客の消費によって飲食業や宿泊業が潤う, まちに賑わいが生まれる, 波及効果により他の地場産業が活気づく, 地域の知名度が上がる, 観光客との交流が生まれる, 歴史文化資源の保存活用につながる",,特に心配はない,,"観光スポットを結ぶ交通機関, トイレ・休憩所等の整備及びユニバーサル化, 観光イベント, 宿泊施設、土産物屋, 観光案内所、観光ガイド",5,5,世界に誇れる名所がたくさんある,5,可もなく不可もない県,5,可もなく不可もない県,50～59歳,男性
福井市,とてもそう思う,,あまりそうは思わない,サンダーバードがなくなって少し不便,全くそうは思わない,,とてもそう思う,,とてもそう思う,,とても評価している,,とても好ましい,,"観光客の消費によって飲食業や宿泊業が潤う, まちに賑わいが生まれる, 波及効果により他の地場産業が活気づく, 地域の知名度が上がる, 歴史文化資源の保存活用につながる",,"騒音やごみの増加, 交通渋滞や路上駐車などの交通環境の悪化, 歴史文化資源の破壊, 治安の悪化",,"観光スポットを結ぶ交通機関, 観光スポットの案内板や標識（多言語表示）, トイレ・休憩所等の整備及びユニバーサル化, 観光イベント, 障害者や高齢者への配慮（バリアフリー）, 観光マップやパンフレット, 飲食施設, 宿泊施設、土産物屋, 観光案内所、観光ガイド, 駐車場, 体験施設",1,5,,10,,10,,30～39歳,女性
美浜町,あまりそうは思わない,敦賀市からは交通の便が悪いです。,あまりそうは思わない,何も変わらないです。,ややそう思う,町が賑やかになります。,ややそう思う,マナーの良いお客さんは良いです。,そう思う,理由はわからないです。,どちらともいえない,まだまだ課題があります。,好ましい,マナーの良いお客さんは良いです。,"観光客の消費によって飲食業や宿泊業が潤う, まちに賑わいが生まれる, 地域の知名度が上がる, 移住・定住のきっかけとなる",,"騒音やごみの増加, 治安の悪化",,"観光スポットを結ぶ交通機関, トイレ・休憩所等の整備及びユニバーサル化, 障害者や高齢者への配慮（バリアフリー）, 宿泊施設、土産物屋",4,2,人口減少してます。,8,災害などないからです。,8,特に理由はわからないです。,～19歳,男性
越前市,ややそう思う,金沢に行く機会が，多いため時間短縮と乗り心地が良い,ややそう思う,,ややそう思う,,そう思う,福井の良さを、1人でも多く知って欲しい,ややそう思う,自然破壊や、ゴミ問題、治安に配慮した上での観光は、ウェルカム,どちらかといえば評価している,,どちらかと言えば好ましい,問い6,"観光客の消費によって飲食業や宿泊業が潤う, まちに賑わいが生まれる, 地域の知名度が上がる, ガイドなど市民参加の場が広がる",,"騒音やごみの増加, 交通渋滞や路上駐車などの交通環境の悪化, 歴史文化資源の破壊, 自然破壊, 治安の悪化, 日常生活に影響が出るほどの不安",他県の観光地での問題から,"観光スポットを結ぶ交通機関, 観光スポットの案内板や標識（多言語表示）, トイレ・休憩所等の整備及びユニバーサル化, 障害者や高齢者への配慮（バリアフリー）, 観光マップやパンフレット, 宿泊施設、土産物屋, 観光案内所、観光ガイド, 駐車場",3,3,,8,,5,歳を重ねるから,60～69歳,女性
大野市,あまりそうは思わない,遠い,ややそう思う,,そう思う,,そう思う,,そう思う,,どちらかといえば評価している,,どちらかと言えば好ましい,,"観光客の消費によって飲食業や宿泊業が潤う, 地域の知名度が上がる, 観光客との交流が生まれる, 歴史文化資源の保存活用につながる",,"騒音やごみの増加, 交通渋滞や路上駐車などの交通環境の悪化, 歴史文化資源の破壊, 自然破壊, 治安の悪化",,"観光スポットを結ぶ交通機関, 観光スポットの案内板や標識（多言語表示）, トイレ・休憩所等の整備及びユニバーサル化, 観光イベント, 障害者や高齢者への配慮（バリアフリー）, 駐車場",4,4,,7,,7,,50～59歳,男性
敦賀市,ややそう思う,街が活性化する,あまりそうは思わない,あまり生活面で影響はなさそう,ややそう思う,悪い影響があまり思いつかない,そう思う,観光客に来てもらえると、地域が活性化する,そう思う,地域活性化のため,どちらともいえない,どのような取り組みをしているか知らない,好ましい,適度に増える分にはいいことだと思う。,"観光客の消費によって飲食業や宿泊業が潤う, まちに賑わいが生まれる, 波及効果により他の地場産業が活気づく, 移住・定住のきっかけとなる",,"騒音やごみの増加, 交通渋滞や路上駐車などの交通環境の悪化, 治安の悪化, 日常生活に影響が出るほどの不安",,"観光スポットを結ぶ交通機関, 観光スポットの案内板や標識（多言語表示）, トイレ・休憩所等の整備及びユニバーサル化, 観光イベント, 飲食施設, 宿泊施設、土産物屋, 駐車場, 体験施設",4,2,,6,,5,,40～49歳,女性
越前町,あまりそうは思わない,,そうは思わない,,あまりそうは思わない,,ややそう思う,,あまりそうは思わない,,どちらともいえない,,どちらともいえない,,特に効果は期待できない,,"騒音やごみの増加, 治安の悪化",,その他,1,2,,5,,3,,40～49歳,男性
敦賀市,とてもそう思う,観光客が増えたから,とてもそう思う,東京に乗り換えなしで行けるから,とてもそう思う,福井県は知名度が比較的低い県だと思うので、観光で知ってもらうのは良いことだと思うので,とてもそう思う,自分が他県を訪れた時、歓迎されていると嬉しいので,とてもそう思う,福井県を知って好きになってもらえれば、ふるさと納税も増えて各市町(県)のためにもなると思うので,どちらかといえば評価している,"私は長野県出身なのですが、友人や家族が敦賀のことを前よりよく知っているようになったと思うので
反面、岡山に住む夫の両親はそれほどではないので、新幹線開通関係以外ではまだまだPRされてないと感じるので",好ましい,街に活気が出ると思うが、京都のように極端に増えて生活に支障が出るのは困る,"観光客の消費によって飲食業や宿泊業が潤う, まちに賑わいが生まれる, 波及効果により他の地場産業が活気づく, 地域の知名度が上がる, 歴史文化資源の保存活用につながる, 移住・定住のきっかけとなる",,"騒音やごみの増加, 交通渋滞や路上駐車などの交通環境の悪化, 治安の悪化, その他",とても気に入られて特に外国人移住者が増え、チャイナタウンのようなものができるのは絶対に嫌なので,"観光スポットを結ぶ交通機関, 飲食施設, 宿泊施設、土産物屋, 体験施設, その他",3,3,遊びに来た友人や家族に、三方五湖はオススメするが、敦賀市ではないので,5,湿度が高すぎる、雪が多すぎる、ショッピングモールが近くに無い、など不満があるので,7,物欲が減ってきたので、ショッピングモールが無くても不満に思わなくなると思うから,50～59歳,女性
あわら市,そう思う,関東方面からの観光客が増えた,あまりそうは思わない,電車での愛知方面への移動が不便になった,そう思う,観光客が増えた,とてもそう思う,福井県をもっとアピールしたいから,とてもそう思う,"福井に宿泊してもらい、もっと
観光地が発展できれば！",評価している,"あわら温泉の宿が、ランキングで
選ばれている",とても好ましい,街の活性化,"観光客の消費によって飲食業や宿泊業が潤う, まちに賑わいが生まれる, 地域の知名度が上がる, 移住・定住のきっかけとなる",観光客が消費してくれると潤う,特に心配はない,,"観光スポットを結ぶ交通機関, トイレ・休憩所等の整備及びユニバーサル化, 観光マップやパンフレット, 宿泊施設、土産物屋",2,4,独自のお祭りなども開催している,7,家族が皆　健康で暮らせている,7,平穏に変わりなく生活できてると思うから,60～69歳,女性
大野市,ややそう思う,,そう思う,東京方面へ行く際に便利になったから,とてもそう思う,,とてもそう思う,,とてもそう思う,,評価している,,とても好ましい,,"観光客の消費によって飲食業や宿泊業が潤う, まちに賑わいが生まれる, 波及効果により他の地場産業が活気づく, 地域の知名度が上がる, 歴史文化資源の保存活用につながる, 移住・定住のきっかけとなる, ガイドなど市民参加の場が広がる",,"騒音やごみの増加, 交通渋滞や路上駐車などの交通環境の悪化",,"観光スポットを結ぶ交通機関, 観光スポットの案内板や標識（多言語表示）, トイレ・休憩所等の整備及びユニバーサル化, 観光イベント, 障害者や高齢者への配慮（バリアフリー）, 観光マップやパンフレット, 飲食施設, 宿泊施設、土産物屋, 観光案内所、観光ガイド, 駐車場, 体験施設",5,4,,10,,10,,30～39歳,女性
池田町,あまりそうは思わない,電車が通っていない。車でないと来られない。,そう思う,関東へ出やすくなった。友人にも、新幹線一本でとと伝えることができる。,そう思う,福井県内産業創出で、雇用が生まれれば人口減少への一手になるから,そう思う,もともと、県外出身だからこそ福井の魅力を伝えることができるから。,そう思う,山、川、海、美味しいごはん、華美でなくても日本のあたりまえがあるから,どちらかといえば評価している,,どちらかと言えば好ましい,,"観光客の消費によって飲食業や宿泊業が潤う, まちに賑わいが生まれる, 波及効果により他の地場産業が活気づく, 地域の知名度が上がる, 観光客との交流が生まれる",,"騒音やごみの増加, 交通渋滞や路上駐車などの交通環境の悪化, 治安の悪化",,"観光スポットを結ぶ交通機関, 観光スポットの案内板や標識（多言語表示）, トイレ・休憩所等の整備及びユニバーサル化, 観光イベント, 障害者や高齢者への配慮（バリアフリー）, 観光マップやパンフレット, 飲食施設, 宿泊施設、土産物屋, 観光案内所、観光ガイド, 駐車場, 体験施設",3,4,,5,,5,,30～39歳,男性
大野市,あまりそうは思わない,観光客が大野を訪ねているとは思われ無い,とてもそう思う,私が東京方面に行く場合に大変都合が良かった,ややそう思う,観光客も程々が良い。環境が悪くならない程度がよい。,あまりそうは思わない,観光客が問題では無いと思いますが、国道沿いに捨てられているペットボトルや買い物袋などのゴミをよく見かけが心が痛む,そう思う,大切な収入源になっていると思うから,評価している,,どちらともいえない,やはり、環境の悪化,"観光客の消費によって飲食業や宿泊業が潤う, 観光客との交流が生まれる, 歴史文化資源の保存活用につながる, 移住・定住のきっかけとなる",,"騒音やごみの増加, 交通渋滞や路上駐車などの交通環境の悪化, 歴史文化資源の破壊, 自然破壊, 治安の悪化, 日常生活に影響が出るほどの不安",,"観光スポットを結ぶ交通機関, 観光スポットの案内板や標識（多言語表示）, トイレ・休憩所等の整備及びユニバーサル化, 観光イベント, 障害者や高齢者への配慮（バリアフリー）, 観光マップやパンフレット, 飲食施設, 宿泊施設、土産物屋, 観光案内所、観光ガイド, 駐車場, 体験施設",1,3,,10,,10,,60～69歳,男性
福井市,そう思う,県外の友人が来る頻度が増えた,あまりそうは思わない,家族の家に遊びに行く（関西方面）が、新幹線開業前の方が乗り換えがなく楽だった。,そう思う,観光客が増えれば、財政的にもさらに豊かな県になると思う,そう思う,自宅の部屋に空きがあるため、民泊に興味があるが他人を泊めるのはやはり抵抗がある。,とてもそう思う,食べ物が美味しい。,評価している,いろんなパンフレットを目にする機会が増えたから。,好ましい,観光業が儲かると、財政的にも潤うと思うから。,"観光客の消費によって飲食業や宿泊業が潤う, 移住・定住のきっかけとなる",,"騒音やごみの増加, 治安の悪化",,観光スポットを結ぶ交通機関,2,4,そばやソースカツ丼は県外の友人に案内すると、どれも喜ばれるため「食」は福井の観光では魅力になると思う。,7,車社会が自分には合っているため,4,歳を重ねると、クルマでの移動が厳しくなるため福井で老後暮らすことには不安しかない。転居も検討中。,40～49歳,女性
敦賀市,ややそう思う,駅前の人通りが、やや増えて、やや活気が出た,あまりそうは思わない,それほど変わらない,そうは思わない,観光客が、増え、店舗が潤う,あまりそうは思わない,ちょっと鬱陶しい,ややそう思う,地域経済のため,どちらかといえば評価している,色々工夫して取り組んでいるようだ,どちらともいえない,良い面、悪い面色々ある,"観光客の消費によって飲食業や宿泊業が潤う, 波及効果により他の地場産業が活気づく",,"騒音やごみの増加, 交通渋滞や路上駐車などの交通環境の悪化",,"飲食施設, その他",1,2,取り立てて無いかも,7,もう少し、街化が欲しい,6,歳を重ね、やや低下かも,60～69歳,男性
越前市,全くそうは思わない,越前武生駅が遠いし駐車場が満杯,全くそうは思わない,,とてもそう思う,,とてもそう思う,,とてもそう思う,,とても評価している,,とても好ましい,,"観光客の消費によって飲食業や宿泊業が潤う, まちに賑わいが生まれる, 波及効果により他の地場産業が活気づく",,"騒音やごみの増加, 交通渋滞や路上駐車などの交通環境の悪化",,"観光スポットを結ぶ交通機関, 観光スポットの案内板や標識（多言語表示）, トイレ・休憩所等の整備及びユニバーサル化, 観光イベント, 飲食施設, 宿泊施設、土産物屋, 観光案内所、観光ガイド",2,3,,7,,7,,60～69歳,男性
南越前町,ややそう思う,関東方面から観光客が来やすくなった,そう思う,東京への移動が楽になった,そう思う,関東からの流入が増えたと感じるから,そう思う,,ややそう思う,,どちらかといえば評価している,,好ましい,,"観光客の消費によって飲食業や宿泊業が潤う, 波及効果により他の地場産業が活気づく, 移住・定住のきっかけとなる",,騒音やごみの増加,,"観光スポットを結ぶ交通機関, 観光スポットの案内板や標識（多言語表示）, トイレ・休憩所等の整備及びユニバーサル化, 宿泊施設、土産物屋, 観光案内所、観光ガイド",4,4,,9,,8,,50～59歳,男性
越前市,あまりそうは思わない,"越前たけふ駅周辺のこの先の開発が見えない
観光地や市内へのアクセスが整っていない",ややそう思う,旅行や移動が便利になった,そう思う,今後の発展に期待がもてる,そう思う,福井県に対し多くの人がリピーターになってほしい,そう思う,観光地が沢山あるから,どちらかと言えば評価していない,"福井の人はPR活動が下手だと思う
他県は予算やそのPRスタッフなど多くの人が活発に活動をしている様に感じます",どちらかと言えば好ましい,"よく問題になっているマナーがあります
観光地が荒らされない程度ならいいですね","観光客の消費によって飲食業や宿泊業が潤う, まちに賑わいが生まれる, 移住・定住のきっかけとなる",,"騒音やごみの増加, 交通渋滞や路上駐車などの交通環境の悪化",,"観光スポットを結ぶ交通機関, 観光スポットの案内板や標識（多言語表示）, 飲食施設, 宿泊施設、土産物屋, 駐車場",4,2,"私自身観光地域への理解度が薄い
観光地への標識がバラバラで統一されていない
古くなっても改定されていないし途中でなくなっている物もある",8,災害が少ない,5,人口減少が進む,70歳以上,男性
越前町,ややそう思う,越前町（浜の方）には、人が増えたと、思います,あまりそうは思わない,関西方面の方が行く回数が、多いから,あまりそうは思わない,,ややそう思う,,そう思う,,どちらかといえば評価している,"観光協会が、いろいろクーポンとか
だしている",好ましい,"浜のイベント時
売上とかある為","観光客の消費によって飲食業や宿泊業が潤う, 移住・定住のきっかけとなる",,"騒音やごみの増加, 交通渋滞や路上駐車などの交通環境の悪化",,"観光スポットを結ぶ交通機関, 飲食施設",3,3,,4,,5,,50～59歳,女性
福井市,ややそう思う,関東方面からの観光は増えたと思う,ややそう思う,自分にはたいして影響ない,そう思う,マナーの悪い外国人を除けば、メリットしかないと思う,そう思う,経済効果があるから,そう思う,それ以外、発展する方法がない,どちらかといえば評価している,恐竜を前面に出して頑張っている,どちらかと言えば好ましい,マナーの悪い観光客が稀にいるけど、そうでなければいいと思う,"観光客の消費によって飲食業や宿泊業が潤う, まちに賑わいが生まれる, 波及効果により他の地場産業が活気づく, 地域の知名度が上がる, 移住・定住のきっかけとなる",,"騒音やごみの増加, 交通渋滞や路上駐車などの交通環境の悪化, 歴史文化資源の破壊, 自然破壊, 治安の悪化",,"観光スポットを結ぶ交通機関, 観光イベント, 体験施設",2,3,自然豊かで穏やかなところは勧められるが、大型デパートなど少なくて勧めにくい,7,夜9時以降はバスがなくなるので、帰れない,5,"とにかく車社会なので、将来免許返納したら、買い物や移動が不便すぎる
タクシーを定額で利用できるようにしてほしい",50～59歳,女性
福井市,とてもそう思う,時間短縮で、観光客が増えたと思う。,そう思う,新幹線ができて、旅行が行きやすくなった,そう思う,なんとなく,そう思う,,そう思う,多くの人が行き来出来ると活気があると思うから,どちらともいえない,,好ましい,,まちに賑わいが生まれる,,"騒音やごみの増加, 歴史文化資源の破壊, 自然破壊",,"観光スポットを結ぶ交通機関, 観光スポットの案内板や標識（多言語表示）, トイレ・休憩所等の整備及びユニバーサル化, 観光マップやパンフレット, 駐車場",2,2,,5,,5,わからない,60～69歳,女性
坂井市,ややそう思う,乗り換えなく便利になったから,あまりそうは思わない,関西方面が不便になった,そう思う,,とてもそう思う,,とてもそう思う,,どちらともいえない,,とても好ましい,活性化につながる,"観光客の消費によって飲食業や宿泊業が潤う, まちに賑わいが生まれる, 波及効果により他の地場産業が活気づく, 地域の知名度が上がる, 観光客との交流が生まれる, 歴史文化資源の保存活用につながる, 移住・定住のきっかけとなる",,特に心配はない,,"観光スポットを結ぶ交通機関, 観光スポットの案内板や標識（多言語表示）, トイレ・休憩所等の整備及びユニバーサル化, 観光イベント, 障害者や高齢者への配慮（バリアフリー）, 観光マップやパンフレット, 飲食施設, 宿泊施設、土産物屋, 観光案内所、観光ガイド, 駐車場, 体験施設",3,3,,9,,9,,50～59歳,女性
小浜市,ややそう思う,観光客の増加や福井県全体の注目度の向上が魅力発信に好影響だと感じるため。,ややそう思う,代表を務めるまちづくり団体の活動などでよい影響も期待している,そう思う,メディアなどでの露出も増えていると実感しており、好意的な取り上げられ方が多いと感じるため良い印象の行ってみたい期待感などが良い影響になると思うため。,とてもそう思う,まずは知っていただき、再訪いただき、関係性の重層化が進めばと願うため。,そう思う,まだまだ知られざる魅力がたくさんあると確信しているので。,評価している,私自身もそのための活動を行っているので、様々な取り組みも続けていきたい。,好ましい,福井の魅力を知っていただける機会が増えることが良いと考える,"観光客の消費によって飲食業や宿泊業が潤う, まちに賑わいが生まれる, 波及効果により他の地場産業が活気づく, 地域の知名度が上がる, 観光客との交流が生まれる, 歴史文化資源の保存活用につながる, 移住・定住のきっかけとなる, ガイドなど市民参加の場が広がる",,"騒音やごみの増加, 交通渋滞や路上駐車などの交通環境の悪化",,"観光スポットを結ぶ交通機関, その他",5,4,その為に地域に住む我々も地域再発見につながるので、様々お勧めして案内したい,8,,8,,50～59歳,男性
福井市,ややそう思う,恐竜関連で来県者が増える,全くそうは思わない,交通面で、新幹線が来たことのメリットはほぼ０で、そのせいで無くなったもの方の不便さが大きい。,ややそう思う,,とてもそう思う,,とてもそう思う,,まったく評価していない,やり方が中途半端,とても好ましい,,観光客の消費によって飲食業や宿泊業が潤う,,"騒音やごみの増加, 治安の悪化",,"観光スポットを結ぶ交通機関, 体験施設",3,3,,7,,6,,30～39歳,男性
坂井市,ややそう思う,観光客が増える,あまりそうは思わない,関西へ行くのが不便になった,そう思う,,とてもそう思う,,とてもそう思う,,どちらかといえば評価している,,好ましい,,観光客の消費によって飲食業や宿泊業が潤う,,交通渋滞や路上駐車などの交通環境の悪化,,トイレ・休憩所等の整備及びユニバーサル化,4,4,,8,,8,,70歳以上,女性
敦賀市,とてもそう思う,人の量が増えた,ややそう思う,物価が高くなった,そう思う,,とてもそう思う,観光業は福井の事業の中心だから,とてもそう思う,,とても評価している,,どちらかと言えば好ましい,,"観光客の消費によって飲食業や宿泊業が潤う, まちに賑わいが生まれる, 波及効果により他の地場産業が活気づく",,"騒音やごみの増加, その他",物価高、観光客に合わせた価格設定,観光スポットを結ぶ交通機関,4,4,,8,,10,,40～49歳,男性
永平寺町,そう思う,バスやえち鉄がIC対応になったから,あまりそうは思わない,,そう思う,,そう思う,,とてもそう思う,,評価している,,好ましい,,"観光客の消費によって飲食業や宿泊業が潤う, 地域の知名度が上がる",,"騒音やごみの増加, 交通渋滞や路上駐車などの交通環境の悪化",,"観光スポットを結ぶ交通機関, 宿泊施設、土産物屋, 駐車場",3,4,,8,,7,,20～29歳,女性
福井市,とてもそう思う,県全体に活気が生まれた,とてもそう思う,経済が発展してるように感じる,全くそうは思わない,,とてもそう思う,,そう思う,,評価している,,好ましい,,"観光客の消費によって飲食業や宿泊業が潤う, まちに賑わいが生まれる",,騒音やごみの増加,,"観光スポットを結ぶ交通機関, トイレ・休憩所等の整備及びユニバーサル化, 観光マップやパンフレット, 宿泊施設、土産物屋",5,4,,10,,10,,20～29歳,男性
小浜市,そうは思わない,敦賀から小浜までは距離があるので、敦賀が新幹線開通の恩恵を受けたとしても、小浜にはその影響があまり及ばないように感じます。,そうは思わない,普段あまり新幹線を利用して他県へ行くことがないので、福井県内の移動であれば車で十分だと感じています。新幹線の開業による恩恵は、正直なところ自分自身にはあまり影響がないかなと思います。,ややそう思う,訪問客が増えることで、ホテルや飲食店などの観光サービスが活性化する一方で、ごみの増加やマナー違反、景観が損なわれるなど、地域への負担が大きくなる可能性も感じます。,あまりそうは思わない,マナーを守って観光してくださる方なら大歓迎です。ただ、近年は一部の外国人観光客によるマナー違反も問題になっているので、すべての観光客を無条件に歓迎するというのは難しいかなと思います。,あまりそうは思わない,福井を気に入ってくれる方には、ぜひ来ていただきたいと思います。ただ、無理に来てもらう必要はないですし、観光客が増え続ければ、それはそれで新たな問題も出てくると思います。,どちらともいえない,観光復興のために、具体的にどのような取り組みが行われているのか把握していないため、現時点では評価するのが難しいです。,どちらかと言えば好ましくない,現時点では観光客が増えることで、交通や混雑、マナーなど、生活面で不便を感じる場面のほうが多いのではないかと感じています。,"観光客の消費によって飲食業や宿泊業が潤う, まちに賑わいが生まれる, 地域の知名度が上がる, 移住・定住のきっかけとなる, ガイドなど市民参加の場が広がる",,"騒音やごみの増加, 交通渋滞や路上駐車などの交通環境の悪化, 歴史文化資源の破壊, 治安の悪化",,"観光スポットを結ぶ交通機関, 観光スポットの案内板や標識（多言語表示）, トイレ・休憩所等の整備及びユニバーサル化, 観光イベント, 障害者や高齢者への配慮（バリアフリー）, 観光マップやパンフレット, 飲食施設, 宿泊施設、土産物屋, 観光案内所、観光ガイド, 駐車場",3,3,県外や海外に誇れるものとしては、海や海産物などが中心なのかなと思います。私は福井の海や海産物が好きで気に入っていますが、県外の方から見ると、観光地としては少し物足りなく、つまらなく感じられる部分もあるのではないかと思います。,4,嶺北と嶺南では、生活環境にかなり差があると感じています。特に病院や子育て支援施設、商業施設などが十分に充実しておらず、日常生活の中で不便を感じることが多い点が不満です。,4,5年程度で劇的に環境が変わるとは思えないため、現時点では、5年後も今と大きく評価は変わらないのではないかと考えます。,30～39歳,男性
鯖江市,全くそうは思わない,鯖江市は通過のみだから。,あまりそうは思わない,自身は車で十分だし敦賀市自体の魅力が少ない。,ややそう思う,立ち寄りはあっても、宿泊客は金沢へ流れると思うから。,そう思う,観光客で賑わえば活性化が図れると思うから。,ややそう思う,各観光地の動線が確立していないし、お金を落とす機会や魅力がある場所が考えられていない。,どちらかといえば評価している,来てもらうだけではあまり意味がない。お金を使ってもらえることをもっと考えるべき。,好ましい,活性化に繋がる。,"観光客の消費によって飲食業や宿泊業が潤う, まちに賑わいが生まれる, 波及効果により他の地場産業が活気づく, 地域の知名度が上がる",,"交通渋滞や路上駐車などの交通環境の悪化, 治安の悪化",人の流れが増えると犯罪の流入も増えると考えなければならない。,"観光スポットを結ぶ交通機関, トイレ・休憩所等の整備及びユニバーサル化, 観光イベント, 観光マップやパンフレット, 飲食施設, 宿泊施設、土産物屋, 観光案内所、観光ガイド",3,3,特にアピールする物がない。,5,他県に比べ収入格差もあり出かける先も少ない。石川との格差が以前より開いてきている。,5,あまり変わらないと思われる。,50～59歳,男性
坂井市,あまりそうは思わない,感じられることがない,あまりそうは思わない,実家のある大阪へ行きにくくなった,ややそう思う,旅行客が増えた,とてもそう思う,福井はのどかで良いところなので。,とてもそう思う,旅行客が増えることで福井のサービスの意識が少しでも良くなればと思うから。,どちらかといえば評価している,頑張っている企業もあると思うので。,とても好ましい,活気づくと思うから。,"観光客の消費によって飲食業や宿泊業が潤う, まちに賑わいが生まれる",,特に心配はない,,"観光スポットを結ぶ交通機関, 飲食施設, 宿泊施設、土産物屋",1,5,自然豊かなところが素晴らしい。生活するのにも困らないから。,10,家の周りは田んぼで四季折々の景色が見れるので幸せ。,10,,50～59歳,女性
福井市,ややそう思う,関東方面の方は駅周辺は喜んでもらえるが、そこからの交通費交通機関か少なく、関西方面からの来訪が減った気がするから。,あまりそうは思わない,料金が高すぎて、乗りたくても乗れない,ややそう思う,駅からの交通手段を考えるとマイナスであるが、福井には海山ともに自然豊かで海の幸や山の幸が味わえ楽しめるスポットがあるから,とてもそう思う,人口減少に歯止めをかけてほしいから、福井のよさをアピールしてほしいし、インターンも歓迎してほしい,ややそう思う,福井に行きたいと思ってもらえるように、観光客が交通機関を便利にまた移動しやすいようにしてほしい,どちらともいえない,どのような事をしているのかわかってないめんもあるから,どちらかと言えば好ましい,空気や自然豊かな福井に住みたいと思えるようになってほしいと思うから,"観光客の消費によって飲食業や宿泊業が潤う, まちに賑わいが生まれる, 波及効果により他の地場産業が活気づく, 地域の知名度が上がる, 移住・定住のきっかけとなる",自然豊かな福井をアピールする機会だと思う,"騒音やごみの増加, 自然破壊, 治安の悪化",ゴミ箱がないので、観光客がまちを汚さないためにも設置してほしい,"観光スポットを結ぶ交通機関, 観光スポットの案内板や標識（多言語表示）, トイレ・休憩所等の整備及びユニバーサル化, 飲食施設, 宿泊施設、土産物屋, 駐車場, 体験施設",3,3,交通手段の利便性をアピールしてほしい,7,空気が良く、車で移動しやすい,5,高齢化が進み若い世代は都会へ行き戻ってこないから将来が不安である,50～59歳,女性
福井市,ややそう思う,駅前の賑わい,あまりそうは思わない,感じない,そう思う,観光客が増えた,そう思う,,そう思う,,どちらかといえば評価している,ホテルの増加,好ましい,,"観光客の消費によって飲食業や宿泊業が潤う, 観光客との交流が生まれる",,特に心配はない,,宿泊施設、土産物屋,4,4,,8,,7,,40～49歳,男性
福井市,あまりそうは思わない,,ややそう思う,,そう思う,,そう思う,,そう思う,,どちらかといえば評価している,,好ましい,,"観光客の消費によって飲食業や宿泊業が潤う, まちに賑わいが生まれる, 波及効果により他の地場産業が活気づく, 地域の知名度が上がる, 移住・定住のきっかけとなる",,"騒音やごみの増加, 交通渋滞や路上駐車などの交通環境の悪化, 歴史文化資源の破壊, 自然破壊, 治安の悪化",,"観光スポットを結ぶ交通機関, 観光スポットの案内板や標識（多言語表示）, トイレ・休憩所等の整備及びユニバーサル化, 観光イベント, 障害者や高齢者への配慮（バリアフリー）, 観光マップやパンフレット, 飲食施設, 宿泊施設、土産物屋, 観光案内所、観光ガイド, 駐車場, 体験施設",1,3,,3,,3,,20～29歳,女性
福井市,そう思う,,そう思う,,そう思う,,そう思う,,そう思う,,どちらかといえば評価している,,どちらかと言えば好ましい,,"観光客の消費によって飲食業や宿泊業が潤う, まちに賑わいが生まれる, 波及効果により他の地場産業が活気づく, 地域の知名度が上がる, 移住・定住のきっかけとなる",,"騒音やごみの増加, 交通渋滞や路上駐車などの交通環境の悪化, 治安の悪化",,"観光スポットを結ぶ交通機関, トイレ・休憩所等の整備及びユニバーサル化, 観光イベント, 飲食施設, 宿泊施設、土産物屋",3,3,,6,,6,,60～69歳,女性
あわら市,そう思う,あわら市の活性化,あまりそうは思わない,関西方面への電車が悪くなって行きづらくなった,そう思う,意味が分かりにくい,とてもそう思う,福井の良いところを知って欲しい。もっと遊びにが来て欲しい,とてもそう思う,福井県とても住みやすい素敵なところがいっぱいある,どちらかといえば評価している,色々みなさん頑張っていると思う,とても好ましい,市が活性化するので,"観光客の消費によって飲食業や宿泊業が潤う, まちに賑わいが生まれる, 観光客との交流が生まれる, 移住・定住のきっかけとなる, ガイドなど市民参加の場が広がる",,特に心配はない,,"観光スポットを結ぶ交通機関, トイレ・休憩所等の整備及びユニバーサル化, 飲食施設, 体験施設",3,4,福井県は，とても住みやすい素敵なところだから,3,あわら市のデマンド交通手段がまだまだで，車運転できないので，交通手段に不満を感じているので,3,あまりよくわからない。現在過疎化空き家がいっぱいあるので,60～69歳,女性
大野市,あまりそうは思わない,観光するものがない,あまりそうは思わない,,そう思う,,そう思う,,そう思う,,どちらかといえば評価している,,どちらかと言えば好ましい,,"まちに賑わいが生まれる, 波及効果により他の地場産業が活気づく",,治安の悪化,,観光イベント,3,3,,5,,5,,50～59歳,男性
越前町,ややそう思う,,ややそう思う,家に帰りやすくなった,とてもそう思う,乗り換えなしで福井県に行けるようになることは、県外の人の「福井行ってみようかな」という意欲を掻き立てる。,ややそう思う,福井は流石にそうならないと思うけど、先日京都に行ったときにすごく観光客が多くてどこへ行くのにも疲弊した。観光客は増えてほしいけど、あんなに増えるのは地元民にとっても疲れるなと思った。,そう思う,福井ってあまり知られていないけど、素敵な見どころがいっぱいある。新幹線の次は、降車後そういう観光地へのアクセスをよくする方法ができるといいと思います。,評価している,,どちらかと言えば好ましい,先述の通り、多すぎると地元民が疲れる。観光地もそうだけど、気軽に言っていたレストランや定食屋が観光客でごった返してなかなか訪れられなくなると悲しいな。,"観光客の消費によって飲食業や宿泊業が潤う, まちに賑わいが生まれる, 波及効果により他の地場産業が活気づく, 地域の知名度が上がる",,"騒音やごみの増加, 交通渋滞や路上駐車などの交通環境の悪化, 歴史文化資源の破壊, 日常生活に影響が出るほどの不安",,"観光スポットを結ぶ交通機関, 観光スポットの案内板や標識（多言語表示）, 障害者や高齢者への配慮（バリアフリー）, 飲食施設, 駐車場",5,5,まず、人がいい。他人を陥れようとする人が他県の人に比べて圧倒的に少ない。自分も福井を出ていろんな地域出身の人と出会ったけれど、喋り方とか思考過程を見ていると本当に福井の人は純粋でいい人が多い。お世辞ではないです。,7,人はいいけど、やっぱり移動が不便だったりはあるので100％満足はできない。,7,5年後に、暮らしの幸せに影響を与える大きな出来事があるとは思えない。,40～49歳,男性
高浜町,そうは思わない,近くないから,全くそうは思わない,距離がある,ややそう思う,お店が繁盛しそうだから,そう思う,人で賑わうのは嬉しい,そう思う,,評価している,子育て支援が手厚くてありがい,どちらかと言えば好ましい,,"観光客の消費によって飲食業や宿泊業が潤う, まちに賑わいが生まれる, 移住・定住のきっかけとなる",,"騒音やごみの増加, 自然破壊, 治安の悪化",,"観光スポットを結ぶ交通機関, 観光マップやパンフレット",4,4,海が綺麗で自然がいっぱい,10,,10,,30～39歳,女性
坂井市,そう思う,,ややそう思う,大阪に行きにくくなった,そう思う,観光客がたくさん来てくれる,そう思う,,とてもそう思う,,評価している,,とても好ましい,福井のことを知ってもらう,"まちに賑わいが生まれる, 地域の知名度が上がる, 観光客との交流が生まれる",,"騒音やごみの増加, 治安の悪化",,"観光スポットを結ぶ交通機関, トイレ・休憩所等の整備及びユニバーサル化, 駐車場",4,4,,7,交通の不便,7,,50～59歳,女性
福井市,ややそう思う,関東から来やすい,そうは思わない,関西に行くのが不便になった,ややそう思う,,ややそう思う,,ややそう思う,,どちらともいえない,,どちらかと言えば好ましい,,"観光客の消費によって飲食業や宿泊業が潤う, 波及効果により他の地場産業が活気づく",,交通渋滞や路上駐車などの交通環境の悪化,,その他,4,4,,8,,8,,40～49歳,女性
おおい町,そうは思わない,,そうは思わない,,そう思う,,そう思う,,そう思う,,どちらともいえない,,どちらかと言えば好ましい,,"地域の知名度が上がる, 移住・定住のきっかけとなる",,"騒音やごみの増加, 交通渋滞や路上駐車などの交通環境の悪化",,"観光スポットを結ぶ交通機関, 飲食施設, 体験施設",3,3,,7,,6,,60～69歳,女性
坂井市,とてもそう思う,,とてもそう思う,,とてもそう思う,,とてもそう思う,,とてもそう思う,,どちらかといえば評価している,,とても好ましい,,"観光客の消費によって飲食業や宿泊業が潤う, まちに賑わいが生まれる, 波及効果により他の地場産業が活気づく, 観光客との交流が生まれる, 移住・定住のきっかけとなる",,"騒音やごみの増加, 交通渋滞や路上駐車などの交通環境の悪化, 治安の悪化",,"観光スポットを結ぶ交通機関, 飲食施設, 宿泊施設、土産物屋",1,1,,8,,8,,50～59歳,男性
鯖江市,そう思う,街が発展してる。,あまりそうは思わない,感じる所まで、きてない。,ややそう思う,悪い影響が、思いつかない。,そう思う,楽しい思い出を、作ってほしいです,そう思う,どんどん、有名に、なって欲しい,評価している,イベントが、増えたりしている。,好ましい,沢山、来てほしいです,"観光客の消費によって飲食業や宿泊業が潤う, 観光客との交流が生まれる, 移住・定住のきっかけとなる",,特に心配はない,,"観光スポットを結ぶ交通機関, 観光イベント, 宿泊施設、土産物屋",3,4,メガネの、他もあるので、紹介したいです,7,自然が、多い所。,7,今以上に、発展する、希望として。,50～59歳,女性
鯖江市,あまりそうは思わない,,あまりそうは思わない,,ややそう思う,,そう思う,,ややそう思う,,どちらともいえない,,好ましい,,まちに賑わいが生まれる,,交通渋滞や路上駐車などの交通環境の悪化,,観光イベント,3,3,,4,,8,,60～69歳,女性
越前市,とてもそう思う,,そう思う,,そう思う,,とてもそう思う,,ややそう思う,,評価している,,好ましい,,"観光客の消費によって飲食業や宿泊業が潤う, 地域の知名度が上がる, 歴史文化資源の保存活用につながる",,自然破壊,,"観光スポットの案内板や標識（多言語表示）, 観光イベント",4,4,,8,,8,,40～49歳,男性
敦賀市,そう思う,,ややそう思う,,そうは思わない,,ややそう思う,,ややそう思う,,どちらかといえば評価している,,どちらかと言えば好ましい,,"観光客の消費によって飲食業や宿泊業が潤う, まちに賑わいが生まれる",,"交通渋滞や路上駐車などの交通環境の悪化, 治安の悪化",,"観光スポットを結ぶ交通機関, トイレ・休憩所等の整備及びユニバーサル化, 観光案内所、観光ガイド",1,2,,7,,6,,30～39歳,女性
小浜市,ややそう思う,良い影響はあるはずだとおもうが、実感はマダマダ限定的でしょう,そう思う,福井市や石川富山両県へのアクセス性向上、時短効果感じる,そう思う,観光産業の活性化による経済効果のアップ,そう思う,一人でも多くの人に福井県を知ってほしい,そう思う,観光資源を生かさねばもったいない,どちらともいえない,取り組みについて認識不足ですので、回答できません,好ましい,マイナス評価を耳にしていないので、現時点では好ましいと回答します,"観光客の消費によって飲食業や宿泊業が潤う, まちに賑わいが生まれる, 地域の知名度が上がる",,その他,"全ての項目が深刻になれば心配事です
程度と許容量、行政と市民の対応力が鍵となりましょう","観光スポットの案内板や標識（多言語表示）, トイレ・休憩所等の整備及びユニバーサル化, 障害者や高齢者への配慮（バリアフリー）, 駐車場, 体験施設",3,4,"自信を持てる文化や事象なのかどうか?
自分自身の認識が足りないのかもしれません
地味に凄い福井県を県民自身にPRしていくことから再スタートが必要では.....",8,個人的には不満を感じませんので,8,５年後では（短期間なので）変化を想像想定できません,70歳以上,男性
敦賀市,そう思う,賑やかになった,そう思う,東京まで乗り換えなしで行ける,とてもそう思う,賑わっている,とてもそう思う,良いところを知ってもらいたい,そう思う,,評価している,あらゆる機関において取り組んでいる,好ましい,お店等が賑わいお金を落としていってくれる,"観光客の消費によって飲食業や宿泊業が潤う, まちに賑わいが生まれる, 波及効果により他の地場産業が活気づく, 地域の知名度が上がる, 観光客との交流が生まれる, 歴史文化資源の保存活用につながる, 移住・定住のきっかけとなる, ガイドなど市民参加の場が広がる",,"交通渋滞や路上駐車などの交通環境の悪化, 治安の悪化",,"観光スポットを結ぶ交通機関, 観光スポットの案内板や標識（多言語表示）, トイレ・休憩所等の整備及びユニバーサル化, 観光イベント, 観光マップやパンフレット, 飲食施設, 宿泊施設、土産物屋, 観光案内所、観光ガイド, 駐車場, 体験施設",5,4,,7,,7,,50～59歳,男性
坂井市,あまりそうは思わない,サンダーバード廃止の影響で関西の客が減った,あまりそうは思わない,観光業では無いので,ややそう思う,観光地へのアクセスが悪い,とてもそう思う,自然を満喫して欲しい,ややそう思う,郷土料理を満喫して欲しい,どちらともいえない,周知されてない,どちらかと言えば好ましい,活性化する,まちに賑わいが生まれる,,"騒音やごみの増加, 交通渋滞や路上駐車などの交通環境の悪化, 治安の悪化",,観光スポットを結ぶ交通機関,1,2,観光地で無い,9,満足度高い,9,住み続けるから,60～69歳,男性
福井市,とてもそう思う,駅前がにぎわっている,ややそう思う,駅前でのイベントが楽しそうで何度か参加している,ややそう思う,実際、旅行客（県外）が増えたように見えるから,とてもそう思う,人口減少が著しいから、少しでも福井と関わって欲しいから,そう思う,定住には不便さがあるため厳しいので、少しでも観光で短時間でも滞在してくれれば、経済が潤うと思うから,とても評価している,石田崇人知事が頑張ってくれているから。県庁ディレクターの活躍や若手横断プロジェクトなど、頑張ってるのが見えるから。,好ましい,少しでも地元の商品や食べ物を買ってくれると売上につながるから。,"観光客の消費によって飲食業や宿泊業が潤う, まちに賑わいが生まれる, 波及効果により他の地場産業が活気づく, 歴史文化資源の保存活用につながる",,"騒音やごみの増加, 治安の悪化",,"観光スポットを結ぶ交通機関, トイレ・休憩所等の整備及びユニバーサル化, 障害者や高齢者への配慮（バリアフリー）, 飲食施設, 宿泊施設、土産物屋, 観光案内所、観光ガイド, 体験施設",4,3,オススメは沢山あるが、どれも場所ご離れていて案内しにくい,5,賃金ご安いのと働きたい職種ぎ少ない,5,交通の不便さで、いつか福井を離れたいと思ってしまうかもしれないから。,40～49歳,女性
鯖江市,あまりそうは思わない,ハピラインの特急が止まらない！,ややそう思う,乗り換えなしで東京まで行ける,ややそう思う,,とてもそう思う,,とてもそう思う,,とても評価している,,とても好ましい,,"観光客の消費によって飲食業や宿泊業が潤う, まちに賑わいが生まれる, 波及効果により他の地場産業が活気づく",,"騒音やごみの増加, 交通渋滞や路上駐車などの交通環境の悪化",,"観光スポットを結ぶ交通機関, 駐車場",4,3,,8,,8,,40～49歳,女性
福井市,そう思う,観光客が増えた,あまりそうは思わない,,そう思う,観光に来た人が福井の良い所をSNSで拡散してくれている,そう思う,福井の良さをもっと知ってもらいたい,とてもそう思う,知名度や収入面においてもそうあるべきだと思う,どちらともいえない,,とても好ましい,もっと福井を知ってほしい,"観光客の消費によって飲食業や宿泊業が潤う, まちに賑わいが生まれる, 地域の知名度が上がる, 観光客との交流が生まれる, 移住・定住のきっかけとなる",,"騒音やごみの増加, 交通渋滞や路上駐車などの交通環境の悪化, 歴史文化資源の破壊, 自然破壊",,"観光スポットを結ぶ交通機関, 観光スポットの案内板や標識（多言語表示）, トイレ・休憩所等の整備及びユニバーサル化, 観光イベント, 障害者や高齢者への配慮（バリアフリー）, 駐車場, 体験施設",3,3,,6,,6,,60～69歳,女性
福井市,とてもそう思う,福井駅周辺がとてもにぎわっているから,あまりそうは思わない,行きやすい地域もできたが、大阪方面へは以前より行くのが不便と感じるから。,とてもそう思う,施設が充実した。福井県を訪れる人が増えた。,とてもそう思う,福井県は魅力的な観光資源が多くあるので、知って理解を深めてもらいたい。,とてもそう思う,,どちらかといえば評価している,,好ましい,,"観光客の消費によって飲食業や宿泊業が潤う, まちに賑わいが生まれる, 波及効果により他の地場産業が活気づく, 歴史文化資源の保存活用につながる",,治安の悪化,,"観光スポットを結ぶ交通機関, 観光イベント, 駐車場, 体験施設, その他",5,4,,10,,8,60歳前になり、老後の生活に不安を感じるかもしれないと思ったので、現在より２ポイント減少の評価とした。,50～59歳,女性
越前市,ややそう思う,企業誘致,あまりそうは思わない,新幹線の駅からの交通機関,ややそう思う,関東から観光に来てくださる方が増えた感じ,ややそう思う,自分が出来ることがわからない,そう思う,観光で賑わうことが一番発展する,どちらともいえない,取り組み活動が分からない,好ましい,観光で賑わうことが一番発展する,"観光客の消費によって飲食業や宿泊業が潤う, まちに賑わいが生まれる, 地域の知名度が上がる, 観光客との交流が生まれる, 移住・定住のきっかけとなる",仕事が増える,交通渋滞や路上駐車などの交通環境の悪化,,"観光スポットを結ぶ交通機関, 観光イベント, 飲食施設, 宿泊施設、土産物屋, 駐車場, 体験施設",4,2,観光スポットが効率よく回れない,7,地域交流がない,7,5年後に変わると思われる要素がない,50～59歳,女性
鯖江市,そうは思わない,鯖江に新幹線が止まらないから,全くそうは思わない,関西に行くのがとても不便、乗り換えなんてしたくない,ややそう思う,多少なりともお金を落とすから,そう思う,福井を理解してもらえる,ややそう思う,いいところだから,どちらともいえない,,好ましい,活気が出る,"観光客の消費によって飲食業や宿泊業が潤う, まちに賑わいが生まれる, 波及効果により他の地場産業が活気づく, 地域の知名度が上がる",,"交通渋滞や路上駐車などの交通環境の悪化, 治安の悪化",,"観光スポットを結ぶ交通機関, 観光スポットの案内板や標識（多言語表示）, 観光案内所、観光ガイド, 駐車場, 体験施設",3,3,,8,,7,免許返納後の移動手段がとても心配,60～69歳,女性
越前市,あまりそうは思わない,東京都内へ行くアクセスが新幹線によって利便性が良くなっただけ。,そうは思わない,地元企業の活性化に貢献度が感じられない。,ややそう思う,関東地方から勝山市恐竜博物館来場者のリピーターが多くなっていると思う。,ややそう思う,地元企業に新たな事業参入のきっかけになると思う。,あまりそうは思わない,金沢市京都市の狭間にある県だから観光インパクトが弱い。,どちらともいえない,歴史的観点から行政上の都合のみで町名 改変してしまった事が観光振興にはマイナス。,どちらかと言えば好ましい,産官学連携の思考能力向上するから。,"観光客の消費によって飲食業や宿泊業が潤う, まちに賑わいが生まれる, 波及効果により他の地場産業が活気づく, 地域の知名度が上がる, 歴史文化資源の保存活用につながる, 移住・定住のきっかけとなる, ガイドなど市民参加の場が広がる",,交通渋滞や路上駐車などの交通環境の悪化,,"観光スポットを結ぶ交通機関, トイレ・休憩所等の整備及びユニバーサル化, 観光イベント, 飲食施設, 駐車場",3,3,少子高齢化による人口減少と外国人労働者が多い。,2,原発が地場産業化している。工場関係の参入が少ない。,1,益々少子高齢化による消滅市町村が嶺南地方から多くなる。,70歳以上,男性
福井市,とてもそう思う,物理的な距離に限らず、心理的な距離に大きな影響があったと思うから,とてもそう思う,東京へのアクセスがとても便利になった,とてもそう思う,観光が裾野の広い産業であり、観光が活性化することで、地域の経済に良い影響があると思うから,とてもそう思う,もっと福井を知って好きになってほしいから,そう思う,これからも、というより、これがスタートと思う,評価している,いろいろな施策や環境整備に変化を感じるため,とても好ましい,福井のファンが増える,"観光客の消費によって飲食業や宿泊業が潤う, まちに賑わいが生まれる, 波及効果により他の地場産業が活気づく, 地域の知名度が上がる, 観光客との交流が生まれる",,その他,エリアによっては過度な集中によるキャパオーバー,"観光スポットを結ぶ交通機関, 観光イベント",5,4,,7,,6,,40～49歳,男性
福井市,ややそう思う,福井県が活気付く,あまりそうは思わない,市街地から離れた場所に住んでいるので,そう思う,福井県を知ってもらえる,ややそう思う,自身が住んでいて良いところだと思うから,ややそう思う,やっぱり一度来てもらわないと分からない,どちらかといえば評価している,テレビでも福井県の話題が出る事が多くなったと思う,どちらともいえない,外国人が多くなったように思うので、治安がどうなのか心配,"観光客の消費によって飲食業や宿泊業が潤う, 地域の知名度が上がる, 移住・定住のきっかけとなる",,"交通渋滞や路上駐車などの交通環境の悪化, 治安の悪化",,"観光スポットを結ぶ交通機関, 駐車場",3,4,福井はいいところ,8,今のところ幸せです,8,現状維持したい,50～59歳,女性
鯖江市,そうは思わない,"新幹線の駅がない。
",そうは思わない,,そう思う,,そう思う,,そう思う,,どちらともいえない,,どちらかと言えば好ましい,,地域の知名度が上がる,,特に心配はない,,観光スポットを結ぶ交通機関,1,1,,5,,5,,70歳以上,男性
坂井市,ややそう思う,"魅力があるような街作りに賢明に取り組んでいると思うから。
",あまりそうは思わない,身内に県外に住んでいるものが居らず、今の所は利用する事がない為。,ややそう思う,活気が出るのはとても良い事だが、治安が悪くならないかとても心配。,ややそう思う,親切にはしてあげたい。,ややそう思う,魅力有る場所として、誘客する内容の充実が求められると思う。,評価している,色々と他県の方など専門家と連携して取り組んでいると思う。,どちらかと言えば好ましい,問4の回答と同じ　活気が出るのはとても良い事だが、治安が悪くならないかとても心配。,"観光客の消費によって飲食業や宿泊業が潤う, 地域の知名度が上がる, 移住・定住のきっかけとなる",,"騒音やごみの増加, 治安の悪化",,"観光スポットを結ぶ交通機関, 観光イベント, 障害者や高齢者への配慮（バリアフリー）, 駐車場, 体験施設",3,4,海、山、お寺やお城等、　自然が豊かな所が沢山ある事。,8,交通の便だけ何とかなれば観光も動き回りやすいかも。,7,自分が高齢になって不便さを感じると思うから。,60～69歳,女性
越前市,ややそう思う,道の駅が出来たから,ややそう思う,人が来れば、お金が回るから,あまりそうは思わない,,あまりそうは思わない,,ややそう思う,,どちらともいえない,観光拠点が、線で繋がっていないと感じる,好ましい,,"観光客の消費によって飲食業や宿泊業が潤う, まちに賑わいが生まれる, 波及効果により他の地場産業が活気づく",,"騒音やごみの増加, 交通渋滞や路上駐車などの交通環境の悪化",,"観光スポットを結ぶ交通機関, 観光スポットの案内板や標識（多言語表示）, トイレ・休憩所等の整備及びユニバーサル化, 観光イベント, 障害者や高齢者への配慮（バリアフリー）, 飲食施設, 体験施設",1,1,交通が不便だから。,5,,5,,50～59歳,女性
福井市,ややそう思う,移動手段が増えるのはいいと思う,あまりそうは思わない,敦賀は近いし現地での移動が大変なので行くとしたら車で行くから,ややそう思う,活性化される業種にとってはいいと思うから,ややそう思う,観光業に従事していないし、歓迎というより困っていることがあれば親切に対応したいとは思う,あまりそうは思わない,自分自身県外に旅行なあった時の楽しさが福井県では上回らないから,どちらかといえば評価している,スタンプラリーやタクシー補助券などはいいと思う,どちらかと言えば好ましい,観光業に従事していないから人が多く集まることでのメリットがあるかもしれないが、治安の不安や混雑といったデメリットもあるから,"観光客の消費によって飲食業や宿泊業が潤う, まちに賑わいが生まれる, 波及効果により他の地場産業が活気づく",,"騒音やごみの増加, 交通渋滞や路上駐車などの交通環境の悪化, 歴史文化資源の破壊, 自然破壊, 治安の悪化",,"観光スポットを結ぶ交通機関, トイレ・休憩所等の整備及びユニバーサル化, 観光イベント, 障害者や高齢者への配慮（バリアフリー）, 観光マップやパンフレット, 飲食施設, 宿泊施設、土産物屋, 駐車場",2,3,食べ物はおいしいと言ってもらえるから,7,買い物や遊ぶところが少ない,6,公共交通機関が不便,50～59歳,女性
福井市,そう思う,他府県からの移動が増えるから,そう思う,宿泊業のため,そう思う,観光客が増加すると経済が回ると思うから,そう思う,,そう思う,まだ知られていない魅力があると思うから,どちらかといえば評価している,,好ましい,,"観光客の消費によって飲食業や宿泊業が潤う, まちに賑わいが生まれる, 移住・定住のきっかけとなる",,特に心配はない,,"観光スポットを結ぶ交通機関, トイレ・休憩所等の整備及びユニバーサル化, 飲食施設, 宿泊施設、土産物屋, 観光案内所、観光ガイド",4,4,自然が身近にある,7,,7,,40～49歳,女性
越前市,あまりそうは思わない,特に変化を感じないから,そうは思わない,関西、中京方面へ行きにくくなったから,そうは思わない,観光客増加で県内宿泊費が高くなった,ややそう思う,,あまりそうは思わない,,どちらともいえない,,どちらともいえない,,特に効果は期待できない,,"騒音やごみの増加, 交通渋滞や路上駐車などの交通環境の悪化, 治安の悪化",,"観光スポットを結ぶ交通機関, トイレ・休憩所等の整備及びユニバーサル化, 宿泊施設、土産物屋, 観光案内所、観光ガイド, 駐車場, 体験施設",1,2,,5,,5,,50～59歳,女性
越前市,あまりそうは思わない,,あまりそうは思わない,,あまりそうは思わない,,ややそう思う,,ややそう思う,,どちらともいえない,,どちらかと言えば好ましい,,"観光客の消費によって飲食業や宿泊業が潤う, まちに賑わいが生まれる",,"騒音やごみの増加, 交通渋滞や路上駐車などの交通環境の悪化",,"観光スポットを結ぶ交通機関, トイレ・休憩所等の整備及びユニバーサル化, 駐車場",3,3,,7,,8,,50～59歳,男性
福井市,ややそう思う,治安が悪くなったから,ややそう思う,東京へ行く際の利便性がよくなった,あまりそうは思わない,治安が悪くなったから,あまりそうは思わない,治安が悪くなったから,ややそう思う,,どちらともいえない,,どちらかと言えば好ましくない,治安が悪くなったから,"まちに賑わいが生まれる, 波及効果により他の地場産業が活気づく",,"騒音やごみの増加, 交通渋滞や路上駐車などの交通環境の悪化, 歴史文化資源の破壊, 自然破壊, 治安の悪化",,"トイレ・休憩所等の整備及びユニバーサル化, 駐車場",1,3,,6,,4,,30～39歳,女性
福井市,そう思う,福井に来やすくなったと思う,そう思う,東京へ行きやすくなった。乗り換えなしで。,そう思う,知名度があがることにより、福井にきてくれる。,とてもそう思う,福井にきて楽しんでいただけたら嬉しいから,そう思う,美味しいものもたくさんあるから,どちらかといえば評価している,あまり詳しい内容はわかっていないので。,好ましい,県にお金がまわる,"観光客の消費によって飲食業や宿泊業が潤う, まちに賑わいが生まれる, 波及効果により他の地場産業が活気づく, 地域の知名度が上がる, 観光客との交流が生まれる, 移住・定住のきっかけとなる",,歴史文化資源の破壊,,"観光スポットを結ぶ交通機関, 観光スポットの案内板や標識（多言語表示）, 障害者や高齢者への配慮（バリアフリー）, 宿泊施設、土産物屋",4,3,やはり、イベントなどが少ないのでさみしい,8,空港がないから,8,,50～59歳,女性
福井市,とてもそう思う,バスケの試合に来てくださる方々が関東や東北北信越とたくさん来てくださっています,とてもそう思う,東京に行くのが凄く楽になりました。米原乗り換えは高齢の方には無理でした,とてもそう思う,福井を今後も盛り上げて行くには県外から人を呼ぶしかないと思います,とてもそう思う,飲食店はまだコロナ期間のダメージからぬけられない。観光客に来ていただき潤って欲しい,とてもそう思う,,とても評価している,頑張っていると思うが協力も大事だと思う,とても好ましい,,"観光客の消費によって飲食業や宿泊業が潤う, まちに賑わいが生まれる, 波及効果により他の地場産業が活気づく",,治安の悪化,,"観光イベント, 障害者や高齢者への配慮（バリアフリー）, 駐車場",3,3,福井市ではあまり観るところは無い様に思う,8,雪の季節は生活しにくい,5,歳を重ねるにつれ車に乗れなかったり、除雪の心配など厳しくなりそう,50～59歳,女性
福井市,ややそう思う,東京行きはいいが、関西や山陽、九州に行くのに、大変不便になった。,そう思う,東京観光に行きやすくなった。,とてもそう思う,観光客が多いと活気が出る。,とてもそう思う,福井の良い所を伝えたい。また来てもらいたい。,とてもそう思う,他県より観光名所が少ないから、飽きないように魅力を発信した方がいい,どちらともいえない,,とても好ましい,,"まちに賑わいが生まれる, 移住・定住のきっかけとなる",,"歴史文化資源の破壊, 自然破壊, 治安の悪化",,"観光スポットを結ぶ交通機関, 観光スポットの案内板や標識（多言語表示）, 障害者や高齢者への配慮（バリアフリー）",4,4,県外の友人の案内は出来る,9,敦賀乗り換えがどうしても納得いかない。福井からサンダーバードやしらさぎ直通があれば、もっと福井に観光客が来ると思う。東京からも大阪からも来やすい。,7,北陸新幹線は敦賀以後要らない。税金の無駄。ぜんぜん便利じゃなくなっている。,50～59歳,女性
福井市,そう思う,交通の便が良くなり、観光客が来やすくなると思う。,ややそう思う,新幹線に乗って出かけるのがとても便利になると思う。,そう思う,にぎわうようになり、お金の流れが良くなる。,とてもそう思う,福井の良い所をたくさんの人に知ってほしいです。,とてもそう思う,いいところがたくさんあるので、いろんな人に訪れてほしいです。,どちらかといえば評価している,もっといいところを紹介してもいいと思う。,好ましい,,"観光客の消費によって飲食業や宿泊業が潤う, まちに賑わいが生まれる, 波及効果により他の地場産業が活気づく, 地域の知名度が上がる, 観光客との交流が生まれる, 歴史文化資源の保存活用につながる, 移住・定住のきっかけとなる",,交通渋滞や路上駐車などの交通環境の悪化,,"観光スポットを結ぶ交通機関, 観光スポットの案内板や標識（多言語表示）, 観光イベント, 観光マップやパンフレット, 飲食施設, 宿泊施設、土産物屋, 駐車場, 体験施設",5,5,,8,,8,,40～49歳,女性
越前市,そう思う,,そう思う,,そう思う,,そう思う,,そう思う,,評価している,,好ましい,,"まちに賑わいが生まれる, 観光客との交流が生まれる, 移住・定住のきっかけとなる",,"交通渋滞や路上駐車などの交通環境の悪化, 自然破壊",,"観光スポットを結ぶ交通機関, 体験施設",4,4,,7,,7,,40～49歳,男性
福井市,ややそう思う,,あまりそうは思わない,,ややそう思う,,とてもそう思う,,とてもそう思う,,どちらかといえば評価している,,どちらかと言えば好ましい,,"観光客の消費によって飲食業や宿泊業が潤う, まちに賑わいが生まれる, 波及効果により他の地場産業が活気づく, 地域の知名度が上がる",,"騒音やごみの増加, 交通渋滞や路上駐車などの交通環境の悪化, 歴史文化資源の破壊, 自然破壊",,"観光スポットを結ぶ交通機関, 観光スポットの案内板や標識（多言語表示）, トイレ・休憩所等の整備及びユニバーサル化, 障害者や高齢者への配慮（バリアフリー）, 観光マップやパンフレット, 飲食施設, 宿泊施設、土産物屋",1,4,,3,,5,,60～69歳,男性
福井市,とてもそう思う,観光客が来やすくなる,あまりそうは思わない,普段の生活にはそんなに影響はないと思う,そうは思わない,福井に来てくれることでお金を使って観光や食事をすると思うから,とてもそう思う,福井のいいところをたくさんの人に知ってもらいたい,とてもそう思う,福井にはいい観光地がたくさんある,評価している,,とても好ましい,,"観光客の消費によって飲食業や宿泊業が潤う, まちに賑わいが生まれる, 波及効果により他の地場産業が活気づく, 地域の知名度が上がる",,"騒音やごみの増加, 自然破壊",,"観光スポットを結ぶ交通機関, 観光スポットの案内板や標識（多言語表示）, トイレ・休憩所等の整備及びユニバーサル化, 観光マップやパンフレット",5,5,,8,,8,,30～39歳,女性
坂井市,とてもそう思う,観光名所が賑わっている,とてもそう思う,東京までの新幹線が便利である,そう思う,福井県が活気づいていると思う,そう思う,次回も福井を訪れたいと思って欲しい,そう思う,魅力的な福井県であってほしい,評価している,いろいろなイベントかあり、継続されている,好ましい,福井県が活気付くと思う,"観光客の消費によって飲食業や宿泊業が潤う, まちに賑わいが生まれる, 波及効果により他の地場産業が活気づく, 地域の知名度が上がる, 観光客との交流が生まれる, 歴史文化資源の保存活用につながる, 移住・定住のきっかけとなる, ガイドなど市民参加の場が広がる",,"騒音やごみの増加, 交通渋滞や路上駐車などの交通環境の悪化, 歴史文化資源の破壊, 自然破壊, 治安の悪化",,"観光スポットを結ぶ交通機関, 観光スポットの案内板や標識（多言語表示）, トイレ・休憩所等の整備及びユニバーサル化, 観光イベント, 障害者や高齢者への配慮（バリアフリー）, 観光マップやパンフレット, 飲食施設, 宿泊施設、土産物屋, 観光案内所、観光ガイド, 駐車場, 体験施設",3,3,観光名所がある,8,今の暮らしに不満は少ない,6,高齢になっても同じかどうかわからない,60～69歳,女性
福井市,とてもそう思う,旅行に来る方が増える,ややそう思う,,とてもそう思う,,とてもそう思う,福井に来てよかったと思って欲しい,とてもそう思う,,とても評価している,,とても好ましい,,"観光客の消費によって飲食業や宿泊業が潤う, まちに賑わいが生まれる, 地域の知名度が上がる",,特に心配はない,,"観光スポットを結ぶ交通機関, 観光スポットの案内板や標識（多言語表示）, トイレ・休憩所等の整備及びユニバーサル化",5,5,,10,,10,,50～59歳,男性
福井市,あまりそうは思わない,,あまりそうは思わない,,ややそう思う,,とてもそう思う,,ややそう思う,,どちらかといえば評価している,,とても好ましい,,"観光客の消費によって飲食業や宿泊業が潤う, まちに賑わいが生まれる",,"騒音やごみの増加, 交通渋滞や路上駐車などの交通環境の悪化",,観光スポットを結ぶ交通機関,5,3,,7,,7,,20～29歳,女性
敦賀市,とてもそう思う,,とてもそう思う,,とてもそう思う,,とてもそう思う,,とてもそう思う,,とても評価している,,好ましい,,"観光客の消費によって飲食業や宿泊業が潤う, まちに賑わいが生まれる, 波及効果により他の地場産業が活気づく, 地域の知名度が上がる",,"騒音やごみの増加, 交通渋滞や路上駐車などの交通環境の悪化",,"観光スポットを結ぶ交通機関, 観光スポットの案内板や標識（多言語表示）, トイレ・休憩所等の整備及びユニバーサル化, 観光イベント, 障害者や高齢者への配慮（バリアフリー）, 観光マップやパンフレット, 飲食施設, 宿泊施設、土産物屋, 観光案内所、観光ガイド, 駐車場, 体験施設",3,4,,7,,7,,60～69歳,女性
福井市,あまりそうは思わない,,あまりそうは思わない,,ややそう思う,,そう思う,,そう思う,,どちらともいえない,,どちらともいえない,,"観光客の消費によって飲食業や宿泊業が潤う, 地域の知名度が上がる, 歴史文化資源の保存活用につながる",,"騒音やごみの増加, 交通渋滞や路上駐車などの交通環境の悪化",,"観光スポットを結ぶ交通機関, トイレ・休憩所等の整備及びユニバーサル化, 障害者や高齢者への配慮（バリアフリー）, 飲食施設, 駐車場, 体験施設",3,3,,5,,5,,30～39歳,女性
坂井市,全くそうは思わない,坂井市に観光客の方来られてるのかわからないです,全くそうは思わない,"大阪にサンダーバード1本で行けなくなりました
乗り換えめんどくさい＋料金も高くなっていいことなんもないです",あまりそうは思わない,,そう思う,来てくれて福井の認知度が上がるといいですよね,そう思う,,どちらともいえない,あまりわかりません,どちらかと言えば好ましい,賑やかになる方がいいとは思いますが道とかが混むのはちょっと困ります,"まちに賑わいが生まれる, 波及効果により他の地場産業が活気づく, 地域の知名度が上がる",にぎやかになればいいなとおもいます,"騒音やごみの増加, 交通渋滞や路上駐車などの交通環境の悪化, 治安の悪化",色々な人が来られると色々ありそうですよね,観光スポットを結ぶ交通機関,4,2,車がないとどこにも行けないから,5,不幸ではないと思います,5,今とそうかわりなさそうなので,50～59歳,女性
越前町,そうは思わない,観光客が増えたと思うから,そう思う,息子の家が近くなった,そう思う,悪いと思うほど外人客が少ない,とてもそう思う,もっと福井の良いところを知ってもらいたいし、教えてあげたい,そう思う,来てもらいたいから,評価している,みんな頑張ってると思うから,好ましい,迷惑にならない程度で,"観光客の消費によって飲食業や宿泊業が潤う, まちに賑わいが生まれる, 歴史文化資源の保存活用につながる, 移住・定住のきっかけとなる",,"騒音やごみの増加, 交通渋滞や路上駐車などの交通環境の悪化, 治安の悪化",,"観光スポットを結ぶ交通機関, 障害者や高齢者への配慮（バリアフリー）",4,5,良いところを知ってもらいたい,8,災害も少なく、食べ物も美味しい,5,将来は見通せないから,60～69歳,女性
坂井市,そう思う,"丸岡城や東尋坊
県外や海外の方を見かけることが、新幹線開通後多くなった",ややそう思う,東京に乗り換えずに短時間で移動できる,そう思う,"福井駅前や各地が観光客で賑わっていると、県民もそこに行ってみたくなる
特に福井駅前にイベント等で人が多いと気持ち的に嬉しい",そう思う,福井県を好ましくもらえる様に何かしらしたい,ややそう思う,継続的に来てもらえるような場所であればいい,評価している,丸岡城の改修、周りの整備などなど少しずつ取り組んでいるように感じる,好ましい,,"観光客の消費によって飲食業や宿泊業が潤う, まちに賑わいが生まれる, 地域の知名度が上がる, 歴史文化資源の保存活用につながる",,"騒音やごみの増加, 交通渋滞や路上駐車などの交通環境の悪化, 歴史文化資源の破壊",,"観光スポットを結ぶ交通機関, 観光スポットの案内板や標識（多言語表示）, トイレ・休憩所等の整備及びユニバーサル化, 障害者や高齢者への配慮（バリアフリー）",4,4,ショップ等商業施設は少ないが、景色や食べ物はおすすめしたい,8,,8,,40～49歳,女性
越前町,あまりそうは思わない,,全くそうは思わない,,そう思う,,そう思う,,そう思う,,どちらかといえば評価している,,好ましい,,"観光客の消費によって飲食業や宿泊業が潤う, 波及効果により他の地場産業が活気づく",,"騒音やごみの増加, 交通渋滞や路上駐車などの交通環境の悪化, 治安の悪化",,"観光スポットを結ぶ交通機関, トイレ・休憩所等の整備及びユニバーサル化",3,4,,9,,9,,40～49歳,女性
福井市,あまりそうは思わない,大阪や名古屋からのアクセスが悪くなったのと、電車の金額が高いから,全くそうは思わない,敦賀の乗り換えが大変だし、年配の方にはかなり厳しいと思う、大阪からの帰りにサンダーバードが送れたりすると、乗り換えに気持ち的にあせるから、もう少し乗り換えに時間が欲しい。,ややそう思う,東京から来る人が増えたと思う,ややそう思う,せっかく来たのだから、美味しい食べ物を知ってほしい。,あまりそうは思わない,インフラが整ってない為に、中々厳しいと思う,どちらかといえば評価している,関連団体が一つになって頑張ってないとおもう,どちらともいえない,マナーの悪い人が増えそうでいやです。,観光客の消費によって飲食業や宿泊業が潤う,多分駅前とかに人が増えて、お土産などを買ってくれるから。,"騒音やごみの増加, 交通渋滞や路上駐車などの交通環境の悪化, 治安の悪化",人が増えれば、問題は増える,"観光スポットを結ぶ交通機関, 駐車場",3,2,インフラが悪く、ホテルなども少ないから。,2,不便でなにもない県だから。,2,変わらない。,40～49歳,女性
坂井市,そう思う,インフラが整備されていくから,そう思う,東京へ行きやすくなった,そう思う,街がきれいになっていくから,とてもそう思う,福井を知ってほしい,そう思う,,評価している,,好ましい,,"観光客の消費によって飲食業や宿泊業が潤う, まちに賑わいが生まれる, 波及効果により他の地場産業が活気づく, 地域の知名度が上がる",,特に心配はない,,"観光スポットを結ぶ交通機関, 観光スポットの案内板や標識（多言語表示）, 飲食施設, 宿泊施設、土産物屋, 駐車場",3,4,,8,住みやすい,8,,60～69歳,女性
鯖江市,ややそう思う,,ややそう思う,東京が身近になった,ややそう思う,,ややそう思う,,ややそう思う,,どちらかといえば評価している,,どちらかと言えば好ましい,,"観光客の消費によって飲食業や宿泊業が潤う, まちに賑わいが生まれる, 波及効果により他の地場産業が活気づく, 歴史文化資源の保存活用につながる",,"騒音やごみの増加, 歴史文化資源の破壊, 治安の悪化",外国人のマナーの悪さ,"観光イベント, 宿泊施設、土産物屋",3,3,,6,,5,,60～69歳,男性
福井市,そう思う,友人が関東から旅行しやすくなったと話していたので。,そう思う,友人に会えて楽しいひとときを過ごせるので。,そう思う,,そう思う,,そう思う,,評価している,,好ましい,,"観光客の消費によって飲食業や宿泊業が潤う, まちに賑わいが生まれる, 波及効果により他の地場産業が活気づく, 地域の知名度が上がる",,"騒音やごみの増加, 交通渋滞や路上駐車などの交通環境の悪化, 歴史文化資源の破壊, 治安の悪化",,"観光スポットを結ぶ交通機関, 観光スポットの案内板や標識（多言語表示）, 観光マップやパンフレット, 飲食施設, 宿泊施設、土産物屋, 観光案内所、観光ガイド, 駐車場, 体験施設",4,4,,7,,7,,40～49歳,女性
越前市,とてもそう思う,都心から越前市へ乗り換え無しで行き来ですます(以前は、福井駅か金沢駅まで特急に乗ったから),とてもそう思う,問2でも述べましたが乗り換え無し。駅駐車場が無料はありがたいのです。,とてもそう思う,観光はもちろんレンタカー事業、私鉄、宿泊施設など関連事業に貢献していたす,とてもそう思う,PR活動後から実際に訪れた人達が体験したことをSNSに投稿、呟くことで、さらなる人々を呼んでいます,とてもそう思う,"多くの人々は、一度訪問(体験)したら十分と考えます。新たな未知を求めます(自分も含め)。
よほど、見落とした！後で知人から福井の良い所を知り再訪したい！また体験したい中毒性のあるものが無い限り再訪性が低いのです。
これからも、再訪したいコンテンツを増やして欲しいですね。",評価している,そばPRは良かった！これかはも恒久的に予算を付けて欲しい。,とても好ましい,,"観光客の消費によって飲食業や宿泊業が潤う, まちに賑わいが生まれる, 波及効果により他の地場産業が活気づく, 歴史文化資源の保存活用につながる",,特に心配はない,,"飲食施設, 宿泊施設、土産物屋, 観光案内所、観光ガイド",2,5,,5,他県の交通の利便性や宿泊施設の多様性、お土産屋の充実(道の駅含む)など、まだまだ、劣っていると感じます。はっきり言って、都市計画性、観光地(街全体が一体となった観光都市)のビジョンを感じない(残念ながら)政策面で国から予算を引っ張ってこれていない。,5,"福井の未来的ビジョンを感じないのが残念です
(中川知事時代から思っていましたが、お堀の中に県庁を再建築してしまう思考と反対意見が聞こえなかったことに学生時代から疑問に思った)
福井県民の誇り！象徴！貴重な駅前観光資源を失い続けました)",60～69歳,男性
鯖江市,あまりそうは思わない,,そう思う,新幹線での移動が可能になった。,そう思う,地域の活性化を感じる。駅前の発展が大きい。,そう思う,福井の魅力が伝わるため,そう思う,,どちらかといえば評価している,,どちらかと言えば好ましい,オーバーツーリズムにならない程度の集客が好ましいため,"観光客の消費によって飲食業や宿泊業が潤う, まちに賑わいが生まれる, 波及効果により他の地場産業が活気づく, 地域の知名度が上がる, 移住・定住のきっかけとなる",,"騒音やごみの増加, 交通渋滞や路上駐車などの交通環境の悪化, 自然破壊, 治安の悪化",,"観光スポットを結ぶ交通機関, トイレ・休憩所等の整備及びユニバーサル化, 観光イベント, 宿泊施設、土産物屋, 観光案内所、観光ガイド, 駐車場",4,3,"観光の名所、体験スポットが少ないと感じる
",7,,7,,20～29歳,男性
福井市,そう思う,東京からの来客が増えた,そう思う,東京に行きやすくなった,そう思う,観光客や移住者が増えた,そう思う,福井のイメージアップ,そう思う,福井のイメージアップと人口増加,どちらともいえない,特定地域のみに偏っている,好ましい,経済効果大,"観光客の消費によって飲食業や宿泊業が潤う, 地域の知名度が上がる, 移住・定住のきっかけとなる",,"騒音やごみの増加, 交通渋滞や路上駐車などの交通環境の悪化",,"観光スポットを結ぶ交通機関, トイレ・休憩所等の整備及びユニバーサル化, 駐車場, 体験施設",3,4,海が綺麗,8,千葉から移住して、自然の多さと災害の少なさに満足してる,5,過疎地対策がとられていない,70歳以上,男性
越前市,あまりそうは思わない,関西や名古屋の直通がなくなって不便になったから,全くそうは思わない,,あまりそうは思わない,,そう思う,,ややそう思う,,どちらともいえない,,どちらかと言えば好ましい,,"まちに賑わいが生まれる, 地域の知名度が上がる",,"交通渋滞や路上駐車などの交通環境の悪化, 治安の悪化",,"観光スポットを結ぶ交通機関, 観光イベント, 飲食施設, 駐車場",1,3,,7,,5,,60～69歳,女性
鯖江市,そう思う,観光客が、確実に増えた,そう思う,,とてもそう思う,活気がある福井になってきている,とてもそう思う,,とてもそう思う,,評価している,,とても好ましい,,"観光客の消費によって飲食業や宿泊業が潤う, まちに賑わいが生まれる, 地域の知名度が上がる, 移住・定住のきっかけとなる",,騒音やごみの増加,,"飲食施設, 宿泊施設、土産物屋",4,4,,7,,8,,50～59歳,女性
敦賀市,ややそう思う,"賑わいが出ている
",あまりそうは思わない,"関係がないから
",ややそう思う,"無し
",そうは思わない,魅力ある所が、無いから,あまりそうは思わない,すぐには、対応が不可能だから,評価していない,"物真似ばかりだから
",どちらともいえない,"無し
",特に効果は期待できない,,治安の悪化,,"観光スポットを結ぶ交通機関, 観光スポットの案内板や標識（多言語表示）, トイレ・休憩所等の整備及びユニバーサル化, 駐車場",1,1,観光地が少ないからです。,3,もう、良いです。,5,,70歳以上,男性
福井市,そう思う,観光客が増えたから,そう思う,東京へ行きやすくなったから,ややそう思う,,あまりそうは思わない,,そう思う,,どちらともいえない,,どちらかと言えば好ましい,,"観光客の消費によって飲食業や宿泊業が潤う, 波及効果により他の地場産業が活気づく, 地域の知名度が上がる",,"騒音やごみの増加, 交通渋滞や路上駐車などの交通環境の悪化, 治安の悪化",,"観光スポットを結ぶ交通機関, 観光イベント, 駐車場",3,3,,5,,5,,40～49歳,男性
坂井市,あまりそうは思わない,,そうは思わない,,そう思う,,そう思う,,とてもそう思う,,どちらともいえない,,とても好ましい,,"観光客の消費によって飲食業や宿泊業が潤う, まちに賑わいが生まれる, 波及効果により他の地場産業が活気づく, 地域の知名度が上がる",,"騒音やごみの増加, 交通渋滞や路上駐車などの交通環境の悪化, 治安の悪化",,"観光スポットを結ぶ交通機関, 観光イベント, 飲食施設, 宿泊施設、土産物屋",1,3,,7,,5,,40～49歳,女性
あわら市,あまりそうは思わない,なにも変化がない,あまりそうは思わない,不便になった,ややそう思う,嬉しそうに利用されている家族をみかける,そう思う,福井県のアピール,ややそう思う,温泉、自然、歴史、そして恐竜があるから,どちらかといえば評価している,出向宣伝で福井のアピールがすごい,好ましい,福井県が繁栄する,"観光客の消費によって飲食業や宿泊業が潤う, まちに賑わいが生まれる, 地域の知名度が上がる",すこしでも活気があるほうがよい,その他,夜の飲食店でのトラブル,"観光スポットを結ぶ交通機関, 飲食施設",3,4,空気がきれい。緑が多い。,8,住むうえではいごこちがよい,7,人口が減ってきたいるのでその分いろいかかりそう,50～59歳,女性
福井市,そう思う,福井駅周辺の賑わいにつながったと思う。,そう思う,東京へ行きやすくなった。,そう思う,観光は経済効果が大きいと思うから。,とてもそう思う,福井の良さを知って帰ってほしいから。,そう思う,魅力的な自然や食べ物や文化があるから。,どちらかといえば評価している,観光振興の取り組みについてあまり知らない。,好ましい,まちに賑わいが生まれてうれしい。,"観光客の消費によって飲食業や宿泊業が潤う, まちに賑わいが生まれる, 波及効果により他の地場産業が活気づく",観光客による経済効果は大きいと思うから。,"交通渋滞や路上駐車などの交通環境の悪化, 治安の悪化",外国人や文化や価値観の違う人が増えることで、治安の悪化やマナー違反が心配。,"観光スポットを結ぶ交通機関, 観光スポットの案内板や標識（多言語表示）, 駐車場",4,4,美味しいお店がたくさんあるから。,9,特に不便なく楽しく暮らしているから。,9,変わらず住みやすい町であると思うから。,30～39歳,女性
鯖江市,あまりそうは思わない,眼鏡、漆塗り等の鯖江での状況は不明ですが、上記の回答,ややそう思う,何らかの形で人が増え、経済?の好影響より暮らしやすくなりそうな期待,そう思う,越前町出身よりカニ、及び観光への好影響期待,そう思う,福井らしさを全面に出し、好印象を与える,とてもそう思う,観光地域、施設、食文化を大切に,どちらかといえば評価している,"はっきり目に見えた印象がないことより
",とても好ましい,今までより行きつらくなるが、地域の発展につながればよい,"観光客の消費によって飲食業や宿泊業が潤う, まちに賑わいが生まれる, 波及効果により他の地場産業が活気づく, 地域の知名度が上がる, 観光客との交流が生まれる, 歴史文化資源の保存活用につながる, 移住・定住のきっかけとなる, ガイドなど市民参加の場が広がる",,"騒音やごみの増加, 交通渋滞や路上駐車などの交通環境の悪化",,"観光スポットを結ぶ交通機関, 観光スポットの案内板や標識（多言語表示）, トイレ・休憩所等の整備及びユニバーサル化, 観光イベント, 障害者や高齢者への配慮（バリアフリー）, 観光マップやパンフレット, 飲食施設, 宿泊施設、土産物屋, 観光案内所、観光ガイド, 駐車場",4,4,,7,,8,,60～69歳,男性
